p,y,exposure,pay_1,limit_bal,util_1,decile,risk_band,predicted_loss
0.015498,0,78331,0,510000,0.1536,1,0-5%,1213.973838
0.018451,1,135437,0,260000,0.5209,1,0-5%,2498.9480869999998
0.018646,0,12178,-2,150000,0.0812,1,0-5%,227.070988
0.019432,0,34669,0,560000,0.0619,1,0-5%,673.6880080000001
0.019931,0,55241,0,380000,0.1454,1,0-5%,1101.0083710000001
0.020015,0,105582,0,420000,0.2514,1,0-5%,2113.22373
0.020472,1,45106,-2,500000,0.0902,1,0-5%,923.410032
0.020566,0,105286,-2,480000,0.2193,1,0-5%,2165.311876
0.020693,0,146124,0,520000,0.281,1,0-5%,3023.743932
0.020768,0,25079,-1,380000,0.066,1,0-5%,520.8406719999999
0.02085,0,18768,0,330000,0.0569,1,0-5%,391.3128
0.021397,0,44734,0,230000,0.1945,1,0-5%,957.173398
0.021567,0,65354,0,390000,0.1676,1,0-5%,1409.489718
0.021889,0,149545,0,230000,0.6502,1,0-5%,3273.390505
0.022466,0,22443,-2,300000,0.0748,1,0-5%,504.204438
0.022503,0,85292,0,340000,0.2509,1,0-5%,1919.3258759999999
0.023064,0,76996,-1,260000,0.2961,1,0-5%,1775.835744
0.023271,0,20641,-1,500000,0.0413,1,0-5%,480.336711
0.023287,0,31400,-1,620000,0.0506,1,0-5%,731.2117999999999
0.023367,0,78928,0,290000,0.2722,1,0-5%,1844.3105759999999
0.023416,0,58308,0,490000,0.119,1,0-5%,1365.340128
0.023456,0,42189,-1,300000,0.1406,1,0-5%,989.585184
0.023544,0,121603,0,300000,0.4053,1,0-5%,2863.0210319999996
0.023766,0,172041,-1,500000,0.3441,1,0-5%,4088.7264059999998
0.023774,0,85107,0,210000,0.4053,1,0-5%,2023.333818
0.023827,0,206766,0,500000,0.4135,1,0-5%,4926.613482
0.02419,0,12818,-1,450000,0.0285,1,0-5%,310.06741999999997
0.024205,0,37096,0,380000,0.0976,1,0-5%,897.90868
0.024254,0,73214,0,330000,0.2219,1,0-5%,1775.732356
0.024317,0,97832,-2,500000,0.1957,1,0-5%,2378.980744
0.024321,0,20938,-2,450000,0.0465,1,0-5%,509.233098
0.024368,0,58389,0,360000,0.1622,1,0-5%,1422.823152
0.024386,0,48938,-1,400000,0.1223,1,0-5%,1193.402068
0.024715,0,58312,-1,460000,0.1268,1,0-5%,1441.18108
0.02477,0,82735,0,410000,0.2018,1,0-5%,2049.34595
0.025039,0,25370,-2,300000,0.0846,1,0-5%,635.23943
0.025095,0,44500,-1,320000,0.1391,1,0-5%,1116.7275
0.025134,0,19543,0,500000,0.0391,1,0-5%,491.193762
0.025198,0,122838,0,300000,0.4095,1,0-5%,3095.271924
0.025326,0,17196,0,150000,0.1146,1,0-5%,435.505896
0.025578,0,19629,-2,420000,0.0467,1,0-5%,502.070562
0.025704,0,28852,-1,500000,0.0577,1,0-5%,741.611808
0.02573,0,36108,0,130000,0.2778,1,0-5%,929.05884
0.025751,0,55197,0,230000,0.24,1,0-5%,1421.377947
0.025787,0,28352,-1,500000,0.0567,1,0-5%,731.113024
0.025848,0,73215,0,250000,0.2929,1,0-5%,1892.46132
0.026019,0,33808,0,390000,0.0867,1,0-5%,879.650352
0.026049,0,33654,-1,360000,0.0935,1,0-5%,876.653046
0.026093,0,193083,0,500000,0.3862,1,0-5%,5038.114719
0.026094,0,186610,-2,500000,0.3732,1,0-5%,4869.401339999999
0.026165,0,26679,-1,280000,0.0953,1,0-5%,698.0560350000001
0.026296,0,10747,0,240000,0.0448,1,0-5%,282.603112
0.026471,0,26930,-2,400000,0.0673,1,0-5%,712.8640300000001
0.026485,0,42524,-1,360000,0.1181,1,0-5%,1126.2481400000001
0.02652,0,22921,-1,600000,0.0382,1,0-5%,607.86492
0.026707,0,56050,0,260000,0.2156,1,0-5%,1496.9273500000002
0.026888,0,41305,-1,400000,0.1033,1,0-5%,1110.6088399999999
0.026934,0,3385,-1,110000,0.0308,1,0-5%,91.17159
0.026978,0,197004,0,500000,0.394,1,0-5%,5314.773912
0.027258,0,62774,0,430000,0.146,1,0-5%,1711.0936920000001
0.027275,0,6093,-1,200000,0.0305,1,0-5%,166.186575
0.027304,0,8574,0,280000,0.0306,1,0-5%,234.10449599999998
0.027306,0,218570,-1,500000,0.4371,1,0-5%,5968.27242
0.027332,0,33647,-2,500000,0.0673,1,0-5%,919.6398039999999
0.027478,0,29906,0,310000,0.0965,1,0-5%,821.757068
0.027761,0,12451,-2,530000,0.0235,1,0-5%,345.652211
0.027899,0,48729,-1,300000,0.1624,1,0-5%,1359.490371
0.02795,0,112118,0,380000,0.295,1,0-5%,3133.6981
0.027976,0,27089,-1,310000,0.0874,1,0-5%,757.841864
0.028085,0,35211,0,260000,0.1354,1,0-5%,988.900935
0.028334,0,9083,-1,400000,0.0227,1,0-5%,257.357722
0.028389,0,38483,0,140000,0.2749,1,0-5%,1092.493887
0.028454,0,33078,0,260000,0.1272,1,0-5%,941.201412
0.028466,0,144430,-2,500000,0.2889,1,0-5%,4111.3443800000005
0.028537,0,14889,-2,400000,0.0372,1,0-5%,424.887393
0.028679,0,52079,0,260000,0.2003,1,0-5%,1493.573641
0.028776,0,81740,0,360000,0.2271,1,0-5%,2352.15024
0.028856,0,41051,-1,300000,0.1368,1,0-5%,1184.567656
0.02887,0,39105,0,260000,0.1504,1,0-5%,1128.96135
0.028929,0,161716,0,500000,0.3234,1,0-5%,4678.282164
0.029048,0,92076,0,240000,0.3836,1,0-5%,2674.6236480000002
0.029146,0,53748,-1,210000,0.2559,1,0-5%,1566.539208
0.029166,0,44986,0,380000,0.1184,1,0-5%,1312.061676
0.029203,0,323085,0,570000,0.5668,1,0-5%,9435.051255
0.029274,0,5106,-2,260000,0.0196,1,0-5%,149.47304400000002
0.029274,0,11085,-1,130000,0.0853,1,0-5%,324.50229
0.029284,0,212948,0,470000,0.4531,1,0-5%,6235.969232
0.029313,0,72546,0,220000,0.3298,1,0-5%,2126.5408979999997
0.029332,0,131519,0,500000,0.263,1,0-5%,3857.7153080000003
0.029402,0,11983,-1,310000,0.0387,1,0-5%,352.324166
0.029486,0,68943,0,380000,0.1814,1,0-5%,2032.853298
0.029489,0,11354,-2,500000,0.0227,1,0-5%,334.818106
0.029598,0,49201,0,500000,0.0984,1,0-5%,1456.251198
0.029607,0,14887,0,230000,0.0647,1,0-5%,440.759409
0.029699,0,29112,-2,480000,0.0606,1,0-5%,864.5972879999999
0.029726,0,185882,0,420000,0.4426,1,0-5%,5525.528332
0.029754,0,173252,0,380000,0.4559,1,0-5%,5154.940008
0.029858,1,34515,0,300000,0.115,1,0-5%,1030.54887
0.029896,0,28534,0,230000,0.1241,1,0-5%,853.052464
0.029918,0,91806,-1,380000,0.2416,1,0-5%,2746.651908
0.029941,0,14087,-1,340000,0.0414,1,0-5%,421.778867
0.030064,0,56197,0,500000,0.1124,1,0-5%,1689.506608
0.030086,0,35688,-2,150000,0.2379,1,0-5%,1073.709168
0.030126,0,27338,0,150000,0.1823,1,0-5%,823.584588
0.030128,0,42081,0,500000,0.0842,1,0-5%,1267.816368
0.030181,0,72083,0,470000,0.1534,1,0-5%,2175.537023
0.030188,0,24081,-1,360000,0.0669,1,0-5%,726.957228
0.03023,0,38564,0,200000,0.1928,1,0-5%,1165.78972
0.030389,0,27784,0,200000,0.1389,1,0-5%,844.327976
0.030406,0,22186,-1,420000,0.0528,1,0-5%,674.5875159999999
0.030536,0,33400,0,230000,0.1452,1,0-5%,1019.9024000000001
0.030679,0,31689,-1,180000,0.1761,1,0-5%,972.1868310000001
0.03071,0,45818,0,390000,0.1175,1,0-5%,1407.07078
0.030773,0,88948,0,420000,0.2118,1,0-5%,2737.1968039999997
0.030816,0,34639,0,500000,0.0693,1,0-5%,1067.435424
0.030839,0,83393,-1,350000,0.2383,1,0-5%,2571.756727
0.030849,0,101987,0,420000,0.2428,1,0-5%,3146.1969630000003
0.030895,0,124281,0,220000,0.5649,1,0-5%,3839.661495
0.030908,0,85672,-1,210000,0.408,1,0-5%,2647.9501760000003
0.030914,0,111409,0,430000,0.2591,1,0-5%,3444.097826
0.030926,0,57956,-1,350000,0.1656,1,0-5%,1792.347256
0.031104,0,29227,-1,320000,0.0913,1,0-5%,909.076608
0.031152,0,22681,0,290000,0.0782,1,0-5%,706.558512
0.031171,0,51133,0,260000,0.1967,1,0-5%,1593.866743
0.031223,0,19030,-2,220000,0.0865,1,0-5%,594.17369
0.031318,0,47244,-2,200000,0.2362,1,0-5%,1479.5875919999999
0.03133,0,13000,-2,500000,0.026,1,0-5%,407.28999999999996
0.031389,0,21203,-1,460000,0.0461,1,0-5%,665.540967
0.031552,0,43694,0,250000,0.1748,1,0-5%,1378.6330879999998
0.031603,0,27318,-1,500000,0.0546,1,0-5%,863.330754
0.031612,0,41428,0,430000,0.0963,1,0-5%,1309.621936
0.031699,0,63273,-1,260000,0.2434,1,0-5%,2005.690827
0.031736,0,30691,0,310000,0.099,1,0-5%,974.009576
0.031757,0,43733,0,340000,0.1286,1,0-5%,1388.828881
0.031799,0,96814,0,160000,0.6051,1,0-5%,3078.588386
0.031834,0,8590,-1,240000,0.0358,1,0-5%,273.45406
0.031935,0,65265,-1,210000,0.3108,1,0-5%,2084.237775
0.03198,0,5619,-2,480000,0.0117,1,0-5%,179.69562000000002
0.032,0,22839,-2,250000,0.0914,1,0-5%,730.8480000000001
0.032012,0,21012,-1,400000,0.0525,1,0-5%,672.636144
0.032054,0,207237,0,500000,0.4145,1,0-5%,6642.7747979999995
0.032099,0,113308,0,300000,0.3777,1,0-5%,3637.0734920000004
0.032196,0,23396,-1,230000,0.1017,1,0-5%,753.2576160000001
0.032293,0,30535,-2,450000,0.0679,1,0-5%,986.0667550000001
0.032298,0,49549,0,330000,0.1501,1,0-5%,1600.333602
0.032357,0,132514,0,330000,0.4016,1,0-5%,4287.7554979999995
0.032384,0,39664,0,280000,0.1417,1,0-5%,1284.478976
0.03246,0,41906,-1,200000,0.2095,1,0-5%,1360.2687600000002
0.032522,0,100026,0,460000,0.2174,1,0-5%,3253.0455720000004
0.032537,0,14149,-1,150000,0.0943,1,0-5%,460.36601300000007
0.032575,0,29449,-1,100000,0.2945,1,0-5%,959.301175
0.032575,0,156021,0,490000,0.3184,1,0-5%,5082.384075
0.032648,0,150758,-1,500000,0.3015,1,0-5%,4921.947184000001
0.032664,0,56477,0,220000,0.2567,1,0-5%,1844.7647279999999
0.032733,0,106540,0,310000,0.3437,1,0-5%,3487.37382
0.032797,0,7429,-1,200000,0.0371,1,0-5%,243.648913
0.032869,0,26214,0,390000,0.0672,1,0-5%,861.627966
0.032957,0,10140,-1,200000,0.0507,1,0-5%,334.18398
0.032982,0,25078,-1,360000,0.0697,1,0-5%,827.1225959999999
0.033023,0,52693,0,110000,0.479,1,0-5%,1740.080939
0.0332,0,18727,-2,170000,0.1102,1,0-5%,621.7364
0.03328,0,91109,0,170000,0.5359,1,0-5%,3032.1075199999996
0.03348,0,345053,0,430000,0.8024,1,0-5%,11552.374440000001
0.033484,0,11589,-1,150000,0.0773,1,0-5%,388.04607599999997
0.033628,0,16878,0,150000,0.1125,1,0-5%,567.5733839999999
0.033722,0,219419,0,240000,0.9142,1,0-5%,7399.247518
0.033732,0,13765,-2,200000,0.0688,1,0-5%,464.32097999999996
0.033781,0,16173,-2,350000,0.0462,1,0-5%,546.340113
0.033955,0,52593,0,220000,0.2391,1,0-5%,1785.7953149999998
0.034048,0,229332,0,500000,0.4587,1,0-5%,7808.295936
0.034058,0,83415,0,350000,0.2383,1,0-5%,2840.94807
0.034216,0,64378,0,150000,0.4292,1,0-5%,2202.7576480000002
0.034235,0,262613,0,320000,0.8207,1,0-5%,8990.556055000001
0.034331,0,131939,0,420000,0.3141,1,0-5%,4529.597809
0.034406,0,10804,-2,220000,0.0491,1,0-5%,371.722424
0.034454,0,10608,-2,290000,0.0366,1,0-5%,365.488032
0.034663,0,29206,-1,180000,0.1623,1,0-5%,1012.367578
0.034685,0,76215,0,150000,0.5081,1,0-5%,2643.517275
0.034986,0,30179,0,400000,0.0754,1,0-5%,1055.842494
0.035045,0,17397,-1,290000,0.06,1,0-5%,609.677865
0.03521,1,233413,0,420000,0.5557,1,0-5%,8218.47173
0.03521,0,9122,-1,100000,0.0912,1,0-5%,321.18562
0.035288,0,137009,0,210000,0.6524,1,0-5%,4834.773592
0.035381,0,16558,-1,500000,0.0331,1,0-5%,585.838598
0.035471,0,20452,-2,340000,0.0602,1,0-5%,725.452892
0.035489,0,15050,0,500000,0.0301,1,0-5%,534.10945
0.035575,0,77795,0,170000,0.4576,1,0-5%,2767.5571250000003
0.035626,0,36370,0,160000,0.2273,1,0-5%,1295.71762
0.035662,0,181212,-1,350000,0.5177,1,0-5%,6462.382344
0.035703,0,50055,-2,180000,0.2781,1,0-5%,1787.1136649999999
0.035711,0,18336,0,240000,0.0764,1,0-5%,654.796896
0.035799,0,28555,0,500000,0.0571,1,0-5%,1022.2404449999999
0.035822,0,62204,0,140000,0.4443,1,0-5%,2228.271688
0.035907,0,57707,0,420000,0.1374,1,0-5%,2072.085249
0.035931,1,22109,-2,150000,0.1474,1,0-5%,794.398479
0.035981,0,21395,0,130000,0.1646,1,0-5%,769.813495
0.036267,0,189460,0,490000,0.3867,1,0-5%,6871.14582
0.036297,0,3581,-1,420000,0.0085,1,0-5%,129.979557
0.036404,0,16347,0,500000,0.0327,1,0-5%,595.096188
0.036417,0,11806,-1,340000,0.0347,1,0-5%,429.939102
0.036509,0,11060,-1,500000,0.0221,1,0-5%,403.78954
0.036645,0,5000,-1,80000,0.0625,1,0-5%,183.225
0.036681,0,114287,0,360000,0.3175,1,0-5%,4192.1614469999995
0.036934,0,99931,0,470000,0.2126,1,0-5%,3690.8515540000003
0.036994,0,32282,0,500000,0.0646,1,0-5%,1194.240308
0.037077,0,7622,-2,400000,0.0191,1,0-5%,282.600894
0.037103,0,181224,0,470000,0.3856,1,0-5%,6723.9540719999995
0.037129,0,70243,0,160000,0.439,1,0-5%,2608.0523470000003
0.03729,0,23052,-2,400000,0.0576,1,0-5%,859.60908
0.037329,0,9646,-1,320000,0.0301,1,0-5%,360.075534
0.037393,0,70309,0,730000,0.0963,1,0-5%,2629.064437
0.037398,1,11973,-1,300000,0.0399,1,0-5%,447.766254
0.037425,0,25530,0,290000,0.088,1,0-5%,955.46025
0.037479,0,25343,0,270000,0.0939,1,0-5%,949.830297
0.037575,1,8922,-1,120000,0.0744,1,0-5%,335.24415
0.037598,0,35213,-1,150000,0.2348,1,0-5%,1323.938374
0.037617,0,59366,-2,80000,0.7421,1,0-5%,2233.170822
0.037626,0,1662,-2,210000,0.0079,1,0-5%,62.534411999999996
0.037626,0,70219,0,280000,0.2508,1,0-5%,2642.060094
0.03764,0,155493,0,300000,0.5183,1,0-5%,5852.75652
0.037675,1,36106,0,220000,0.1641,1,0-5%,1360.29355
0.037847,0,7189,0,410000,0.0175,1,0-5%,272.082083
0.037871,0,35420,0,350000,0.1012,1,0-5%,1341.39082
0.037891,0,21570,-1,160000,0.1348,1,0-5%,817.3088700000001
0.037896,0,8527,-1,280000,0.0305,1,0-5%,323.139192
0.037992,0,100333,0,420000,0.2389,1,0-5%,3811.8513359999997
0.038,0,73953,0,270000,0.2739,1,0-5%,2810.214
0.038045,0,17074,0,270000,0.0632,1,0-5%,649.58033
0.038075,0,208353,0,490000,0.4252,1,0-5%,7933.040475
0.038091,1,27695,-1,80000,0.3462,1,0-5%,1054.930245
0.038099,0,247280,0,290000,0.8527,1,0-5%,9421.12072
0.038196,0,147300,0,230000,0.6404,1,0-5%,5626.2708
0.038196,0,16150,0,260000,0.0621,1,0-5%,616.8654
0.038387,0,50376,-1,350000,0.1439,1,0-5%,1933.783512
0.038476,0,374776,-1,500000,0.7496,1,0-5%,14419.881376000001
0.038539,0,15220,0,170000,0.0895,1,0-5%,586.56358
0.038587,0,144376,0,270000,0.5347,1,0-5%,5571.036712
0.03872,0,777,1,200000,0.0039,1,0-5%,30.08544
0.038736,0,9164,-2,150000,0.0611,1,0-5%,354.976704
0.038745,0,58076,0,500000,0.1162,1,0-5%,2250.1546200000003
0.038757,0,458863,1,500000,0.9177,1,0-5%,17784.153291
0.038854,0,28598,0,310000,0.0923,1,0-5%,1111.146692
0.038888,0,2563,-2,210000,0.0122,1,0-5%,99.669944
0.038892,0,49608,0,80000,0.6201,1,0-5%,1929.354336
0.03894,0,46758,0,320000,0.1461,1,0-5%,1820.7565200000001
0.039023,0,10929,-2,500000,0.0219,1,0-5%,426.482367
0.039087,0,138834,0,260000,0.534,1,0-5%,5426.604558
0.039205,0,54408,0,440000,0.1237,1,0-5%,2133.06564
0.039235,0,7220,0,100000,0.0722,1,0-5%,283.2767
0.039275,0,8193,0,310000,0.0264,1,0-5%,321.78007499999995
0.03928,0,98736,0,180000,0.5485,1,0-5%,3878.35008
0.039454,0,198954,0,410000,0.4853,1,0-5%,7849.531116000001
0.039488,0,100064,0,140000,0.7147,1,0-5%,3951.327232
0.039591,0,13331,-2,500000,0.0267,1,0-5%,527.7876210000001
0.03963,0,4689,-2,400000,0.0117,1,0-5%,185.82506999999998
0.039642,0,6346,-1,390000,0.0163,1,0-5%,251.568132
0.039651,0,62854,0,150000,0.419,1,0-5%,2492.223954
0.039701,0,55758,-1,290000,0.1923,1,0-5%,2213.648358
0.039867,0,140809,-1,290000,0.4855,1,0-5%,5613.632403
0.039991,0,35117,-1,240000,0.1463,1,0-5%,1404.363947
0.040003,0,59373,0,200000,0.2969,1,0-5%,2375.0981189999998
0.040013,0,154386,0,260000,0.5938,1,0-5%,6177.447018
0.040047,0,6757,-2,500000,0.0135,1,0-5%,270.597579
0.040068,0,116861,0,250000,0.4674,1,0-5%,4682.3865479999995
0.040098,0,329570,0,500000,0.6591,1,0-5%,13215.09786
0.040197,0,87313,0,370000,0.236,1,0-5%,3509.720661
0.040219,0,172772,0,310000,0.5573,1,0-5%,6948.717068
0.040235,0,14480,-1,180000,0.0804,1,0-5%,582.6028
0.040242,0,19660,-1,400000,0.0492,1,0-5%,791.15772
0.040302,0,22988,-2,470000,0.0489,1,0-5%,926.462376
0.040315,0,166917,0,330000,0.5058,1,0-5%,6729.258854999999
0.040425,0,12163,0,130000,0.0936,1,0-5%,491.689275
0.04043,0,3042,-2,150000,0.0203,1,0-5%,122.98806
0.040433,0,15220,-2,240000,0.0634,1,0-5%,615.3902599999999
0.040434,0,3826,-1,150000,0.0255,1,0-5%,154.700484
0.040583,0,12865,-1,360000,0.0357,1,0-5%,522.100295
0.040659,0,10000,-1,520000,0.0192,1,0-5%,406.59000000000003
0.04068,0,10000,-1,180000,0.0556,1,0-5%,406.8
0.040725,0,20699,0,170000,0.1218,1,0-5%,842.966775
0.040731,0,13340,-1,210000,0.0635,1,0-5%,543.35154
0.04074,0,12839,-2,380000,0.0338,1,0-5%,523.0608599999999
0.040744,0,13060,-1,120000,0.1088,1,0-5%,532.1166400000001
0.040905,0,58081,0,140000,0.4149,1,0-5%,2375.803305
0.040927,0,48998,0,320000,0.1531,1,0-5%,2005.341146
0.04098,0,3983,-2,390000,0.0102,1,0-5%,163.22334
0.041022,0,31299,0,80000,0.3912,1,0-5%,1283.947578
0.041047,0,14638,-1,480000,0.0305,1,0-5%,600.845986
0.04116,0,146183,0,320000,0.4568,1,0-5%,6016.89228
0.04117,0,84672,0,470000,0.1802,1,0-5%,3485.9462399999998
0.041175,0,113529,0,310000,0.3662,1,0-5%,4674.5565750000005
0.041181,0,74955,0,310000,0.2418,1,0-5%,3086.7218550000002
0.041206,0,17332,0,180000,0.0963,1,0-5%,714.1823919999999
0.041208,0,82831,-1,200000,0.4142,1,0-5%,3413.299848
0.041257,0,116714,0,640000,0.1824,1,0-5%,4815.269498000001
0.041257,1,30625,-1,350000,0.0875,1,0-5%,1263.495625
0.041318,0,95719,0,400000,0.2393,1,0-5%,3954.917642
0.041332,0,10260,0,400000,0.0256,1,0-5%,424.06632
0.041334,0,10836,-1,320000,0.0339,1,0-5%,447.89522400000004
0.041398,0,137122,0,230000,0.5962,1,0-5%,5676.576556
0.041458,0,179547,0,450000,0.399,1,0-5%,7443.659526
0.041525,0,62951,0,300000,0.2098,1,0-5%,2614.040275
0.041549,0,11765,-2,500000,0.0235,1,0-5%,488.82398500000005
0.041565,0,7886,-2,290000,0.0272,1,0-5%,327.78159
0.041574,0,98974,-1,200000,0.4949,1,0-5%,4114.745076
0.041635,0,76910,-2,140000,0.5494,1,0-5%,3202.14785
0.041703,0,71149,0,230000,0.3093,1,0-5%,2967.126747
0.041736,0,33687,-1,280000,0.1203,1,0-5%,1405.960632
0.041739,0,60819,0,390000,0.1559,1,0-5%,2538.524241
0.04174,0,10415,-2,120000,0.0868,1,0-5%,434.7221
0.0418,0,80220,0,150000,0.5348,1,0-5%,3353.196
0.041849,0,20708,0,80000,0.2589,1,0-5%,866.6090919999999
0.041849,0,23234,-1,290000,0.0801,1,0-5%,972.319666
0.041859,0,65958,0,420000,0.157,1,0-5%,2760.935922
0.041927,0,26465,0,250000,0.1059,1,0-5%,1109.598055
0.041985,0,13145,-1,200000,0.0657,1,0-5%,551.892825
0.042011,0,8526,-2,350000,0.0244,1,0-5%,358.185786
0.042047,0,50735,0,440000,0.1153,1,0-5%,2133.2545450000002
0.042052,0,147051,0,300000,0.4902,1,0-5%,6183.788652
0.042116,0,166037,0,280000,0.593,1,0-5%,6992.814292
0.042263,0,48872,0,270000,0.181,1,0-5%,2065.477336
0.042267,0,10190,-1,230000,0.0443,1,0-5%,430.70072999999996
0.042301,0,61089,0,100000,0.6109,1,0-5%,2584.1257889999997
0.042302,0,96910,0,200000,0.4846,1,0-5%,4099.48682
0.042328,0,4617,-1,340000,0.0136,1,0-5%,195.428376
0.04243,0,58281,0,290000,0.201,1,0-5%,2472.86283
0.04243,0,271115,1,500000,0.5422,1,0-5%,11503.409450000001
0.042459,0,89909,0,170000,0.5289,1,0-5%,3817.446231
0.042517,0,17360,-1,500000,0.0347,1,0-5%,738.09512
0.042573,0,68452,0,370000,0.185,1,0-5%,2914.206996
0.042592,0,19107,-1,490000,0.039,1,0-5%,813.805344
0.042594,1,170812,0,470000,0.3634,1,0-5%,7275.566328
0.042594,0,68032,0,360000,0.189,1,0-5%,2897.755008
0.042628,0,14026,0,290000,0.0484,1,0-5%,597.900328
0.042641,0,25184,0,140000,0.1799,1,0-5%,1073.870944
0.042641,0,12696,-2,230000,0.0552,1,0-5%,541.370136
0.042691,0,6518,-2,210000,0.031,1,0-5%,278.259938
0.042693,0,96169,0,360000,0.2671,1,0-5%,4105.743117
0.042696,0,11026,-2,150000,0.0735,1,0-5%,470.766096
0.042761,0,60654,0,270000,0.2246,1,0-5%,2593.625694
0.042779,0,102802,0,150000,0.6853,1,0-5%,4397.766758
0.042889,0,64062,0,230000,0.2785,1,0-5%,2747.5551179999998
0.042993,0,83514,-1,390000,0.2141,1,0-5%,3590.5174020000004
0.043,0,37342,-1,470000,0.0795,1,0-5%,1605.706
0.04306,0,101431,0,200000,0.5072,1,0-5%,4367.6188600000005
0.043062,0,74235,0,210000,0.3535,1,0-5%,3196.70757
0.04308,0,109746,0,290000,0.3784,1,0-5%,4727.85768
0.043109,0,16496,0,260000,0.0634,1,0-5%,711.126064
0.043121,0,70887,0,250000,0.2835,1,0-5%,3056.718327
0.043141,0,112789,0,400000,0.282,1,0-5%,4865.830249
0.0432,0,23427,-1,150000,0.1562,1,0-5%,1012.0464000000001
0.043348,0,37070,0,450000,0.0824,1,0-5%,1606.9103599999999
0.043425,0,113872,0,260000,0.438,1,0-5%,4944.8916
0.04344,0,54914,0,270000,0.2034,1,0-5%,2385.46416
0.043517,0,74418,0,200000,0.3721,1,0-5%,3238.448106
0.043562,0,26557,0,210000,0.1265,1,0-5%,1156.876034
0.043592,0,16995,0,260000,0.0654,1,0-5%,740.84604
0.043717,0,75122,0,320000,0.2348,1,0-5%,3284.108474
0.043722,0,8195,-1,360000,0.0228,1,0-5%,358.30179
0.043769,0,122423,0,260000,0.4709,1,0-5%,5358.332287
0.043779,0,67336,0,430000,0.1566,1,0-5%,2947.902744
0.043834,0,7914,-2,350000,0.0226,1,0-5%,346.902276
0.043885,0,11494,-1,200000,0.0575,1,0-5%,504.41419
0.043914,0,146130,0,280000,0.5219,1,0-5%,6417.15282
0.043922,0,242168,0,300000,0.8072,1,0-5%,10636.502896
0.043941,0,1391,-1,320000,0.0043,1,0-5%,61.121931000000004
0.043954,0,26158,0,300000,0.0872,1,0-5%,1149.748732
0.044036,0,31090,0,210000,0.148,1,0-5%,1369.07924
0.044144,0,30860,0,360000,0.0857,1,0-5%,1362.28384
0.044153,0,58322,0,150000,0.3888,1,0-5%,2575.091266
0.044247,0,10072,-2,360000,0.028,1,0-5%,445.65578400000004
0.044368,0,234957,0,500000,0.4699,1,0-5%,10424.572176
0.044386,0,7967,-1,260000,0.0306,1,0-5%,353.623262
0.044491,0,87604,0,220000,0.3982,1,0-5%,3897.5895640000003
0.044574,0,24434,0,420000,0.0582,1,0-5%,1089.121116
0.044578,0,147440,0,320000,0.4608,1,0-5%,6572.58032
0.044632,0,16007,0,80000,0.2001,1,0-5%,714.4244239999999
0.044638,0,176294,0,400000,0.4407,1,0-5%,7869.411571999999
0.044678,0,120533,0,360000,0.3348,1,0-5%,5385.173374
0.044706,0,59728,0,410000,0.1457,1,0-5%,2670.1999680000004
0.044772,0,2892,-1,300000,0.0096,1,0-5%,129.480624
0.044817,0,8494,-2,450000,0.0189,1,0-5%,380.67559800000004
0.04482,0,111295,0,230000,0.4839,1,0-5%,4988.2419
0.044843,0,11646,0,360000,0.0323,1,0-5%,522.241578
0.04485,0,50695,0,80000,0.6337,1,0-5%,2273.67075
0.044853,0,23216,-1,230000,0.1009,1,0-5%,1041.3072479999998
0.044876,0,98709,0,290000,0.3404,1,0-5%,4429.665084
0.04495,0,0,-2,300000,-0.0041,1,0-5%,0.0
0.045016,0,19518,0,230000,0.0849,1,0-5%,878.622288
0.045113,0,15321,-2,200000,0.0766,1,0-5%,691.176273
0.045187,0,33758,0,500000,0.0675,1,0-5%,1525.422746
0.045193,0,33109,0,230000,0.144,1,0-5%,1496.2950369999999
0.045231,0,31235,0,60000,0.5206,1,0-5%,1412.790285
0.045261,0,16366,0,180000,0.0909,1,0-5%,740.741526
0.045264,0,106600,0,270000,0.3948,1,0-5%,4825.1424
0.045351,0,122825,0,260000,0.4724,1,0-5%,5570.236575
0.045389,0,12181,-1,240000,0.0508,1,0-5%,552.883409
0.045402,0,80928,0,300000,0.2698,1,0-5%,3674.293056
0.045411,0,206461,0,320000,0.6452,1,0-5%,9375.600471
0.045412,0,104457,0,450000,0.2321,1,0-5%,4743.601284
0.045423,0,34592,0,230000,0.1504,1,0-5%,1571.272416
0.045441,0,83756,0,310000,0.2702,1,0-5%,3805.956396
0.045442,0,9658,-1,270000,0.0358,1,0-5%,438.87883600000004
0.045443,0,100740,0,280000,0.3598,1,0-5%,4577.92782
0.045454,0,3580,-1,500000,0.0072,1,0-5%,162.72532
0.045485,1,12842,-1,200000,0.0642,1,0-5%,584.1183699999999
0.045552,0,159633,0,280000,0.5701,1,0-5%,7271.602416000001
0.045566,0,8837,-1,200000,0.0442,1,0-5%,402.666742
0.045611,1,29862,-2,320000,0.0933,1,0-5%,1362.035682
0.045773,0,14254,0,200000,0.0713,1,0-5%,652.448342
0.045836,0,253767,0,500000,0.5075,1,0-5%,11631.664212
0.045839,0,177520,0,460000,0.3859,1,0-5%,8137.339279999999
0.045845,0,98727,0,250000,0.3949,1,0-5%,4526.139314999999
0.045845,0,103159,0,220000,0.4689,1,0-5%,4729.324355
0.045853,0,119628,-1,380000,0.3148,1,0-5%,5485.302683999999
0.045858,0,82691,0,280000,0.2953,1,0-5%,3792.0438780000004
0.045871,0,24523,0,150000,0.1635,1,0-5%,1124.8945330000001
0.045874,0,53309,-1,100000,0.5331,1,0-5%,2445.497066
0.045888,0,37030,0,160000,0.2314,1,0-5%,1699.23264
0.045895,0,8513,0,320000,0.0266,1,0-5%,390.704135
0.045975,0,66637,0,540000,0.1234,1,0-5%,3063.6360750000003
0.04598,0,3655,-1,480000,0.0076,1,0-5%,168.0569
0.046081,0,103109,0,250000,0.4124,1,0-5%,4751.365828999999
0.046125,0,85405,0,300000,0.2847,1,0-5%,3939.305625
0.046135,0,58719,0,300000,0.1957,1,0-5%,2709.001065
0.04622,0,46948,0,250000,0.1878,1,0-5%,2169.9365599999996
0.04623,0,89341,0,150000,0.5956,1,0-5%,4130.23443
0.046232,1,485298,0,520000,0.9333,1,0-5%,22436.297136
0.046359,0,66517,0,210000,0.3167,1,0-5%,3083.661603
0.04648,0,61606,0,150000,0.4107,1,0-5%,2863.44688
0.046493,0,135527,0,290000,0.4673,1,0-5%,6301.056811
0.046532,0,112528,0,390000,0.2885,1,0-5%,5236.152896
0.046546,0,59076,0,180000,0.3282,1,0-5%,2749.751496
0.046566,0,132250,0,360000,0.3674,1,0-5%,6158.3535
0.046593,0,162518,0,210000,0.7739,1,0-5%,7572.201174000001
0.046596,0,4543,-2,500000,0.0091,1,0-5%,211.68562799999998
0.046638,0,44834,0,310000,0.1446,1,0-5%,2090.968092
0.04666,0,4965,-2,80000,0.0621,1,0-5%,231.6669
0.046669,0,8521,-2,450000,0.0189,1,0-5%,397.66654900000003
0.046716,0,41977,-1,170000,0.2469,1,0-5%,1960.997532
0.046726,0,47550,0,200000,0.2378,1,0-5%,2221.8213
0.04681,0,80528,0,200000,0.4026,1,0-5%,3769.51568
0.046822,0,194380,0,340000,0.5717,1,0-5%,9101.26036
0.046864,0,33957,-2,90000,0.3773,1,0-5%,1591.360848
0.04688,0,5886,-1,370000,0.0159,1,0-5%,275.93568
0.046893,0,377249,0,710000,0.5313,1,0-5%,17690.337357
0.046921,0,10147,-1,500000,0.0203,1,0-5%,476.10738699999996
0.047016,0,55623,0,230000,0.2418,1,0-5%,2615.170968
0.047039,0,43643,0,500000,0.0873,1,0-5%,2052.923077
0.047088,0,17524,-1,90000,0.1947,1,0-5%,825.170112
0.047103,0,42140,0,210000,0.2007,1,0-5%,1984.92042
0.047131,0,39936,0,250000,0.1597,1,0-5%,1882.223616
0.047207,0,16228,-2,150000,0.1082,1,0-5%,766.075196
0.047212,0,58108,0,440000,0.1321,1,0-5%,2743.394896
0.047214,0,78335,0,500000,0.1567,1,0-5%,3698.50869
0.047217,0,58308,0,280000,0.2082,1,0-5%,2753.1288360000003
0.04729,0,10789,-1,500000,0.0216,1,0-5%,510.21181
0.047301,0,42617,0,210000,0.2029,1,0-5%,2015.8267170000001
0.047372,0,159919,0,150000,1.0661,1,0-5%,7575.682868
0.047436,1,8814,-1,280000,0.0315,1,0-5%,418.100904
0.047469,0,78200,0,290000,0.2697,1,0-5%,3712.0757999999996
0.047572,0,27967,0,240000,0.1165,1,0-5%,1330.446124
0.047615,0,1358,-1,460000,0.003,1,0-5%,64.66117
0.0477,0,64875,0,470000,0.138,1,0-5%,3094.5375
0.047733,0,52824,0,150000,0.3522,1,0-5%,2521.447992
0.04779,0,358020,0,500000,0.716,1,0-5%,17109.7758
0.047803,0,63504,0,260000,0.2442,1,0-5%,3035.681712
0.047863,0,18664,-2,500000,0.0373,1,0-5%,893.3150320000001
0.047993,0,69554,0,160000,0.4347,1,0-5%,3338.105122
0.048005,0,67940,0,310000,0.2192,1,0-5%,3261.4597
0.048022,0,19637,-2,350000,0.0561,1,0-5%,943.008014
0.048023,0,66859,0,190000,0.3519,1,0-5%,3210.769757
0.048059,0,178262,0,470000,0.3793,1,0-5%,8567.093458
0.048088,0,27869,-1,200000,0.1393,1,0-5%,1340.164472
0.048099,0,7488,-1,290000,0.0258,1,0-5%,360.16531200000003
0.048105,0,34084,0,400000,0.0852,1,0-5%,1639.61082
0.048113,0,37076,0,200000,0.1854,1,0-5%,1783.837588
0.048122,0,143345,0,230000,0.6232,1,0-5%,6898.048089999999
0.048147,0,268537,0,430000,0.6245,1,0-5%,12929.250939000001
0.048175,0,187336,0,250000,0.7493,1,0-5%,9024.9118
0.048192,0,47664,0,340000,0.1402,1,0-5%,2297.023488
0.048194,0,75847,-1,160000,0.474,1,0-5%,3655.370318
0.048231,0,139998,0,280000,0.5,1,0-5%,6752.243538000001
0.048244,0,13709,-2,500000,0.0274,1,0-5%,661.3769960000001
0.048251,0,144807,0,250000,0.5792,1,0-5%,6987.082557000001
0.048402,0,29363,-1,250000,0.1175,1,0-5%,1421.227926
0.048468,0,105786,0,300000,0.3526,1,0-5%,5127.235847999999
0.048473,0,138984,0,280000,0.4964,1,0-5%,6736.971432
0.048478,0,8030,-1,500000,0.0161,1,0-5%,389.27834
0.048501,0,174603,0,390000,0.4477,1,0-5%,8468.420103
0.04851,0,67648,0,350000,0.1933,1,0-5%,3281.60448
0.048588,0,19357,-1,300000,0.0645,1,0-5%,940.517916
0.048619,0,63701,-2,480000,0.1327,1,0-5%,3097.078919
0.048708,0,8578,0,120000,0.0715,1,0-5%,417.817224
0.048715,0,152735,0,260000,0.5874,1,0-5%,7440.485525
0.048717,0,137736,0,220000,0.6261,1,0-5%,6710.084712000001
0.048747,0,9242,0,110000,0.084,1,0-5%,450.519774
0.048786,0,956,-2,150000,0.0064,1,0-5%,46.639416000000004
0.048801,0,11688,-1,80000,0.1461,1,0-5%,570.386088
0.048806,0,66114,0,180000,0.3673,1,0-5%,3226.759884
0.048815,0,18134,-1,200000,0.0907,1,0-5%,885.2112099999999
0.048822,0,59796,0,80000,0.7474,1,0-5%,2919.360312
0.049015,0,23107,0,80000,0.2888,1,0-5%,1132.5896050000001
0.049019,0,55346,0,480000,0.1153,1,0-5%,2713.005574
0.049021,0,27221,0,150000,0.1815,1,0-5%,1334.400641
0.049024,0,120212,0,330000,0.3643,1,0-5%,5893.273088
0.049025,0,56364,0,170000,0.3316,1,0-5%,2763.2451
0.049039,0,130700,0,500000,0.2614,1,0-5%,6409.3973
0.049049,0,8700,-2,160000,0.0544,1,0-5%,426.72630000000004
0.049063,1,12759,-1,90000,0.1418,1,0-5%,625.994817
0.049145,0,71865,0,260000,0.2764,1,0-5%,3531.805425
0.049168,0,77408,0,180000,0.43,1,0-5%,3805.996544
0.049232,0,107350,0,260000,0.4129,1,0-5%,5285.0552
0.049234,0,11689,-1,460000,0.0254,1,0-5%,575.496226
0.049253,0,4360,0,170000,0.0256,1,0-5%,214.74308
0.049294,0,37587,0,330000,0.1139,1,0-5%,1852.813578
0.049346,0,139804,0,180000,0.7767,1,0-5%,6898.7681840000005
0.04937,0,133374,0,150000,0.8892,1,0-5%,6584.6743799999995
0.049444,0,19469,0,390000,0.0499,1,0-5%,962.6252360000001
0.04945,0,6175,-2,170000,0.0363,1,0-5%,305.35375
0.049457,1,11640,-1,500000,0.0233,1,0-5%,575.67948
0.049473,0,35215,0,260000,0.1354,1,0-5%,1742.1916950000002
0.049482,0,49341,0,170000,0.2902,1,0-5%,2441.4913619999998
0.049499,0,48764,0,130000,0.3751,1,0-5%,2413.769236
0.0495,1,15953,-2,140000,0.114,1,0-5%,789.6735
0.049504,0,6398,-2,280000,0.0228,1,0-5%,316.726592
0.049519,0,5352,0,460000,0.0116,1,0-5%,265.025688
0.049546,0,26179,0,200000,0.1309,1,0-5%,1297.064734
0.049559,0,77298,0,150000,0.5153,1,0-5%,3830.811582
0.049568,0,30177,-1,200000,0.1509,1,0-5%,1495.813536
0.049609,0,86574,0,300000,0.2886,1,0-5%,4294.849566
0.049653,0,13620,0,420000,0.0324,1,0-5%,676.27386
0.049689,0,35639,0,210000,0.1697,1,0-5%,1770.8662709999999
0.049708,0,261974,0,330000,0.7939,1,0-5%,13022.203592
0.049753,0,103715,0,200000,0.5186,1,0-5%,5160.132395
0.049878,0,177003,0,270000,0.6556,1,0-5%,8828.555634
0.049906,0,11281,-2,180000,0.0627,1,0-5%,562.989586
0.049921,0,50122,0,250000,0.2005,1,0-5%,2502.140362
0.049932,0,126113,0,210000,0.6005,1,0-5%,6297.074315999999
0.050005,1,32016,0,220000,0.1455,1,5-10%,1600.96008
0.050013,0,17084,0,360000,0.0475,1,5-10%,854.422092
0.050029,0,128821,0,490000,0.2629,1,5-10%,6444.785809
0.050094,0,68652,0,290000,0.2367,1,5-10%,3439.053288
0.050101,0,182416,0,500000,0.3648,1,5-10%,9139.224016
0.05011,0,8971,-2,360000,0.0249,1,5-10%,449.53681
0.050167,0,12109,0,70000,0.173,1,5-10%,607.472203
0.05019,0,181121,0,260000,0.6966,1,5-10%,9090.46299
0.050298,0,123813,0,330000,0.3752,1,5-10%,6227.546274
0.050306,0,85557,0,180000,0.4753,1,5-10%,4304.030441999999
0.050345,0,9097,-1,80000,0.1137,1,5-10%,457.988465
0.050376,0,46640,0,120000,0.3887,1,5-10%,2349.53664
0.050416,0,121558,0,250000,0.4862,1,5-10%,6128.468128
0.050442,0,97933,0,200000,0.4897,1,5-10%,4939.936386
0.050473,0,117271,0,260000,0.451,1,5-10%,5919.019182999999
0.050503,0,17486,0,240000,0.0729,1,5-10%,883.095458
0.05057,0,70205,0,100000,0.702,1,5-10%,3550.26685
0.050577,0,147178,0,200000,0.7359,1,5-10%,7443.821706
0.050621,0,33057,0,230000,0.1437,1,5-10%,1673.378397
0.050632,0,84668,0,160000,0.5292,1,5-10%,4286.910176
0.050676,0,91801,0,210000,0.4371,1,5-10%,4652.107476
0.05071,0,7379,-2,250000,0.0295,1,5-10%,374.18908999999996
0.050751,1,565,-2,330000,0.0017,1,5-10%,28.674315
0.050858,0,24853,0,200000,0.1243,1,5-10%,1263.973874
0.050865,0,59056,0,490000,0.1205,1,5-10%,3003.88344
0.050889,0,39468,0,190000,0.2077,1,5-10%,2008.487052
0.051203,0,23730,0,90000,0.2637,1,5-10%,1215.04719
0.051209,0,38810,-1,400000,0.097,1,5-10%,1987.42129
0.05129,0,17453,-1,50000,0.3491,1,5-10%,895.1643700000001
0.051296,0,35926,0,80000,0.4491,1,5-10%,1842.860096
0.051451,0,9495,0,110000,0.0863,1,5-10%,488.527245
0.051539,0,155927,0,330000,0.4725,1,5-10%,8036.321653
0.051539,0,103203,0,180000,0.5734,1,5-10%,5318.9794170000005
0.051618,0,48206,0,500000,0.0964,1,5-10%,2488.2973079999997
0.051628,0,14093,-1,360000,0.0391,1,5-10%,727.593404
0.051648,0,10678,-1,500000,0.0214,1,5-10%,551.497344
0.051678,0,149893,0,300000,0.4996,1,5-10%,7746.170454
0.051693,0,71752,0,170000,0.4221,1,5-10%,3709.076136
0.051772,0,38942,0,310000,0.1256,1,5-10%,2016.105224
0.051777,0,56980,0,170000,0.3352,1,5-10%,2950.25346
0.051786,0,86249,0,160000,0.5391,1,5-10%,4466.490714
0.051818,0,4833,-2,200000,0.0242,1,5-10%,250.436394
0.051884,0,9551,0,280000,0.0341,1,5-10%,495.544084
0.051983,0,58137,0,300000,0.1938,1,5-10%,3022.135671
0.051986,0,136760,0,240000,0.5698,1,5-10%,7109.60536
0.051991,0,41879,0,290000,0.1444,1,5-10%,2177.3310890000002
0.052021,0,91282,0,300000,0.3043,1,5-10%,4748.580922
0.052029,0,14394,-2,100000,0.1439,1,5-10%,748.905426
0.052065,0,1382,-1,200000,0.0069,1,5-10%,71.95383
0.052068,0,6051,-2,330000,0.0183,1,5-10%,315.063468
0.052087,0,0,-2,360000,0.0,1,5-10%,0.0
0.052117,0,7475,-1,200000,0.0374,1,5-10%,389.574575
0.052213,0,11489,-1,270000,0.0426,1,5-10%,599.8751570000001
0.052252,0,60068,0,200000,0.3003,1,5-10%,3138.673136
0.052285,0,25968,0,430000,0.0604,1,5-10%,1357.73688
0.052319,1,129002,0,390000,0.3308,1,5-10%,6749.255638
0.052331,0,49394,0,120000,0.4116,1,5-10%,2584.837414
0.052411,0,112403,0,180000,0.6245,1,5-10%,5891.153633
0.052422,0,15018,0,330000,0.0455,1,5-10%,787.273596
0.052444,0,13631,0,500000,0.0273,1,5-10%,714.864164
0.052597,0,67886,0,550000,0.1234,1,5-10%,3570.599942
0.05263,0,50999,0,330000,0.1545,1,5-10%,2684.07737
0.052633,0,242546,0,500000,0.4851,2,5-10%,12765.923618
0.052654,0,184050,0,280000,0.6573,2,5-10%,9690.9687
0.05267,0,9014,0,50000,0.1803,2,5-10%,474.76738
0.052692,0,36513,0,310000,0.1178,2,5-10%,1923.942996
0.052695,0,100074,0,230000,0.4351,2,5-10%,5273.3994299999995
0.05272,0,68438,0,360000,0.1901,2,5-10%,3608.0513600000004
0.052736,0,15637,0,210000,0.0745,2,5-10%,824.632832
0.052742,0,139719,0,280000,0.499,2,5-10%,7369.059498
0.052746,0,50901,0,160000,0.3181,2,5-10%,2684.824146
0.05284,0,134496,0,180000,0.7472,2,5-10%,7106.768639999999
0.052848,0,126532,0,220000,0.5751,2,5-10%,6686.963136
0.052882,0,51401,0,170000,0.3024,2,5-10%,2718.1876819999998
0.052975,0,9612,-1,450000,0.0214,2,5-10%,509.1957
0.052996,0,38358,0,130000,0.2951,2,5-10%,2032.820568
0.053011,0,7618,-2,200000,0.0381,2,5-10%,403.837798
0.053011,0,64268,-1,360000,0.1785,2,5-10%,3406.910948
0.053054,0,5772,-2,360000,0.016,2,5-10%,306.227688
0.05313,0,110472,0,350000,0.3156,2,5-10%,5869.3773599999995
0.053154,0,13754,0,440000,0.0313,2,5-10%,731.080116
0.053216,0,7111,-1,80000,0.0889,2,5-10%,378.418976
0.053227,0,118267,0,200000,0.5913,2,5-10%,6294.997609
0.05323,0,8213,-1,240000,0.0342,2,5-10%,437.17799
0.053249,0,3704,-1,250000,0.0148,2,5-10%,197.234296
0.053255,0,135195,0,310000,0.4361,2,5-10%,7199.809724999999
0.053265,0,27884,-2,240000,0.1162,2,5-10%,1485.24126
0.05327,0,3437,-1,330000,0.0104,2,5-10%,183.08899
0.053272,0,26994,0,80000,0.3374,2,5-10%,1438.024368
0.053322,0,66623,0,340000,0.196,2,5-10%,3552.471606
0.053344,0,124626,0,290000,0.4297,2,5-10%,6648.049344
0.053381,0,51268,0,250000,0.2051,2,5-10%,2736.737108
0.053392,0,84821,0,230000,0.3688,2,5-10%,4528.762832
0.053452,0,13122,-1,320000,0.041,2,5-10%,701.397144
0.053491,0,10447,-1,180000,0.058,2,5-10%,558.820477
0.053565,0,100858,0,280000,0.3602,2,5-10%,5402.45877
0.053659,0,129882,0,210000,0.6185,2,5-10%,6969.338237999999
0.05367,0,55396,0,170000,0.3259,2,5-10%,2973.10332
0.0537,0,85040,0,180000,0.4724,2,5-10%,4566.648
0.053779,0,35238,0,120000,0.2936,2,5-10%,1895.064402
0.053796,0,324469,0,440000,0.7374,2,5-10%,17455.134324
0.05383,0,75190,0,220000,0.3418,2,5-10%,4047.4777000000004
0.053855,0,80015,0,150000,0.5334,2,5-10%,4309.207825
0.053888,0,130374,0,180000,0.7243,2,5-10%,7025.594112
0.053931,0,7011,-1,400000,0.0175,2,5-10%,378.110241
0.053951,0,12050,-1,450000,0.0268,2,5-10%,650.10955
0.053998,0,27289,0,310000,0.088,2,5-10%,1473.551422
0.054015,1,9955,-1,320000,0.0311,2,5-10%,537.719325
0.054139,0,4083,-1,150000,0.0272,2,5-10%,221.049537
0.054154,0,54904,0,210000,0.2614,2,5-10%,2973.271216
0.054157,1,56690,0,150000,0.3779,2,5-10%,3070.1603299999997
0.054175,0,1257,-1,270000,0.0047,2,5-10%,68.097975
0.054192,0,1390,-1,130000,0.0107,2,5-10%,75.32688
0.054218,0,44179,0,360000,0.1227,2,5-10%,2395.297022
0.054265,0,73508,-1,200000,0.3675,2,5-10%,3988.91162
0.054431,0,36151,0,350000,0.1033,2,5-10%,1967.735081
0.054476,0,185419,-1,500000,0.3708,2,5-10%,10100.885444
0.054491,0,8924,-1,300000,0.0297,2,5-10%,486.27768399999997
0.054498,0,89903,0,180000,0.4995,2,5-10%,4899.533694
0.054522,1,8366,-1,180000,0.0465,2,5-10%,456.131052
0.05454,0,37637,0,330000,0.1141,2,5-10%,2052.72198
0.054593,0,6297,-1,250000,0.0252,2,5-10%,343.772121
0.054595,0,17189,-2,480000,0.0358,2,5-10%,938.433455
0.054639,0,21237,0,100000,0.2124,2,5-10%,1160.368443
0.054662,0,105347,0,180000,0.5853,2,5-10%,5758.477714000001
0.054688,0,194001,0,360000,0.5389,2,5-10%,10609.526688
0.054735,0,133230,0,240000,0.5551,2,5-10%,7292.34405
0.054762,0,128302,0,460000,0.2789,2,5-10%,7026.074124
0.05477,0,126695,0,220000,0.5759,2,5-10%,6939.08515
0.054797,1,170276,0,260000,0.6549,2,5-10%,9330.613972
0.054806,0,9625,-2,150000,0.0642,2,5-10%,527.50775
0.054816,0,2615,-1,200000,0.0131,2,5-10%,143.34384
0.054835,0,48088,0,110000,0.4372,2,5-10%,2636.90548
0.054839,0,4599,-1,290000,0.0159,2,5-10%,252.20456099999998
0.054846,1,198,-2,230000,0.0009,2,5-10%,10.859508
0.054893,0,4244,-2,150000,0.0283,2,5-10%,232.965892
0.054916,0,53377,0,300000,0.1779,2,5-10%,2931.251332
0.054956,0,13234,0,160000,0.0827,2,5-10%,727.287704
0.054964,0,400780,0,500000,0.8016,2,5-10%,22028.47192
0.054968,0,56702,-1,140000,0.405,2,5-10%,3116.795536
0.055018,0,214277,0,270000,0.7936,2,5-10%,11789.091986
0.055021,0,15536,-1,300000,0.0518,2,5-10%,854.806256
0.055062,0,38254,0,160000,0.2391,2,5-10%,2106.341748
0.055071,0,87292,0,210000,0.4157,2,5-10%,4807.257732
0.055072,0,142848,0,210000,0.6802,2,5-10%,7866.925056
0.055127,0,73784,0,170000,0.434,2,5-10%,4067.490568
0.055129,0,2730,-1,500000,0.0055,2,5-10%,150.50217
0.05515,0,19315,-1,290000,0.0666,2,5-10%,1065.22225
0.055155,0,82156,0,260000,0.316,2,5-10%,4531.31418
0.055163,0,15109,-2,200000,0.0755,2,5-10%,833.457767
0.055166,0,189279,0,200000,0.9464,2,5-10%,10441.765314
0.055192,0,6549,-2,200000,0.0327,2,5-10%,361.452408
0.055239,0,168182,0,460000,0.3656,2,5-10%,9290.205498000001
0.055271,0,22804,0,270000,0.0845,2,5-10%,1260.399884
0.05535,0,14246,0,220000,0.0648,2,5-10%,788.5161
0.055365,0,12847,-1,170000,0.0756,2,5-10%,711.274155
0.055373,0,42614,0,50000,0.8523,2,5-10%,2359.665022
0.055397,0,65531,0,170000,0.3855,2,5-10%,3630.220807
0.055477,0,3342,-2,260000,0.0129,2,5-10%,185.404134
0.055496,0,127939,0,140000,0.9138,2,5-10%,7100.102744
0.055499,0,297,-1,170000,0.0017,2,5-10%,16.483203
0.055503,0,52196,0,140000,0.3728,2,5-10%,2897.034588
0.055541,0,201666,0,370000,0.545,2,5-10%,11200.731306
0.055618,0,0,-2,150000,-0.0247,2,5-10%,0.0
0.055665,0,110006,0,200000,0.55,2,5-10%,6123.48399
0.055713,0,122923,0,200000,0.6146,2,5-10%,6848.4090989999995
0.055749,0,105732,0,140000,0.7552,2,5-10%,5894.453268
0.055752,0,15126,0,200000,0.0756,2,5-10%,843.304752
0.055757,0,14897,-2,330000,0.0451,2,5-10%,830.612029
0.055789,0,43719,0,410000,0.1066,2,5-10%,2439.039291
0.055798,0,5904,-1,180000,0.0328,2,5-10%,329.431392
0.055805,0,260356,0,500000,0.5207,2,5-10%,14529.166580000001
0.055915,0,112119,0,340000,0.3298,2,5-10%,6269.133885
0.055916,0,32915,0,230000,0.1431,2,5-10%,1840.47514
0.055925,0,9604,0,210000,0.0457,2,5-10%,537.1037
0.056072,0,15167,-1,270000,0.0562,2,5-10%,850.4440239999999
0.056185,0,172758,0,290000,0.5957,2,5-10%,9706.40823
0.056239,0,17800,0,430000,0.0414,2,5-10%,1001.0541999999999
0.056261,0,32161,-1,120000,0.268,2,5-10%,1809.410021
0.056378,0,32192,-1,170000,0.1894,2,5-10%,1814.920576
0.056395,0,19505,0,230000,0.0848,2,5-10%,1099.984475
0.056415,0,67505,-2,140000,0.4822,2,5-10%,3808.294575
0.056452,0,5483,-1,150000,0.0366,2,5-10%,309.526316
0.056455,0,2181,-1,500000,0.0044,2,5-10%,123.128355
0.056503,0,9248,-2,150000,0.0617,2,5-10%,522.5397439999999
0.056525,0,111190,0,180000,0.6177,2,5-10%,6285.01475
0.056592,0,46576,0,150000,0.3105,2,5-10%,2635.828992
0.056705,1,18807,-2,330000,0.057,2,5-10%,1066.450935
0.056749,0,67276,0,180000,0.3738,2,5-10%,3817.8457240000002
0.056763,0,42218,-2,150000,0.2815,2,5-10%,2396.420334
0.056781,0,4040,-2,290000,0.0139,2,5-10%,229.39524
0.056781,0,23747,-2,470000,0.0505,2,5-10%,1348.378407
0.056802,0,12089,-1,230000,0.0526,2,5-10%,686.6793779999999
0.056815,0,461,-1,210000,0.0022,2,5-10%,26.191715
0.056834,0,73223,0,260000,0.2816,2,5-10%,4161.555982
0.056855,0,37246,-1,290000,0.1284,2,5-10%,2117.62133
0.056857,0,64932,0,200000,0.3247,2,5-10%,3691.8387239999997
0.056901,0,2292,-1,520000,0.0044,2,5-10%,130.417092
0.056914,0,35867,0,70000,0.5124,2,5-10%,2041.3344379999999
0.056934,0,37298,0,80000,0.4662,2,5-10%,2123.524332
0.056945,0,47268,0,160000,0.2954,2,5-10%,2691.67626
0.056969,0,24602,-1,140000,0.1757,2,5-10%,1401.551338
0.056975,0,99925,0,180000,0.5551,2,5-10%,5693.226874999999
0.05702,0,25639,0,150000,0.1709,2,5-10%,1461.93578
0.057073,0,5649,-2,300000,0.0188,2,5-10%,322.405377
0.057118,0,73491,0,310000,0.2371,2,5-10%,4197.6589380000005
0.057128,0,144706,0,190000,0.7616,2,5-10%,8266.764368
0.057162,0,22629,0,30000,0.7543,2,5-10%,1293.518898
0.057214,1,156411,0,170000,0.9201,2,5-10%,8948.898954
0.057237,0,20376,0,360000,0.0566,2,5-10%,1166.2611120000001
0.057268,0,5719,-1,130000,0.044,2,5-10%,327.515692
0.057285,0,51276,0,110000,0.4661,2,5-10%,2937.34566
0.057288,0,30092,0,100000,0.3009,2,5-10%,1723.910496
0.057313,0,86914,0,130000,0.6686,2,5-10%,4981.302082
0.057324,0,17376,0,300000,0.0579,2,5-10%,996.061824
0.057373,0,3950,-1,290000,0.0136,2,5-10%,226.62335
0.057389,0,26129,0,60000,0.4355,2,5-10%,1499.5171810000002
0.057408,0,129776,0,240000,0.5407,2,5-10%,7450.180608
0.057412,0,30818,0,230000,0.134,2,5-10%,1769.3230159999998
0.057434,0,3275,0,130000,0.0252,2,5-10%,188.09635
0.057451,0,89395,0,430000,0.2079,2,5-10%,5135.832145
0.057471,0,14745,-1,340000,0.0434,2,5-10%,847.409895
0.057483,1,11342,0,300000,0.0378,2,5-10%,651.972186
0.057528,1,10962,-1,90000,0.1218,2,5-10%,630.621936
0.057559,0,88966,0,140000,0.6355,2,5-10%,5120.793994
0.057616,0,33239,0,50000,0.6648,2,5-10%,1915.098224
0.057624,0,80748,0,290000,0.2784,2,5-10%,4653.022752
0.057686,0,52771,0,240000,0.2199,2,5-10%,3044.147906
0.057687,0,5536,-1,160000,0.0346,2,5-10%,319.355232
0.057708,0,69120,0,130000,0.5317,2,5-10%,3988.77696
0.057719,0,157980,0,220000,0.7181,2,5-10%,9118.44762
0.057798,0,43769,0,550000,0.0796,2,5-10%,2529.760662
0.057801,0,84879,0,160000,0.5305,2,5-10%,4906.091079
0.057845,0,277376,-2,550000,0.5043,2,5-10%,16044.81472
0.057903,0,126418,0,260000,0.4862,2,5-10%,7319.981454000001
0.05795,0,1386,-1,300000,0.0046,2,5-10%,80.3187
0.057991,0,87161,0,500000,0.1743,2,5-10%,5054.553551
0.058005,0,227479,0,270000,0.8425,2,5-10%,13194.919395
0.058006,0,56437,0,260000,0.2171,2,5-10%,3273.684622
0.058016,0,35206,0,140000,0.2515,2,5-10%,2042.511296
0.058047,0,9779,-1,150000,0.0652,2,5-10%,567.641613
0.058067,0,45000,0,150000,0.3,2,5-10%,2613.015
0.058158,0,24399,0,50000,0.488,2,5-10%,1418.997042
0.058219,0,7939,-1,150000,0.0529,2,5-10%,462.200641
0.058254,0,154927,0,260000,0.5959,2,5-10%,9025.117458
0.058286,0,11431,0,120000,0.0953,2,5-10%,666.267266
0.058386,0,0,-2,170000,-0.0209,2,5-10%,0.0
0.058437,0,93863,0,200000,0.4693,2,5-10%,5485.072131
0.058444,0,185327,0,300000,0.6178,2,5-10%,10831.251188
0.0585,0,97069,0,150000,0.6471,2,5-10%,5678.5365
0.058573,0,55559,0,160000,0.3472,2,5-10%,3254.257307
0.058596,0,142118,0,170000,0.836,2,5-10%,8327.546328
0.058612,0,20001,0,50000,0.4,2,5-10%,1172.298612
0.058635,0,2099,-2,430000,0.0049,2,5-10%,123.074865
0.058665,0,76445,0,160000,0.4778,2,5-10%,4484.645925
0.058665,0,54186,0,190000,0.2852,2,5-10%,3178.82169
0.058667,0,52906,0,230000,0.23,2,5-10%,3103.8363019999997
0.058698,0,135903,0,150000,0.906,2,5-10%,7977.234294
0.058744,0,134664,0,210000,0.6413,2,5-10%,7910.702015999999
0.058776,0,69169,0,150000,0.4611,2,5-10%,4065.477144
0.058788,0,142905,0,250000,0.5716,2,5-10%,8401.09914
0.0588,0,277523,0,360000,0.7709,2,5-10%,16318.3524
0.058847,0,71305,0,320000,0.2228,2,5-10%,4196.085335
0.058854,0,58106,0,120000,0.4842,2,5-10%,3419.770524
0.058857,0,8736,-2,360000,0.0243,2,5-10%,514.174752
0.058902,0,14525,-1,180000,0.0807,2,5-10%,855.55155
0.05891,0,2218,-2,400000,0.0055,2,5-10%,130.66237999999998
0.058918,0,5173,-1,80000,0.0647,2,5-10%,304.782814
0.058944,0,42740,0,190000,0.2249,2,5-10%,2519.26656
0.058953,0,11403,-1,460000,0.0248,2,5-10%,672.241059
0.058967,0,165074,0,200000,0.8254,2,5-10%,9733.918558
0.058977,0,5433,-1,200000,0.0272,2,5-10%,320.42204100000004
0.058986,0,7357,-1,490000,0.015,2,5-10%,433.960002
0.059062,0,40478,0,80000,0.506,2,5-10%,2390.711636
0.059081,0,137825,0,210000,0.6563,2,5-10%,8142.838825
0.059133,0,36497,0,150000,0.2433,2,5-10%,2158.1771009999998
0.059134,0,60525,0,70000,0.8646,2,5-10%,3579.08535
0.059169,0,48502,0,240000,0.2021,2,5-10%,2869.814838
0.05918,0,23191,0,420000,0.0552,2,5-10%,1372.4433800000002
0.059233,0,234704,0,320000,0.7335,2,5-10%,13902.222032
0.059256,0,933,-1,330000,0.0028,2,5-10%,55.285848
0.059314,0,43128,-1,100000,0.4313,2,5-10%,2558.094192
0.059317,1,3220,-2,500000,0.0064,2,5-10%,191.00074
0.059339,0,37927,0,360000,0.1054,2,5-10%,2250.550253
0.059359,0,50120,0,240000,0.2088,2,5-10%,2975.07308
0.0594,0,38695,0,160000,0.2418,2,5-10%,2298.483
0.059456,1,19346,0,140000,0.1382,2,5-10%,1150.235776
0.059464,0,79761,0,200000,0.3988,2,5-10%,4742.908104
0.059473,0,79091,0,170000,0.4652,2,5-10%,4703.779043
0.059499,0,32050,-1,120000,0.2671,2,5-10%,1906.94295
0.059508,0,12349,-1,420000,0.0294,2,5-10%,734.864292
0.059519,0,22708,0,220000,0.1032,2,5-10%,1351.557452
0.059547,0,86883,0,130000,0.6683,2,5-10%,5173.622001000001
0.059568,0,5635,-2,170000,0.0331,2,5-10%,335.66568
0.059572,0,1473,-1,180000,0.0082,2,5-10%,87.749556
0.0596,0,112367,0,170000,0.661,2,5-10%,6697.0732
0.059624,0,127571,0,220000,0.5799,2,5-10%,7606.293304000001
0.059635,0,14536,-2,320000,0.0454,2,5-10%,866.85436
0.059665,0,37990,0,80000,0.4749,2,5-10%,2266.67335
0.059739,0,3005,-2,200000,0.015,2,5-10%,179.515695
0.059751,0,79108,0,120000,0.6592,2,5-10%,4726.782108
0.059786,0,2395,-1,250000,0.0096,2,5-10%,143.18747
0.059825,0,164634,0,230000,0.7158,2,5-10%,9849.22905
0.059855,0,3102,-1,360000,0.0086,2,5-10%,185.67021
0.05988,0,193370,0,420000,0.4604,2,5-10%,11578.9956
0.05988,0,27378,-1,260000,0.1053,2,5-10%,1639.39464
0.059916,0,132986,0,180000,0.7388,2,5-10%,7967.989176
0.059973,1,174532,0,270000,0.6464,2,5-10%,10467.207636
0.060008,0,17562,-1,80000,0.2195,2,5-10%,1053.860496
0.060033,1,25633,0,360000,0.0712,2,5-10%,1538.8258890000002
0.060077,0,4860,-1,50000,0.0972,2,5-10%,291.97422
0.060103,0,20302,0,170000,0.1194,2,5-10%,1220.211106
0.060164,1,24610,-2,480000,0.0513,2,5-10%,1480.63604
0.060222,0,44620,0,80000,0.5578,2,5-10%,2687.1056399999998
0.060282,0,14237,0,450000,0.0316,2,5-10%,858.234834
0.060324,0,13980,0,240000,0.0582,2,5-10%,843.32952
0.060329,0,6057,-1,500000,0.0121,2,5-10%,365.412753
0.060387,0,30627,-1,360000,0.0851,2,5-10%,1849.472649
0.060387,0,3233,-1,250000,0.0129,2,5-10%,195.23117100000002
0.060413,0,204625,0,230000,0.8897,2,5-10%,12362.010125
0.060515,0,6601,-1,220000,0.03,2,5-10%,399.459515
0.060536,0,105607,0,220000,0.48,2,5-10%,6393.025352
0.060578,0,24242,0,150000,0.1616,2,5-10%,1468.531876
0.060642,0,50150,0,120000,0.4179,2,5-10%,3041.1963
0.060699,0,4814,-1,500000,0.0096,2,5-10%,292.204986
0.060789,0,134183,0,140000,0.9584,2,5-10%,8156.850387
0.060809,0,2302,-1,380000,0.0061,2,5-10%,139.982318
0.060865,0,4003,-2,250000,0.016,2,5-10%,243.642595
0.060884,0,68199,0,560000,0.1218,2,5-10%,4152.227916
0.060903,0,10965,0,400000,0.0274,2,5-10%,667.801395
0.060925,0,93768,0,320000,0.293,2,5-10%,5712.8154
0.060936,1,72656,0,190000,0.3824,2,5-10%,4427.366016
0.060968,0,588000,0,500000,1.176,2,5-10%,35849.184
0.061042,0,7307,0,140000,0.0522,2,5-10%,446.033894
0.061046,0,61105,0,130000,0.47,2,5-10%,3730.21583
0.061077,1,114133,0,140000,0.8152,2,5-10%,6970.901241
0.061099,0,125063,0,150000,0.8338,2,5-10%,7641.224237
0.061131,1,120208,0,130000,0.9247,2,5-10%,7348.435248
0.061206,0,64494,0,110000,0.5863,2,5-10%,3947.419764
0.061225,0,54966,0,290000,0.1895,2,5-10%,3365.29335
0.061241,0,144314,0,200000,0.7216,2,5-10%,8837.933674
0.061249,0,23890,-1,180000,0.1327,2,5-10%,1463.2386099999999
0.061253,0,42790,0,180000,0.2377,2,5-10%,2621.01587
0.061315,0,33798,0,190000,0.1779,2,5-10%,2072.3243700000003
0.061376,0,115506,0,400000,0.2888,2,5-10%,7089.296256
0.061395,0,45716,0,120000,0.381,2,5-10%,2806.73382
0.061438,0,2900,-2,480000,0.006,2,5-10%,178.1702
0.061458,0,102477,0,170000,0.6028,2,5-10%,6298.031465999999
0.06147,0,6666,-1,200000,0.0333,2,5-10%,409.75901999999996
0.061487,0,4168,-1,500000,0.0083,2,5-10%,256.277816
0.061545,0,209234,0,350000,0.5978,2,5-10%,12877.30653
0.061567,0,26071,0,230000,0.1134,2,5-10%,1605.113257
0.061596,0,25118,0,140000,0.1794,2,5-10%,1547.168328
0.0616,0,1767,-1,90000,0.0196,2,5-10%,108.8472
0.061622,0,9728,0,100000,0.0973,2,5-10%,599.4588160000001
0.061645,0,326,-1,380000,0.0009,2,5-10%,20.09627
0.061743,0,8135,0,180000,0.0452,2,5-10%,502.279305
0.061765,0,202442,0,320000,0.6326,2,5-10%,12503.83013
0.061787,0,37148,0,210000,0.1769,2,5-10%,2295.263476
0.061787,0,143083,0,230000,0.6221,2,5-10%,8840.669321
0.061789,1,227873,0,350000,0.6511,2,5-10%,14080.044796999999
0.061797,0,41484,0,240000,0.1728,2,5-10%,2563.5867479999997
0.061872,0,286888,0,390000,0.7356,2,5-10%,17750.334336
0.061905,0,67374,0,210000,0.3208,2,5-10%,4170.78747
0.061937,0,91286,0,110000,0.8299,2,5-10%,5653.980982
0.061952,0,28059,-1,70000,0.4008,2,5-10%,1738.311168
0.061963,0,22520,-2,500000,0.045,2,5-10%,1395.4067599999998
0.062,0,5886,-2,240000,0.0245,2,5-10%,364.932
0.062014,0,98861,0,290000,0.3409,2,5-10%,6130.766054
0.062052,0,4935,-2,220000,0.0224,2,5-10%,306.22662
0.062078,1,2862,-2,90000,0.0318,2,5-10%,177.667236
0.062091,0,2348,-2,290000,0.0081,2,5-10%,145.789668
0.062106,0,90450,0,170000,0.5321,2,5-10%,5617.487700000001
0.062168,0,10309,-2,170000,0.0606,2,5-10%,640.889912
0.06217,0,180004,0,210000,0.8572,2,5-10%,11190.848680000001
0.062189,0,3289,-2,300000,0.011,2,5-10%,204.539621
0.062191,0,109114,0,180000,0.6062,2,5-10%,6785.908774
0.062198,1,99483,0,200000,0.4974,2,5-10%,6187.643634
0.062204,0,3489,-1,220000,0.0159,2,5-10%,217.02975600000002
0.062256,0,11645,0,300000,0.0388,2,5-10%,724.97112
0.062261,0,39607,0,50000,0.7921,2,5-10%,2465.971427
0.062319,0,7912,0,400000,0.0198,2,5-10%,493.067928
0.062326,0,60380,0,100000,0.6038,2,5-10%,3763.24388
0.062344,0,372188,0,450000,0.8271,2,5-10%,23203.688672
0.062352,0,104165,0,150000,0.6944,2,5-10%,6494.8960799999995
0.062356,0,262576,0,350000,0.7502,2,5-10%,16373.189056000001
0.062418,0,310075,0,390000,0.7951,2,5-10%,19354.26135
0.062456,0,24920,0,250000,0.0997,2,5-10%,1556.4035199999998
0.062467,0,5037,-2,350000,0.0144,2,5-10%,314.646279
0.062536,0,196909,0,280000,0.7032,2,5-10%,12313.901224
0.062601,0,633,-2,320000,0.002,2,5-10%,39.626433000000006
0.06262,0,569023,0,620000,0.9178,2,5-10%,35632.220259999995
0.062644,0,36343,0,60000,0.6057,2,5-10%,2276.670892
0.062656,0,27304,0,100000,0.273,2,5-10%,1710.759424
0.062665,0,7468,-1,220000,0.0339,2,5-10%,467.98222
0.062785,0,21001,0,140000,0.15,2,5-10%,1318.547785
0.062792,0,24464,0,180000,0.1359,2,5-10%,1536.143488
0.062795,0,33511,0,230000,0.1457,2,5-10%,2104.323245
0.062806,0,634,-1,400000,0.0016,2,5-10%,39.819004
0.062806,0,11936,-1,360000,0.0332,2,5-10%,749.652416
0.062807,0,6514,-1,310000,0.021,2,5-10%,409.124798
0.062839,0,76704,0,170000,0.4512,2,5-10%,4820.002656000001
0.062945,0,9108,-2,310000,0.0294,2,5-10%,573.30306
0.06296,0,14823,0,420000,0.0353,2,5-10%,933.25608
0.063027,0,16003,-1,320000,0.05,2,5-10%,1008.621081
0.06306,1,138859,0,240000,0.5786,2,5-10%,8756.448540000001
0.063092,0,24739,0,230000,0.1076,2,5-10%,1560.832988
0.063101,0,170717,0,340000,0.5021,2,5-10%,10772.413417000002
0.063108,0,390512,-2,440000,0.8875,2,5-10%,24644.431296
0.063112,0,100802,0,120000,0.84,2,5-10%,6361.815824
0.063153,0,134700,0,210000,0.6414,2,5-10%,8506.7091
0.063158,0,124501,0,180000,0.6917,2,5-10%,7863.234158000001
0.063182,0,149092,0,210000,0.71,2,5-10%,9419.930744000001
0.063226,0,66662,0,150000,0.4444,2,5-10%,4214.7716120000005
0.063233,0,86769,0,310000,0.2799,2,5-10%,5486.664177
0.06327,0,59648,0,430000,0.1387,2,5-10%,3773.92896
0.063327,0,107539,0,210000,0.5121,2,5-10%,6810.122253
0.063341,0,8482,-2,150000,0.0565,2,5-10%,537.2583619999999
0.063447,0,112133,0,200000,0.5607,2,5-10%,7114.502451
0.063447,0,154336,0,290000,0.5322,2,5-10%,9792.156192
0.0635,0,485,-1,80000,0.0061,2,5-10%,30.7975
0.063558,0,203755,0,260000,0.7837,2,5-10%,12950.26029
0.063565,0,37329,0,80000,0.4666,2,5-10%,2372.817885
0.063576,0,845,-2,230000,0.0037,2,5-10%,53.72172
0.063579,0,111941,0,140000,0.7996,2,5-10%,7117.096839
0.063586,0,22309,0,390000,0.0572,2,5-10%,1418.540074
0.063605,0,92140,0,180000,0.5119,2,5-10%,5860.5647
0.063659,0,43515,0,200000,0.2176,2,5-10%,2770.121385
0.063713,0,46041,0,290000,0.1588,2,5-10%,2933.410233
0.063805,0,10529,-1,200000,0.0526,2,5-10%,671.802845
0.063963,0,104335,0,180000,0.5796,2,5-10%,6673.579605000001
0.063976,1,1486,-2,420000,0.0035,2,5-10%,95.068336
0.064028,0,24489,0,90000,0.2721,2,5-10%,1567.981692
0.064076,0,960,-1,100000,0.0096,2,5-10%,61.51295999999999
0.06413,0,20678,0,130000,0.1591,2,5-10%,1326.08014
0.064137,1,13793,0,80000,0.1724,2,5-10%,884.641641
0.06414,0,6092,-1,180000,0.0338,2,5-10%,390.74088
0.064161,1,55222,0,140000,0.3944,2,5-10%,3543.0987419999997
0.064254,0,162905,0,270000,0.6034,2,5-10%,10467.29787
0.064255,0,69955,0,150000,0.4664,2,5-10%,4494.958525
0.064294,0,20417,0,80000,0.2552,2,5-10%,1312.6905980000001
0.064307,0,52426,0,110000,0.4766,2,5-10%,3371.3587820000002
0.064333,0,105035,0,150000,0.7002,2,5-10%,6757.216655
0.064422,0,262719,0,350000,0.7506,2,5-10%,16924.883417999998
0.064463,0,69235,0,150000,0.4616,2,5-10%,4463.095805000001
0.064531,0,159362,0,240000,0.664,2,5-10%,10283.789222000001
0.064561,0,92677,0,120000,0.7723,2,5-10%,5983.319796999999
0.064624,0,9688,-1,360000,0.0269,2,5-10%,626.077312
0.064637,0,7701,0,230000,0.0335,2,5-10%,497.769537
0.064649,0,54628,0,120000,0.4552,2,5-10%,3531.645572
0.064649,0,67879,0,160000,0.4242,2,5-10%,4388.309471
0.064664,0,0,-2,70000,0.0,2,5-10%,0.0
0.064709,0,211508,0,500000,0.423,2,5-10%,13686.471172000001
0.064716,0,3919,-1,400000,0.0098,2,5-10%,253.62200399999998
0.064746,0,56965,0,60000,0.9494,2,5-10%,3688.25589
0.064784,0,4690,-2,200000,0.0234,2,5-10%,303.83696
0.064785,0,15633,0,80000,0.1954,2,5-10%,1012.7839049999999
0.064858,0,3678,-1,280000,0.0131,2,5-10%,238.547724
0.064873,0,34433,0,280000,0.123,2,5-10%,2233.772009
0.06499,0,26650,0,100000,0.2665,2,5-10%,1731.9835
0.065035,0,55237,0,280000,0.1973,2,5-10%,3592.3382949999996
0.065059,0,52439,0,310000,0.1692,2,5-10%,3411.6289010000005
0.065072,1,167390,0,220000,0.7609,2,5-10%,10892.402080000002
0.065107,0,3144,-1,300000,0.0105,2,5-10%,204.696408
0.065125,0,121231,0,170000,0.7131,2,5-10%,7895.168875
0.065133,0,40310,0,180000,0.2239,2,5-10%,2625.51123
0.065171,0,5757,-2,240000,0.024,2,5-10%,375.18944700000003
0.065177,0,390,-1,170000,0.0023,2,5-10%,25.41903
0.065188,0,240851,0,340000,0.7084,2,5-10%,15700.594987999999
0.065223,0,29300,0,300000,0.0977,2,5-10%,1911.0339000000001
0.065352,0,98822,0,200000,0.4941,2,5-10%,6458.215343999999
0.065364,0,110434,0,130000,0.8495,2,5-10%,7218.407976
0.065488,0,92509,0,160000,0.5782,2,5-10%,6058.229392
0.065488,0,46889,0,120000,0.3907,2,5-10%,3070.6668320000003
0.065496,0,11149,-1,130000,0.0858,2,5-10%,730.2149039999999
0.065509,1,5912,-2,260000,0.0227,2,5-10%,387.289208
0.065546,0,7401,-1,330000,0.0224,2,5-10%,485.10594599999996
0.06555,0,148959,0,200000,0.7448,2,5-10%,9764.26245
0.065553,0,41435,0,230000,0.1802,2,5-10%,2716.188555
0.065561,0,132684,0,150000,0.8846,2,5-10%,8698.895724
0.065587,0,177795,0,240000,0.7408,2,5-10%,11661.040665
0.065612,0,390,-1,130000,0.003,2,5-10%,25.58868
0.065733,0,15160,0,230000,0.0659,2,5-10%,996.51228
0.065769,0,50140,0,500000,0.1003,2,5-10%,3297.65766
0.065773,0,7582,-1,270000,0.0281,2,5-10%,498.690886
0.065822,0,11368,-2,180000,0.0632,2,5-10%,748.264496
0.065863,0,4807,-1,250000,0.0192,2,5-10%,316.60344100000003
0.065874,0,50781,0,80000,0.6348,2,5-10%,3345.147594
0.065882,0,131887,0,230000,0.5734,2,5-10%,8688.979334
0.065885,1,9763,-1,490000,0.0199,2,5-10%,643.2352549999999
0.065943,1,28205,-1,450000,0.0627,2,5-10%,1859.922315
0.06595,0,34135,0,70000,0.4876,2,5-10%,2251.20325
0.065952,0,259524,0,350000,0.7415,2,5-10%,17116.126848
0.065981,0,205873,0,490000,0.4201,2,5-10%,13583.706413
0.066086,0,4043,-1,230000,0.0176,2,5-10%,267.185698
0.066113,0,187472,0,230000,0.8151,2,5-10%,12394.336336
0.066168,1,175247,0,260000,0.674,2,5-10%,11595.743496000001
0.066171,0,4111,-1,410000,0.01,2,5-10%,272.028981
0.066242,0,54717,0,210000,0.2606,2,5-10%,3624.563514
0.066252,1,2082,-2,280000,0.0074,2,5-10%,137.936664
0.066273,0,3591,-2,60000,0.0598,2,5-10%,237.986343
0.066352,0,19813,0,60000,0.3302,2,5-10%,1314.6321759999998
0.066376,0,98535,0,180000,0.5474,2,5-10%,6540.359160000001
0.066379,0,17489,-1,280000,0.0625,2,5-10%,1160.9023309999998
0.066422,0,8432,-1,200000,0.0422,2,5-10%,560.070304
0.066444,0,30798,0,230000,0.1339,2,5-10%,2046.342312
0.066498,0,26702,0,100000,0.267,2,5-10%,1775.629596
0.066545,0,98874,0,130000,0.7606,2,5-10%,6579.5703300000005
0.06658,0,192454,0,310000,0.6208,2,5-10%,12813.58732
0.066598,0,16094,-1,300000,0.0536,2,5-10%,1071.8282120000001
0.066604,0,212643,0,290000,0.7333,2,5-10%,14162.874371999998
0.066631,1,45738,0,70000,0.6534,2,5-10%,3047.5686779999996
0.066642,0,138398,-2,210000,0.659,2,5-10%,9223.119516
0.066663,0,171907,0,240000,0.7163,2,5-10%,11459.836341
0.066673,0,41826,0,210000,0.1992,2,5-10%,2788.664898
0.066696,0,136953,0,140000,0.9782,2,5-10%,9134.217288
0.066699,0,147565,0,260000,0.5676,2,5-10%,9842.437935
0.066703,0,885,-1,360000,0.0025,2,5-10%,59.032154999999996
0.066729,0,25631,0,240000,0.1068,2,5-10%,1710.330999
0.066781,0,45075,0,220000,0.2049,2,5-10%,3010.153575
0.066796,1,20526,0,50000,0.4105,2,5-10%,1371.054696
0.066802,1,111496,0,140000,0.7964,2,5-10%,7448.1557920000005
0.066821,0,7950,-1,170000,0.0468,2,5-10%,531.22695
0.06684,0,52775,0,110000,0.4798,2,5-10%,3527.4809999999998
0.066903,0,148186,0,280000,0.5292,2,5-10%,9914.087958
0.06692,0,12080,-2,310000,0.039,2,5-10%,808.3935999999999
0.066924,0,166988,0,230000,0.726,2,5-10%,11175.504912
0.066938,0,201598,0,200000,1.008,2,5-10%,13494.566923999999
0.066964,1,145,-2,360000,0.0004,2,5-10%,9.709779999999999
0.066977,0,149495,0,290000,0.5155,2,5-10%,10012.726615
0.066996,0,3304,-2,260000,0.0127,2,5-10%,221.354784
0.066999,0,40548,0,150000,0.2703,2,5-10%,2716.675452
0.067029,0,54483,0,100000,0.5448,2,5-10%,3651.9410070000004
0.067029,0,37625,0,140000,0.2688,2,5-10%,2521.9661250000004
0.067039,0,76538,0,180000,0.4252,2,5-10%,5131.030982
0.067096,0,3122,-1,180000,0.0173,2,5-10%,209.473712
0.067162,0,144160,0,290000,0.4971,2,5-10%,9682.07392
0.067195,0,45192,0,50000,0.9038,2,5-10%,3036.67644
0.067232,0,29751,0,140000,0.2125,2,5-10%,2000.219232
0.067288,0,145687,-1,200000,0.7284,2,5-10%,9802.986856
0.067333,0,8200,-1,150000,0.0547,2,5-10%,552.1306000000001
0.067343,0,92167,0,230000,0.4007,2,5-10%,6206.802281
0.067354,0,5916,-1,150000,0.0394,2,5-10%,398.46626399999997
0.067357,0,3443,0,400000,0.0086,2,5-10%,231.910151
0.067417,0,68075,0,140000,0.4862,2,5-10%,4589.412275000001
0.06742,0,157186,0,160000,0.9824,2,5-10%,10597.480119999998
0.067463,0,18037,-1,420000,0.0429,2,5-10%,1216.830131
0.067469,0,0,-2,270000,-0.0004,2,5-10%,0.0
0.067486,0,1108,-1,150000,0.0074,2,5-10%,74.774488
0.067515,1,16343,-1,140000,0.1167,2,5-10%,1103.397645
0.067535,0,10809,0,60000,0.1802,2,5-10%,729.985815
0.067573,1,203689,0,220000,0.9259,2,5-10%,13763.876796999999
0.06763,0,67729,0,110000,0.6157,2,5-10%,4580.512269999999
0.067647,0,146368,0,280000,0.5227,2,5-10%,9901.356096
0.067667,0,161248,0,190000,0.8487,2,5-10%,10911.168416
0.067696,0,9773,0,170000,0.0575,2,5-10%,661.593008
0.067729,0,41138,0,90000,0.4571,2,5-10%,2786.2356019999997
0.067737,0,63330,0,70000,0.9047,2,5-10%,4289.784210000001
0.067749,0,58301,0,110000,0.53,2,5-10%,3949.8344490000004
0.067953,0,71375,0,80000,0.8922,2,5-10%,4850.145375
0.067958,0,11530,-1,360000,0.032,2,5-10%,783.55574
0.067958,1,30928,0,100000,0.3093,2,5-10%,2101.8050240000002
0.068079,0,1906,-2,150000,0.0127,2,5-10%,129.758574
0.068248,0,4358,-2,180000,0.0242,2,5-10%,297.424784
0.068257,0,152979,0,270000,0.5666,2,5-10%,10441.887603
0.068308,0,19130,0,150000,0.1275,2,5-10%,1306.7320399999999
0.068423,1,48131,0,110000,0.4376,2,5-10%,3293.267413
0.068432,0,34578,-2,230000,0.1503,2,5-10%,2366.241696
0.068443,0,0,-2,170000,-0.006,2,5-10%,0.0
0.068486,1,880,-2,300000,0.0029,2,5-10%,60.267680000000006
0.0685,0,23070,0,100000,0.2307,2,5-10%,1580.295
0.068587,0,10483,-1,500000,0.021,2,5-10%,718.997521
0.068605,0,57500,0,180000,0.3194,2,5-10%,3944.7875
0.068617,0,146390,0,280000,0.5228,2,5-10%,10044.84263
0.068676,0,5200,-2,150000,0.0347,2,5-10%,357.1152
0.068676,1,8046,-1,260000,0.0309,2,5-10%,552.567096
0.068708,0,20923,0,140000,0.1494,2,5-10%,1437.5774840000001
0.068708,0,244663,0,670000,0.3652,2,5-10%,16810.305404000002
0.068712,0,2781,-1,230000,0.0121,2,5-10%,191.08807199999998
0.068759,1,1262,-1,210000,0.006,2,5-10%,86.773858
0.068837,0,89863,0,420000,0.214,2,5-10%,6185.899331
0.068838,0,165405,0,230000,0.7192,2,5-10%,11386.149389999999
0.068855,0,111098,0,120000,0.9258,2,5-10%,7649.65279
0.068927,0,18436,0,500000,0.0369,2,5-10%,1270.738172
0.069017,0,115702,0,200000,0.5785,2,5-10%,7985.404933999999
0.069031,0,131764,0,140000,0.9412,2,5-10%,9095.800684
0.069146,0,37767,0,100000,0.3777,2,5-10%,2611.436982
0.069231,0,3102,-1,230000,0.0135,2,5-10%,214.754562
0.06925,0,109030,0,180000,0.6057,2,5-10%,7550.3275
0.06927,0,182501,0,210000,0.8691,2,5-10%,12641.84427
0.069303,0,26244,0,130000,0.2019,2,5-10%,1818.7879320000002
0.069438,1,35208,0,110000,0.3201,2,5-10%,2444.773104
0.069545,0,251267,0,280000,0.8974,2,5-10%,17474.363514999997
0.06956,0,64008,0,180000,0.3556,2,5-10%,4452.396479999999
0.069694,0,26349,-1,360000,0.0732,2,5-10%,1836.3672060000001
0.069694,0,336722,0,550000,0.6122,2,5-10%,23467.503068
0.069731,0,71593,0,150000,0.4773,2,5-10%,4992.251483
0.069735,0,50822,0,140000,0.363,2,5-10%,3544.0721700000004
0.069843,0,939,-2,280000,0.0034,2,5-10%,65.582577
0.069864,0,466,-2,200000,0.0023,2,5-10%,32.556624
0.069868,0,78284,0,200000,0.3914,2,5-10%,5469.546512
0.069869,0,36042,0,210000,0.1716,2,5-10%,2518.218498
0.06987,0,4654,-2,140000,0.0332,2,5-10%,325.17498
0.069889,0,102502,0,140000,0.7322,2,5-10%,7163.762278000001
0.069973,0,2197,-2,320000,0.0069,2,5-10%,153.73068099999998
0.069974,0,200612,0,390000,0.5144,2,5-10%,14037.624087999999
0.070061,0,455042,0,500000,0.9101,2,5-10%,31880.697561999998
0.070065,0,47873,0,70000,0.6839,2,5-10%,3354.2217450000003
0.070111,1,205323,0,250000,0.8213,2,5-10%,14395.400853000001
0.07016,0,43488,0,120000,0.3624,2,5-10%,3051.11808
0.070197,0,56449,0,230000,0.2454,2,5-10%,3962.550453
0.070215,0,51437,0,200000,0.2572,2,5-10%,3611.648955
0.07022,0,9589,-1,140000,0.0685,2,5-10%,673.3395800000001
0.070249,0,15194,0,270000,0.0563,2,5-10%,1067.3633060000002
0.070278,0,2116,-1,200000,0.0106,2,5-10%,148.708248
0.070289,0,83412,0,360000,0.2317,2,5-10%,5862.946068
0.070293,0,103288,0,140000,0.7378,2,5-10%,7260.423384
0.070302,0,13371,0,450000,0.0297,2,5-10%,940.008042
0.070313,0,30847,0,70000,0.4407,2,5-10%,2168.945111
0.070314,0,37129,0,110000,0.3375,2,5-10%,2610.688506
0.070375,0,186,-2,340000,0.0005,2,5-10%,13.089749999999999
0.070375,1,45060,0,420000,0.1073,2,5-10%,3171.0975
0.070402,0,267475,0,440000,0.6079,2,5-10%,18830.774950000003
0.070407,0,44552,0,210000,0.2122,2,5-10%,3136.772664
0.070412,0,81210,0,100000,0.8121,2,5-10%,5718.15852
0.07042,0,6770,-1,180000,0.0376,2,5-10%,476.74339999999995
0.070428,0,124793,-1,310000,0.4026,2,5-10%,8788.921404
0.070435,0,51139,0,110000,0.4649,2,5-10%,3601.975465
0.070462,0,40441,0,150000,0.2696,2,5-10%,2849.553742
0.070473,0,4101,-1,240000,0.0171,2,5-10%,289.009773
0.070504,0,4113,0,140000,0.0294,2,5-10%,289.982952
0.070506,0,50697,0,100000,0.507,2,5-10%,3574.442682
0.070511,0,20335,0,70000,0.2905,2,5-10%,1433.841185
0.070522,0,6530,0,20000,0.3265,2,5-10%,460.50866
0.070541,0,2191,-2,160000,0.0137,2,5-10%,154.55533100000002
0.070595,0,0,-2,310000,-0.0001,2,5-10%,0.0
0.070656,1,6916,-1,240000,0.0288,2,5-10%,488.65689599999996
0.070699,0,59292,0,80000,0.7412,2,5-10%,4191.8851079999995
0.070707,0,873,-1,180000,0.0048,2,5-10%,61.727211000000004
0.070743,0,20000,-1,220000,0.0909,2,5-10%,1414.86
0.070772,0,22954,0,230000,0.0998,2,5-10%,1624.5004880000001
0.070775,0,23304,0,60000,0.3884,2,5-10%,1649.3406
0.070797,1,2896,-1,200000,0.0145,2,5-10%,205.028112
0.070859,1,277140,0,340000,0.8151,2,5-10%,19637.863260000002
0.070875,0,144544,0,220000,0.657,2,5-10%,10244.555999999999
0.07089,0,76025,0,100000,0.7602,2,5-10%,5389.412249999999
0.070892,0,9309,0,180000,0.0517,2,5-10%,659.933628
0.070897,0,242864,0,280000,0.8674,2,5-10%,17218.329008
0.070947,0,10183,0,110000,0.0926,2,5-10%,722.453301
0.070982,0,85438,-1,100000,0.8544,2,5-10%,6064.560116000001
0.070986,0,18883,0,100000,0.1888,2,5-10%,1340.4286379999999
0.071007,0,4330,-1,440000,0.0098,2,5-10%,307.46031
0.071018,0,23236,0,50000,0.4647,2,5-10%,1650.174248
0.071018,0,5875,-1,360000,0.0163,2,5-10%,417.23075
0.071093,0,5868,-1,200000,0.0293,2,5-10%,417.173724
0.071126,0,87822,0,150000,0.5855,2,5-10%,6246.427572
0.071132,1,101006,0,110000,0.9182,2,5-10%,7184.758792
0.07115,0,26214,0,230000,0.114,2,5-10%,1865.1261000000002
0.071183,0,75012,0,100000,0.7501,2,5-10%,5339.579196
0.071254,0,7542,-2,210000,0.0359,2,5-10%,537.397668
0.071278,0,75734,0,80000,0.9467,2,5-10%,5398.168052
0.071281,0,277,-1,140000,0.002,3,5-10%,19.744837
0.071306,0,29078,0,280000,0.1038,3,5-10%,2073.435868
0.071363,0,5154,-1,70000,0.0736,3,5-10%,367.80490199999997
0.071375,0,13497,-1,140000,0.0964,3,5-10%,963.3483749999999
0.07138,0,138877,0,200000,0.6944,3,5-10%,9913.04026
0.071381,1,47386,0,60000,0.7898,3,5-10%,3382.460066
0.071397,0,105080,0,110000,0.9553,3,5-10%,7502.3967600000005
0.071398,0,3173,-2,400000,0.0079,3,5-10%,226.54585400000002
0.071402,0,191748,0,240000,0.799,3,5-10%,13691.190695999998
0.07143,0,67776,0,90000,0.7531,3,5-10%,4841.23968
0.071572,0,196807,0,280000,0.7029,3,5-10%,14085.870604
0.07158,0,5360,-2,320000,0.0168,3,5-10%,383.66880000000003
0.071627,0,88545,0,180000,0.4919,3,5-10%,6342.212715
0.071659,0,386,-1,160000,0.0024,3,5-10%,27.660374
0.071689,0,2436,-1,30000,0.0812,3,5-10%,174.63440400000002
0.071743,0,20874,0,120000,0.174,3,5-10%,1497.563382
0.071756,0,22943,0,150000,0.153,3,5-10%,1646.297908
0.071802,0,93359,0,190000,0.4914,3,5-10%,6703.362918000001
0.071825,0,34081,0,60000,0.568,3,5-10%,2447.867825
0.071826,0,1296,0,200000,0.0065,3,5-10%,93.086496
0.071847,0,94681,0,210000,0.4509,3,5-10%,6802.5458069999995
0.071851,0,7278,-2,240000,0.0303,3,5-10%,522.931578
0.071881,1,70878,0,100000,0.7088,3,5-10%,5094.781518
0.071906,0,27506,-2,350000,0.0786,3,5-10%,1977.846436
0.071909,0,6087,-1,160000,0.038,3,5-10%,437.710083
0.071921,0,5819,-2,150000,0.0388,3,5-10%,418.50829899999997
0.071944,1,94314,0,230000,0.4101,3,5-10%,6785.326416
0.071956,0,33369,0,330000,0.1011,3,5-10%,2401.099764
0.072008,0,21720,-1,290000,0.0749,3,5-10%,1564.01376
0.072016,1,95943,0,150000,0.6396,3,5-10%,6909.431087999999
0.072023,0,26307,0,120000,0.2192,3,5-10%,1894.709061
0.072043,0,160161,0,210000,0.7627,3,5-10%,11538.478922999999
0.072124,0,17570,0,240000,0.0732,3,5-10%,1267.21868
0.07217,0,61223,0,130000,0.4709,3,5-10%,4418.4639099999995
0.072178,0,343842,0,350000,0.9824,3,5-10%,24817.827876000003
0.072179,0,35348,0,170000,0.2079,3,5-10%,2551.383292
0.072321,0,1803,-1,170000,0.0106,3,5-10%,130.39476299999998
0.072333,0,21006,0,50000,0.4201,3,5-10%,1519.426998
0.072381,0,1875,-1,420000,0.0045,3,5-10%,135.714375
0.072385,0,0,-2,180000,0.0,3,5-10%,0.0
0.072386,0,69964,0,80000,0.8746,3,5-10%,5064.414104
0.072403,0,16366,0,70000,0.2338,3,5-10%,1184.947498
0.072443,0,3609,-2,700000,0.0052,3,5-10%,261.446787
0.072481,0,0,-2,420000,0.0,3,5-10%,0.0
0.072517,0,10360,0,470000,0.022,3,5-10%,751.27612
0.072527,0,9078,0,200000,0.0454,3,5-10%,658.4001059999999
0.072587,0,21996,0,130000,0.1692,3,5-10%,1596.623652
0.072594,0,128213,0,140000,0.9158,3,5-10%,9307.494522
0.072594,0,15665,-1,120000,0.1305,3,5-10%,1137.1850100000001
0.072662,0,5459,-1,160000,0.0341,3,5-10%,396.66185800000005
0.072688,0,61470,0,120000,0.5122,3,5-10%,4468.13136
0.072728,0,60473,0,200000,0.3024,3,5-10%,4398.080344
0.072759,0,52132,0,80000,0.6516,3,5-10%,3793.072188
0.072916,0,3292,0,210000,0.0157,3,5-10%,240.039472
0.072974,1,18044,-1,200000,0.0902,3,5-10%,1316.7428559999998
0.072989,0,15788,0,100000,0.1579,3,5-10%,1152.350332
0.072997,0,131138,0,140000,0.9367,3,5-10%,9572.680586
0.073006,0,65024,0,110000,0.5911,3,5-10%,4747.142144
0.073093,0,108422,0,200000,0.5421,3,5-10%,7924.889246000001
0.073119,0,2347,-2,410000,0.0057,3,5-10%,171.610293
0.073149,0,6518,0,80000,0.0815,3,5-10%,476.785182
0.073159,1,7591,-1,150000,0.0506,3,5-10%,555.349969
0.073162,0,119279,1,140000,0.852,3,5-10%,8726.690198
0.073169,0,112901,0,210000,0.5376,3,5-10%,8260.853269
0.073223,0,14493,-2,280000,0.0518,3,5-10%,1061.220939
0.073249,0,10210,-1,360000,0.0284,3,5-10%,747.8722899999999
0.073258,0,28491,0,80000,0.3561,3,5-10%,2087.193678
0.073332,0,359641,0,390000,0.9222,3,5-10%,26373.193811999998
0.073339,0,20816,0,340000,0.0612,3,5-10%,1526.624624
0.073347,0,28194,0,350000,0.0806,3,5-10%,2067.945318
0.073349,0,33131,0,120000,0.2761,3,5-10%,2430.125719
0.073418,0,3150,-1,50000,0.063,3,5-10%,231.2667
0.073432,0,112164,0,180000,0.6231,3,5-10%,8236.426848
0.073524,0,45685,0,210000,0.2175,3,5-10%,3358.94394
0.073526,0,92244,0,110000,0.8386,3,5-10%,6782.3323439999995
0.073536,0,23940,-1,90000,0.266,3,5-10%,1760.4518400000002
0.073559,0,4802,-1,100000,0.048,3,5-10%,353.230318
0.073606,1,1049,-2,300000,0.0035,3,5-10%,77.212694
0.073637,0,2323,-1,270000,0.0086,3,5-10%,171.05875099999997
0.073653,0,5366,-2,240000,0.0224,3,5-10%,395.221998
0.073694,0,134496,0,170000,0.7912,3,5-10%,9911.548224
0.073727,0,19606,0,50000,0.3921,3,5-10%,1445.491562
0.073727,0,226644,0,340000,0.6666,3,5-10%,16709.782188
0.073735,0,38034,0,500000,0.0761,3,5-10%,2804.4369899999997
0.073755,0,87750,0,200000,0.4388,3,5-10%,6472.00125
0.073796,0,4741,-1,300000,0.0158,3,5-10%,349.866836
0.073896,0,2874,-2,280000,0.0103,3,5-10%,212.377104
0.073919,1,99516,0,100000,0.9952,3,5-10%,7356.1232039999995
0.073965,0,4533,-1,200000,0.0227,3,5-10%,335.283345
0.073991,0,22563,0,130000,0.1736,3,5-10%,1669.4589330000001
0.074045,0,8505,0,120000,0.0709,3,5-10%,629.7527249999999
0.074046,0,260783,0,260000,1.003,3,5-10%,19309.938018
0.074064,0,8066,-2,30000,0.2689,3,5-10%,597.4002240000001
0.07412,0,161186,0,180000,0.8955,3,5-10%,11947.10632
0.074137,0,57287,0,160000,0.358,3,5-10%,4247.086319
0.074278,0,41190,0,200000,0.206,3,5-10%,3059.51082
0.074306,1,5255,-2,500000,0.0105,3,5-10%,390.47803
0.074308,0,52874,0,250000,0.2115,3,5-10%,3928.9611919999998
0.074361,0,40352,-1,380000,0.1062,3,5-10%,3000.615072
0.074549,1,20730,-1,220000,0.0942,3,5-10%,1545.4007700000002
0.074589,0,7128,-1,210000,0.0339,3,5-10%,531.670392
0.074643,0,3860,-1,350000,0.011,3,5-10%,288.12198
0.074654,0,8716,-1,400000,0.0218,3,5-10%,650.684264
0.074687,0,18418,0,90000,0.2046,3,5-10%,1375.585166
0.074764,0,356375,0,380000,0.9378,3,5-10%,26644.0205
0.074792,0,47922,0,140000,0.3423,3,5-10%,3584.1822239999997
0.074795,0,145584,0,170000,0.8564,3,5-10%,10888.95528
0.074801,0,338106,0,410000,0.8246,3,5-10%,25290.666906000002
0.074808,0,17420,0,210000,0.083,3,5-10%,1303.15536
0.074913,0,1751,-1,400000,0.0044,3,5-10%,131.172663
0.074918,0,74189,0,180000,0.4122,3,5-10%,5558.091502
0.07494,0,11613,-2,300000,0.0387,3,5-10%,870.27822
0.075198,1,390,-1,150000,0.0026,3,5-10%,29.32722
0.075247,0,76025,0,90000,0.8447,3,5-10%,5720.6531749999995
0.075259,0,209596,0,220000,0.9527,3,5-10%,15773.985364000002
0.075292,0,85314,0,140000,0.6094,3,5-10%,6423.461687999999
0.075344,1,98814,0,190000,0.5201,3,5-10%,7445.042015999999
0.075346,0,67876,0,120000,0.5656,3,5-10%,5114.185096
0.075369,0,64049,0,120000,0.5337,3,5-10%,4827.309081
0.075385,0,9418,-1,180000,0.0523,3,5-10%,709.97593
0.075516,0,45343,0,90000,0.5038,3,5-10%,3424.121988
0.075584,0,9344,-2,200000,0.0467,3,5-10%,706.256896
0.075667,0,2810,-2,200000,0.014,3,5-10%,212.62427
0.075699,0,45750,-1,50000,0.915,3,5-10%,3463.2292500000003
0.07583,0,12272,0,50000,0.2454,3,5-10%,930.5857599999999
0.075878,0,24496,-1,60000,0.4083,3,5-10%,1858.707488
0.075913,0,21842,0,110000,0.1986,3,5-10%,1658.0917459999998
0.076004,0,13770,0,90000,0.153,3,5-10%,1046.57508
0.076022,0,93384,0,140000,0.667,3,5-10%,7099.238448000001
0.076058,0,3960,-1,450000,0.0088,3,5-10%,301.18968
0.076126,0,226,1,500000,0.0005,3,5-10%,17.204476
0.076155,0,25015,0,490000,0.0511,3,5-10%,1905.017325
0.076161,0,836,-1,210000,0.004,3,5-10%,63.670596
0.076172,0,1528,-1,200000,0.0076,3,5-10%,116.390816
0.076234,0,9983,0,340000,0.0294,3,5-10%,761.0440219999999
0.076337,0,18082,0,370000,0.0489,3,5-10%,1380.325634
0.076445,0,96709,0,180000,0.5373,3,5-10%,7392.919505
0.076457,0,121198,0,200000,0.606,3,5-10%,9266.435486
0.076471,0,8592,-2,180000,0.0477,3,5-10%,657.038832
0.076534,0,186004,0,210000,0.8857,3,5-10%,14235.630136000002
0.076563,0,1992,-1,200000,0.01,3,5-10%,152.513496
0.07657,0,129301,0,140000,0.9236,3,5-10%,9900.57757
0.076703,0,58337,-1,150000,0.3889,3,5-10%,4474.6229109999995
0.076743,0,2161,-1,350000,0.0062,3,5-10%,165.841623
0.076746,1,0,1,280000,-0.0047,3,5-10%,0.0
0.076754,0,122308,0,190000,0.6437,3,5-10%,9387.628232000001
0.076792,0,146433,0,160000,0.9152,3,5-10%,11244.882936
0.076793,0,61152,0,110000,0.5559,3,5-10%,4696.045536
0.076822,0,68773,0,110000,0.6252,3,5-10%,5283.279406
0.076857,0,42039,0,70000,0.6006,3,5-10%,3230.991423
0.07687,0,119398,0,150000,0.796,3,5-10%,9178.124259999999
0.076886,0,203519,0,310000,0.6565,3,5-10%,15647.761833999999
0.076986,0,134245,0,240000,0.5594,3,5-10%,10334.98557
0.076989,0,36335,0,290000,0.1253,3,5-10%,2797.395315
0.077019,0,4040,-2,310000,0.013,3,5-10%,311.15676
0.077061,0,10370,0,290000,0.0358,3,5-10%,799.12257
0.077144,0,240927,-2,500000,0.4819,3,5-10%,18586.072488
0.077154,0,5255,-1,500000,0.0105,3,5-10%,405.44427
0.077273,0,3042,0,100000,0.0304,3,5-10%,235.06446599999998
0.077282,0,2343,-1,130000,0.018,3,5-10%,181.071726
0.077338,0,138636,0,200000,0.6932,3,5-10%,10721.830968
0.077404,1,90141,0,130000,0.6934,3,5-10%,6977.273964
0.077488,0,7210,-2,180000,0.0401,3,5-10%,558.68848
0.077495,0,0,-2,360000,-0.0001,3,5-10%,0.0
0.077515,0,8308,-2,180000,0.0462,3,5-10%,643.99462
0.077595,0,166517,1,310000,0.5372,3,5-10%,12920.886615
0.077599,0,42174,0,60000,0.7029,3,5-10%,3272.660226
0.077633,1,160161,0,240000,0.6673,3,5-10%,12433.778912999998
0.077643,0,289002,0,290000,0.9966,3,5-10%,22438.982286000002
0.07765,0,3938,-2,200000,0.0197,3,5-10%,305.78569999999996
0.077657,0,13899,0,210000,0.0662,3,5-10%,1079.3546430000001
0.077685,0,31081,0,70000,0.444,3,5-10%,2414.527485
0.077686,0,39554,0,50000,0.7911,3,5-10%,3072.7920440000003
0.077687,0,14956,0,200000,0.0748,3,5-10%,1161.886772
0.077694,0,20847,-1,60000,0.3474,3,5-10%,1619.686818
0.07772,0,63984,0,100000,0.6398,3,5-10%,4972.83648
0.077724,0,23436,0,300000,0.0781,3,5-10%,1821.5396640000001
0.077735,0,52128,0,100000,0.5213,3,5-10%,4052.17008
0.077839,0,13954,0,180000,0.0775,3,5-10%,1086.165406
0.077865,0,4482,-1,350000,0.0128,3,5-10%,348.99093
0.077866,0,14925,0,400000,0.0373,3,5-10%,1162.15005
0.07791,0,200716,0,260000,0.772,3,5-10%,15637.783559999998
0.07791,0,22732,-1,140000,0.1624,3,5-10%,1771.0501199999999
0.077976,0,92465,0,140000,0.6605,3,5-10%,7210.050840000001
0.078004,0,8421,0,240000,0.0351,3,5-10%,656.8716840000001
0.078037,0,282506,0,300000,0.9417,3,5-10%,22045.920722
0.078041,0,11718,0,60000,0.1953,3,5-10%,914.484438
0.078072,0,48006,0,80000,0.6001,3,5-10%,3747.9244320000003
0.078081,0,15603,0,200000,0.078,3,5-10%,1218.297843
0.078096,0,92393,0,100000,0.9239,3,5-10%,7215.523728
0.078123,1,5354,-1,240000,0.0223,3,5-10%,418.270542
0.078153,0,202503,0,210000,0.9643,3,5-10%,15826.216959
0.078231,0,225245,0,270000,0.8342,3,5-10%,17621.141594999997
0.078257,0,56602,0,80000,0.7075,3,5-10%,4429.502713999999
0.07827,0,8404,-1,150000,0.056,3,5-10%,657.7810800000001
0.07828,0,3071,-1,180000,0.0171,3,5-10%,240.39788000000001
0.07831,0,0,1,500000,-0.0008,3,5-10%,0.0
0.078387,0,46891,0,100000,0.4689,3,5-10%,3675.644817
0.078464,0,39664,0,90000,0.4407,3,5-10%,3112.196096
0.078489,0,2828,-2,220000,0.0129,3,5-10%,221.966892
0.078499,0,308741,0,430000,0.718,3,5-10%,24235.859759
0.078526,0,33147,0,60000,0.5524,3,5-10%,2602.901322
0.078566,0,11284,0,80000,0.141,3,5-10%,886.538744
0.078629,0,37170,0,60000,0.6195,3,5-10%,2922.6399300000003
0.078633,0,4435,-2,360000,0.0123,3,5-10%,348.737355
0.078644,0,4577,-2,330000,0.0139,3,5-10%,359.953588
0.078655,0,5613,-1,470000,0.0119,3,5-10%,441.490515
0.078661,0,37222,0,100000,0.3722,3,5-10%,2927.9197419999996
0.078695,0,26842,0,50000,0.5368,3,5-10%,2112.33119
0.078717,0,61580,-2,230000,0.2677,3,5-10%,4847.39286
0.07875,0,35660,0,80000,0.4458,3,5-10%,2808.225
0.078768,0,2555,-2,320000,0.008,3,5-10%,201.25224
0.07883,0,182338,0,200000,0.9117,3,5-10%,14373.704539999999
0.078933,0,29169,-1,150000,0.1945,3,5-10%,2302.396677
0.078949,0,6664,-1,390000,0.0171,3,5-10%,526.116136
0.078964,0,61167,0,110000,0.5561,3,5-10%,4829.9909880000005
0.078988,0,11070,-1,150000,0.0738,3,5-10%,874.39716
0.078992,0,91564,0,90000,1.0174,3,5-10%,7232.823488000001
0.079143,0,35646,0,80000,0.4456,3,5-10%,2821.131378
0.079156,0,2277,-1,200000,0.0114,3,5-10%,180.238212
0.07917,0,1000,-2,310000,0.0032,3,5-10%,79.17
0.079178,0,141061,0,330000,0.4275,3,5-10%,11168.927858
0.079193,0,2990,-1,160000,0.0187,3,5-10%,236.78707
0.079218,0,56093,-2,320000,0.1753,3,5-10%,4443.575274
0.079229,0,50406,0,110000,0.4582,3,5-10%,3993.6169739999996
0.079254,0,10712,0,100000,0.1071,3,5-10%,848.9688480000001
0.079284,0,102400,0,120000,0.8533,3,5-10%,8118.681599999999
0.079393,0,11025,-1,200000,0.0551,3,5-10%,875.3078250000001
0.079401,0,17530,-1,450000,0.039,3,5-10%,1391.89953
0.079546,0,29668,0,320000,0.0927,3,5-10%,2359.9707280000002
0.079559,0,16469,0,100000,0.1647,3,5-10%,1310.257171
0.079586,0,65743,0,130000,0.5057,3,5-10%,5232.222398
0.079645,1,357,-1,360000,0.001,3,5-10%,28.433265
0.079658,0,103135,0,110000,0.9376,3,5-10%,8215.52783
0.079759,0,55070,0,80000,0.6884,3,5-10%,4392.32813
0.07978,1,43045,0,80000,0.5381,3,5-10%,3434.1301000000003
0.079795,0,143121,0,300000,0.4771,3,5-10%,11420.340195
0.079807,0,0,1,190000,-0.023,3,5-10%,0.0
0.079814,0,172064,0,180000,0.9559,3,5-10%,13733.116096
0.079839,0,45465,0,420000,0.1082,3,5-10%,3629.880135
0.079964,0,9797,0,360000,0.0272,3,5-10%,783.407308
0.080091,0,80324,0,120000,0.6694,3,5-10%,6433.2294839999995
0.080111,0,61799,0,90000,0.6867,3,5-10%,4950.779689
0.080117,0,23900,0,360000,0.0664,3,5-10%,1914.7962999999997
0.080179,0,66982,0,80000,0.8373,3,5-10%,5370.549778
0.080209,0,80299,0,150000,0.5353,3,5-10%,6440.702491
0.080241,0,4966,-2,150000,0.0331,3,5-10%,398.476806
0.080293,0,12018,0,70000,0.1717,3,5-10%,964.961274
0.080306,0,51183,0,100000,0.5118,3,5-10%,4110.301998
0.080313,0,1126,-2,310000,0.0036,3,5-10%,90.43243799999999
0.080403,0,4037,-1,200000,0.0202,3,5-10%,324.586911
0.080411,0,5315,-1,160000,0.0332,3,5-10%,427.384465
0.080452,0,40271,0,70000,0.5753,3,5-10%,3239.8824919999997
0.080465,0,3027,-2,330000,0.0092,3,5-10%,243.56755499999997
0.08052,1,103876,0,200000,0.5194,3,5-10%,8364.095519999999
0.080533,1,991,-1,210000,0.0047,3,5-10%,79.80820299999999
0.08055,0,98250,0,140000,0.7018,3,5-10%,7914.037499999999
0.080555,0,44966,0,120000,0.3747,3,5-10%,3622.2361300000002
0.080646,0,52440,0,70000,0.7491,3,5-10%,4229.076239999999
0.080648,0,250264,0,370000,0.6764,3,5-10%,20183.291072
0.080653,0,27491,0,120000,0.2291,3,5-10%,2217.231623
0.080658,1,2647,-2,310000,0.0085,3,5-10%,213.501726
0.08068,0,50,-2,150000,0.0003,3,5-10%,4.034
0.080757,1,1412,-2,210000,0.0067,3,5-10%,114.02888399999999
0.080789,0,4290,-1,490000,0.0088,3,5-10%,346.58481
0.080842,1,58165,0,140000,0.4155,3,5-10%,4702.17493
0.080853,0,213457,0,230000,0.9281,3,5-10%,17258.638821
0.080868,1,32647,0,500000,0.0653,3,5-10%,2640.097596
0.080951,1,173677,0,240000,0.7237,3,5-10%,14059.326826999999
0.080988,0,168376,0,240000,0.7016,3,5-10%,13636.435488000001
0.081007,0,31236,0,200000,0.1562,3,5-10%,2530.334652
0.081016,0,15663,0,210000,0.0746,3,5-10%,1268.953608
0.081023,0,16317,-1,250000,0.0653,3,5-10%,1322.052291
0.081029,1,1019,-1,80000,0.0127,3,5-10%,82.568551
0.08109,0,2184,-2,350000,0.0062,3,5-10%,177.10056
0.081129,0,83914,0,110000,0.7629,3,5-10%,6807.858906
0.081132,0,101503,0,100000,1.015,3,5-10%,8235.141395999999
0.081143,0,235635,0,280000,0.8416,3,5-10%,19120.130805
0.081147,0,70202,0,100000,0.702,3,5-10%,5696.681694
0.081178,1,4823,-1,60000,0.0804,3,5-10%,391.521494
0.081192,1,181178,0,400000,0.4529,3,5-10%,14710.204176
0.081229,1,99209,0,110000,0.9019,3,5-10%,8058.6478609999995
0.081262,0,30631,0,300000,0.1021,3,5-10%,2489.136322
0.081303,0,29344,0,130000,0.2257,3,5-10%,2385.755232
0.08132,0,153900,0,200000,0.7695,3,5-10%,12515.148000000001
0.081342,0,79938,0,90000,0.8882,3,5-10%,6502.316796
0.081358,0,4430,-1,200000,0.0222,3,5-10%,360.41594
0.081452,0,11862,-2,60000,0.1977,3,5-10%,966.183624
0.081461,0,21777,0,70000,0.3111,3,5-10%,1773.9761970000002
0.081476,0,18131,0,90000,0.2015,3,5-10%,1477.2413560000002
0.081568,0,100165,0,150000,0.6678,3,5-10%,8170.25872
0.081587,0,2309,-1,210000,0.011,3,5-10%,188.384383
0.081683,0,28120,0,90000,0.3124,3,5-10%,2296.92596
0.081688,0,129371,0,140000,0.9241,3,5-10%,10568.058248
0.081693,0,54475,0,80000,0.6809,3,5-10%,4450.226175
0.081708,0,18482,-1,230000,0.0804,3,5-10%,1510.127256
0.081777,0,6656,0,360000,0.0185,3,5-10%,544.307712
0.081808,0,862,-1,210000,0.0041,3,5-10%,70.518496
0.081846,0,229398,0,260000,0.8823,3,5-10%,18775.308708
0.081862,0,866,-1,60000,0.0144,3,5-10%,70.892492
0.081989,1,239206,0,260000,0.92,3,5-10%,19612.260734000003
0.082113,1,2000,-2,160000,0.0125,3,5-10%,164.226
0.082128,0,11418,-1,200000,0.0571,3,5-10%,937.7375040000001
0.082186,0,11684,-1,50000,0.2337,3,5-10%,960.261224
0.082236,0,156526,0,170000,0.9207,3,5-10%,12872.072136
0.082276,1,114466,0,130000,0.8805,3,5-10%,9417.804616
0.082299,0,157921,0,160000,0.987,3,5-10%,12996.740378999999
0.082335,0,269832,0,310000,0.8704,3,5-10%,22216.617720000002
0.082339,0,38386,0,220000,0.1745,3,5-10%,3160.6648539999997
0.082392,0,6626,-2,200000,0.0331,3,5-10%,545.929392
0.082487,0,161766,0,240000,0.674,3,5-10%,13343.592042
0.082504,0,129289,0,140000,0.9235,3,5-10%,10666.859655999999
0.082675,0,34672,0,90000,0.3852,3,5-10%,2866.5076
0.082711,0,10339,-1,500000,0.0207,3,5-10%,855.149029
0.082718,0,9923,0,50000,0.1985,3,5-10%,820.810714
0.082726,0,36847,0,80000,0.4606,3,5-10%,3048.204922
0.082733,0,56754,0,90000,0.6306,3,5-10%,4695.428682
0.082781,0,41923,0,240000,0.1747,3,5-10%,3470.427863
0.082841,0,114997,0,150000,0.7666,3,5-10%,9526.466477
0.082916,1,33319,0,80000,0.4165,3,5-10%,2762.6782040000003
0.082922,0,8985,-1,200000,0.0449,3,5-10%,745.05417
0.08298,0,6113,-1,160000,0.0382,3,5-10%,507.25674
0.082989,1,22381,0,80000,0.2798,3,5-10%,1857.3768089999999
0.083058,0,7426,0,260000,0.0286,3,5-10%,616.788708
0.083072,0,198788,0,260000,0.7646,3,5-10%,16513.716736
0.08309,0,7191,0,400000,0.018,3,5-10%,597.50019
0.083161,0,95322,0,150000,0.6355,3,5-10%,7927.072842
0.083181,0,7298,0,200000,0.0365,3,5-10%,607.054938
0.083317,0,3608,0,20000,0.1804,3,5-10%,300.607736
0.083329,0,79063,0,90000,0.8785,3,5-10%,6588.240727
0.083366,0,134218,0,150000,0.8948,3,5-10%,11189.217788
0.083377,1,1898,-2,300000,0.0063,3,5-10%,158.249546
0.08338,0,4762,-1,80000,0.0595,3,5-10%,397.05555999999996
0.083389,0,11386,-1,180000,0.0633,3,5-10%,949.467154
0.083416,0,252107,0,260000,0.9696,3,5-10%,21029.757512
0.083454,0,8139,0,150000,0.0543,3,5-10%,679.232106
0.083482,0,612,-2,220000,0.0028,3,5-10%,51.090984
0.08351,0,15801,0,280000,0.0564,3,5-10%,1319.54151
0.083511,0,45012,0,110000,0.4092,3,5-10%,3758.997132
0.083521,0,107060,0,140000,0.7647,3,5-10%,8941.75826
0.083532,0,94343,0,210000,0.4493,3,5-10%,7880.659476
0.083551,0,44996,0,240000,0.1875,3,5-10%,3759.460796
0.083558,0,42635,0,80000,0.5329,3,5-10%,3562.4953299999997
0.083579,0,172511,0,180000,0.9584,3,5-10%,14418.296869
0.083608,0,256675,-1,280000,0.9167,3,5-10%,21460.0834
0.083627,0,101458,0,140000,0.7247,3,5-10%,8484.628166
0.083645,0,21930,0,400000,0.0548,3,5-10%,1834.33485
0.083674,0,23529,0,50000,0.4706,3,5-10%,1968.7655459999999
0.08375,0,3863,-1,300000,0.0129,3,5-10%,323.52625
0.083764,0,2165,-1,60000,0.0361,3,5-10%,181.34906
0.083769,0,22657,0,80000,0.2832,3,5-10%,1897.954233
0.083786,0,20934,0,150000,0.1396,3,5-10%,1753.976124
0.083914,0,65763,0,70000,0.9395,3,5-10%,5518.436382
0.083967,0,73494,0,200000,0.3675,3,5-10%,6171.070698
0.083974,0,141634,0,200000,0.7082,3,5-10%,11893.573515999999
0.083974,0,2364,-2,200000,0.0118,3,5-10%,198.514536
0.08404,1,5610,-1,340000,0.0165,3,5-10%,471.4644
0.084087,0,258070,0,400000,0.6452,3,5-10%,21700.33209
0.084111,0,60101,0,110000,0.5464,3,5-10%,5055.155211
0.084178,0,4890,-1,200000,0.0244,3,5-10%,411.63042
0.084311,0,31011,0,70000,0.443,3,5-10%,2614.568421
0.084387,0,6829,-2,150000,0.0455,3,5-10%,576.278823
0.084392,0,6905,-2,200000,0.0345,3,5-10%,582.72676
0.084449,0,209263,0,250000,0.8371,3,5-10%,17672.051087
0.084467,0,28397,-1,370000,0.0767,3,5-10%,2398.609399
0.084485,0,136556,0,220000,0.6207,3,5-10%,11536.93366
0.084505,0,96515,0,160000,0.6032,3,5-10%,8156.000075
0.084507,0,83683,0,90000,0.9298,3,5-10%,7071.799281
0.084517,0,9526,0,270000,0.0353,3,5-10%,805.108942
0.08458,0,4750,0,220000,0.0216,3,5-10%,401.755
0.084597,0,2039,-2,270000,0.0076,3,5-10%,172.49328300000002
0.084835,0,18392,0,240000,0.0766,3,5-10%,1560.28532
0.08494,0,7961,-1,80000,0.0995,3,5-10%,676.20734
0.08495,0,11181,0,90000,0.1242,3,5-10%,949.8259499999999
0.084951,0,140133,0,150000,0.9342,3,5-10%,11904.438483
0.085124,0,10048,0,110000,0.0913,3,5-10%,855.325952
0.085158,0,9099,-2,200000,0.0455,3,5-10%,774.852642
0.085243,0,21507,0,300000,0.0717,3,5-10%,1833.321201
0.085247,0,31037,0,220000,0.1411,3,5-10%,2645.811139
0.085273,0,27888,0,50000,0.5578,3,5-10%,2378.093424
0.085273,0,67519,0,120000,0.5627,3,5-10%,5757.547687
0.085274,0,2170,-1,80000,0.0271,3,5-10%,185.04458
0.085329,0,6000,-2,260000,0.0231,3,5-10%,511.974
0.085332,0,212323,0,300000,0.7077,3,5-10%,18117.946236
0.085345,0,0,-2,290000,-0.0001,3,5-10%,0.0
0.085426,0,2381,-1,180000,0.0132,3,5-10%,203.399306
0.085441,0,83074,0,170000,0.4887,3,5-10%,7097.925634
0.085451,0,72462,0,140000,0.5176,3,5-10%,6191.950362
0.08548,0,197204,0,210000,0.9391,3,5-10%,16856.99792
0.085522,0,12590,0,500000,0.0252,3,5-10%,1076.72198
0.085613,0,58323,0,80000,0.729,3,5-10%,4993.206999
0.085614,0,3082,-1,70000,0.044,3,5-10%,263.862348
0.085656,0,49350,0,80000,0.6169,3,5-10%,4227.1236
0.085698,0,186969,0,240000,0.779,3,5-10%,16022.869362
0.085715,0,7806,0,240000,0.0325,3,5-10%,669.09129
0.085757,0,5041,-2,360000,0.014,3,5-10%,432.301037
0.085773,0,5491,-1,210000,0.0261,3,5-10%,470.97954300000004
0.085776,0,61137,0,150000,0.4076,3,5-10%,5244.087312000001
0.085833,0,3436,-1,80000,0.043,3,5-10%,294.922188
0.085879,1,63899,0,80000,0.7987,3,5-10%,5487.582221
0.085893,0,80374,0,110000,0.7307,3,5-10%,6903.563982
0.085923,0,49707,0,100000,0.4971,3,5-10%,4270.974561
0.085927,0,3862,-1,300000,0.0129,3,5-10%,331.850074
0.086129,1,6259,-1,500000,0.0125,3,5-10%,539.081411
0.086131,0,6888,-2,340000,0.0203,3,5-10%,593.270328
0.086143,0,92802,0,150000,0.6187,3,5-10%,7994.242686
0.086155,0,90972,0,120000,0.7581,3,5-10%,7837.69266
0.086216,0,12071,-2,260000,0.0464,3,5-10%,1040.713336
0.086286,0,0,-2,360000,-0.0001,3,5-10%,0.0
0.086286,0,1246,-2,360000,0.0035,3,5-10%,107.512356
0.086299,0,51499,0,110000,0.4682,3,5-10%,4444.312201
0.086346,0,12393,0,80000,0.1549,3,5-10%,1070.085978
0.086378,0,168161,0,210000,0.8008,3,5-10%,14525.410858
0.086436,0,20650,0,280000,0.0738,3,5-10%,1784.9034
0.086534,0,18662,-1,210000,0.0889,3,5-10%,1614.897508
0.086563,0,5253,-2,150000,0.035,3,5-10%,454.715439
0.086675,0,70204,0,100000,0.702,3,5-10%,6084.9317
0.086676,0,60980,0,80000,0.7622,3,5-10%,5285.50248
0.086745,0,1945,-1,200000,0.0097,3,5-10%,168.71902500000002
0.086778,0,7331,-1,200000,0.0367,3,5-10%,636.1695179999999
0.086788,0,162051,0,190000,0.8529,3,5-10%,14064.082188
0.086806,0,4857,-1,150000,0.0324,3,5-10%,421.616742
0.086838,0,0,-2,360000,0.0,3,5-10%,0.0
0.086846,0,5832,0,50000,0.1166,3,5-10%,506.48587200000003
0.086852,0,83176,0,90000,0.9242,3,5-10%,7224.001952
0.086872,0,43507,0,180000,0.2417,3,5-10%,3779.540104
0.086882,0,2789,-2,230000,0.0121,3,5-10%,242.313898
0.086888,0,204191,0,210000,0.9723,3,5-10%,17741.747608
0.086909,0,30382,1,50000,0.6076,3,5-10%,2640.469238
0.086914,0,63558,0,80000,0.7945,3,5-10%,5524.080012
0.086918,0,304922,0,330000,0.924,3,5-10%,26503.210396
0.086995,0,59223,-2,80000,0.7403,3,5-10%,5152.104885
0.087049,0,94657,0,100000,0.9466,3,5-10%,8239.797193
0.087094,0,22854,0,50000,0.4571,3,5-10%,1990.4462760000001
0.087123,0,8872,-1,330000,0.0269,3,5-10%,772.9552560000001
0.087128,0,9796,0,180000,0.0544,3,5-10%,853.505888
0.08713,1,1689,-2,470000,0.0036,3,5-10%,147.16257
0.087155,1,15000,0,90000,0.1667,3,5-10%,1307.325
0.087196,1,6456,-1,30000,0.2152,3,5-10%,562.937376
0.087206,0,51864,0,90000,0.5763,3,5-10%,4522.851984
0.087213,0,7448,0,150000,0.0497,3,5-10%,649.562424
0.087224,0,38324,0,360000,0.1065,3,5-10%,3342.772576
0.087228,0,128278,0,150000,0.8552,3,5-10%,11189.433384
0.087258,0,1413,-1,300000,0.0047,3,5-10%,123.29555400000001
0.087349,0,92174,0,130000,0.709,3,5-10%,8051.306726
0.087381,0,69767,0,80000,0.8721,3,5-10%,6096.310227
0.087398,1,90599,0,110000,0.8236,3,5-10%,7918.171402
0.08744,0,62300,0,100000,0.623,3,5-10%,5447.512000000001
0.087468,0,2200,-2,250000,0.0088,3,5-10%,192.42960000000002
0.087497,0,44855,-1,340000,0.1319,3,5-10%,3924.677935
0.087517,0,78562,0,80000,0.982,3,5-10%,6875.5105539999995
0.087552,1,175353,0,200000,0.8768,3,5-10%,15352.505856000002
0.087603,0,38487,0,50000,0.7697,3,5-10%,3371.576661
0.087716,0,6618,0,200000,0.0331,3,5-10%,580.504488
0.087723,0,234447,0,330000,0.7104,3,5-10%,20566.394181
0.087763,0,1891,-2,260000,0.0073,3,5-10%,165.95983299999997
0.087777,0,146661,0,150000,0.9777,3,5-10%,12873.462597
0.087813,1,6135,-2,420000,0.0146,3,5-10%,538.732755
0.087824,0,1815,-1,310000,0.0059,3,5-10%,159.40056
0.087874,0,98221,0,140000,0.7016,3,5-10%,8631.072154
0.087887,0,33058,0,80000,0.4132,3,5-10%,2905.3684460000004
0.087901,0,51533,0,80000,0.6442,3,5-10%,4529.802233
0.087926,0,4520,-1,200000,0.0226,3,5-10%,397.42552
0.087933,0,177633,0,180000,0.9868,3,5-10%,15619.802588999999
0.088012,0,12272,0,150000,0.0818,3,5-10%,1080.083264
0.088027,0,171768,0,180000,0.9543,3,5-10%,15120.221736
0.088165,0,113125,0,180000,0.6285,3,5-10%,9973.665625
0.088187,0,250475,0,340000,0.7367,3,5-10%,22088.638825
0.088202,0,203135,0,230000,0.8832,3,5-10%,17916.91327
0.088232,0,22579,0,270000,0.0836,3,5-10%,1992.1903280000001
0.088283,0,40612,0,80000,0.5077,3,5-10%,3585.349196
0.088314,0,85822,0,90000,0.9536,3,5-10%,7579.284108000001
0.088318,0,132070,0,140000,0.9434,3,5-10%,11664.158259999998
0.088357,0,164824,0,170000,0.9696,3,5-10%,14563.354168000002
0.08836,0,151963,0,160000,0.9498,3,5-10%,13427.45068
0.088415,0,16731,-1,360000,0.0465,3,5-10%,1479.2713649999998
0.088428,0,19438,0,50000,0.3888,3,5-10%,1718.863464
0.088442,0,17621,0,90000,0.1958,3,5-10%,1558.436482
0.088564,0,106396,0,150000,0.7093,3,5-10%,9422.855344
0.088588,0,5419,-2,230000,0.0236,3,5-10%,480.058372
0.088638,0,42325,0,200000,0.2116,3,5-10%,3751.60335
0.08865,0,44999,0,80000,0.5625,3,5-10%,3989.1613500000003
0.088742,0,9255,0,130000,0.0712,3,5-10%,821.30721
0.088786,0,570,-2,390000,0.0015,3,5-10%,50.60802
0.088993,1,61454,0,80000,0.7682,3,5-10%,5468.975822
0.089039,0,127544,0,130000,0.9811,3,5-10%,11356.390216
0.089047,0,37242,0,80000,0.4655,3,5-10%,3316.288374
0.089062,0,24591,0,120000,0.2049,3,5-10%,2190.123642
0.089147,0,7545,-1,280000,0.0269,3,5-10%,672.6141150000001
0.089193,1,11058,0,40000,0.2764,3,5-10%,986.2961939999999
0.089245,0,134168,0,180000,0.7454,3,5-10%,11973.82316
0.089291,0,16996,0,180000,0.0944,3,5-10%,1517.5898359999999
0.089293,0,5195,0,50000,0.1039,3,5-10%,463.877135
0.089339,0,92766,0,150000,0.6184,3,5-10%,8287.621674
0.089431,0,102358,0,160000,0.6397,3,5-10%,9153.978298
0.089498,0,2976,-1,440000,0.0068,3,5-10%,266.346048
0.089505,0,58592,0,80000,0.7324,3,5-10%,5244.27696
0.089579,0,35401,0,80000,0.4425,3,5-10%,3171.1861790000003
0.089743,1,112022,0,160000,0.7001,3,5-10%,10053.190346000001
0.089779,0,98006,0,110000,0.891,3,5-10%,8798.880674
0.089885,0,39839,0,80000,0.498,3,5-10%,3580.928515
0.089886,0,2184,-2,330000,0.0066,3,5-10%,196.31102399999997
0.089892,1,24782,-1,90000,0.2754,3,5-10%,2227.703544
0.090088,0,40019,0,50000,0.8004,3,5-10%,3605.231672
0.090119,0,113368,0,150000,0.7558,3,5-10%,10216.610792000001
0.090134,0,25083,0,30000,0.8361,3,5-10%,2260.831122
0.090266,0,83050,0,110000,0.755,3,5-10%,7496.5913
0.09027,0,13302,0,500000,0.0266,3,5-10%,1200.77154
0.090301,0,49782,0,110000,0.4526,3,5-10%,4495.364382000001
0.090331,0,46222,0,70000,0.6603,3,5-10%,4175.279482
0.090343,0,3961,-2,450000,0.0088,3,5-10%,357.84862300000003
0.090415,0,21854,1,210000,0.1041,3,5-10%,1975.92941
0.090457,0,8406,0,50000,0.1681,3,5-10%,760.381542
0.090481,0,79642,0,90000,0.8849,3,5-10%,7206.087802000001
0.090516,0,31142,0,60000,0.519,3,5-10%,2818.849272
0.090517,0,10815,-1,450000,0.024,3,5-10%,978.941355
0.090565,0,25339,0,130000,0.1949,3,5-10%,2294.826535
0.090584,0,3808,-1,20000,0.1904,3,5-10%,344.943872
0.090597,1,456,-2,150000,0.003,3,5-10%,41.312232
0.090615,0,4400,-2,260000,0.0169,3,5-10%,398.706
0.090651,0,20995,0,50000,0.4199,3,5-10%,1903.217745
0.090813,0,11399,-1,200000,0.057,3,5-10%,1035.177387
0.090889,0,1799,-2,280000,0.0064,3,5-10%,163.509311
0.090998,0,18239,0,30000,0.608,3,5-10%,1659.7125219999998
0.091035,0,159351,0,220000,0.7243,3,5-10%,14506.518285
0.091055,0,187070,0,510000,0.3668,3,5-10%,17033.65885
0.091113,0,24640,0,240000,0.1027,3,5-10%,2245.02432
0.091138,0,14500,0,50000,0.29,3,5-10%,1321.501
0.091198,0,204144,0,220000,0.9279,3,5-10%,18617.524512
0.091271,0,13067,-1,180000,0.0726,3,5-10%,1192.638157
0.091282,0,673,-2,430000,0.0016,3,5-10%,61.432786
0.091293,0,73472,0,110000,0.6679,3,5-10%,6707.4792959999995
0.091331,0,7565,0,100000,0.0756,3,5-10%,690.919015
0.091365,0,63594,0,110000,0.5781,3,5-10%,5810.26581
0.091465,0,5344,-1,360000,0.0148,3,5-10%,488.78896000000003
0.09154,0,63820,0,70000,0.9117,3,5-10%,5842.0828
0.09155,0,65800,0,110000,0.5982,3,5-10%,6023.990000000001
0.091573,0,53584,0,60000,0.8931,3,5-10%,4906.847632
0.091646,0,16812,0,120000,0.1401,3,5-10%,1540.7525520000002
0.091658,0,947,-1,360000,0.0026,3,5-10%,86.800126
0.091717,0,100904,0,120000,0.8409,3,5-10%,9254.612168000001
0.091749,0,1880,-2,80000,0.0235,3,5-10%,172.48811999999998
0.091753,0,26350,0,60000,0.4392,3,5-10%,2417.69155
0.091801,0,1689,-1,80000,0.0211,3,5-10%,155.051889
0.091815,1,0,1,500000,0.0,3,5-10%,0.0
0.091834,0,28406,0,60000,0.4734,3,5-10%,2608.636604
0.091932,0,15596,-2,200000,0.078,3,5-10%,1433.771472
0.091943,0,119788,0,150000,0.7986,3,5-10%,11013.668083999999
0.091972,0,169531,0,170000,0.9972,3,5-10%,15592.105132
0.092001,0,21489,0,360000,0.0597,3,5-10%,1977.009489
0.092003,0,124082,0,190000,0.6531,3,5-10%,11415.916246
0.092055,0,34580,0,60000,0.5763,3,5-10%,3183.2619
0.092058,0,3925,-1,500000,0.0078,3,5-10%,361.32765
0.092099,0,74012,0,90000,0.8224,3,5-10%,6816.4311880000005
0.092174,0,98944,0,100000,0.9894,3,5-10%,9120.064256000001
0.092214,0,8068,0,140000,0.0576,3,5-10%,743.982552
0.092222,0,225614,0,240000,0.9401,3,5-10%,20806.574308
0.092231,0,104014,0,150000,0.6934,3,5-10%,9593.315234
0.092298,0,9214,0,70000,0.1316,3,5-10%,850.4337720000001
0.092341,0,69866,0,70000,0.9981,3,5-10%,6451.496306
0.092382,0,778,-2,200000,0.0039,3,5-10%,71.87319600000001
0.092451,0,2308,-1,110000,0.021,3,5-10%,213.37690800000001
0.092552,0,19020,0,120000,0.1585,3,5-10%,1760.3390399999998
0.092591,0,332,-2,220000,0.0015,3,5-10%,30.740212000000003
0.092685,0,43979,0,50000,0.8796,3,5-10%,4076.193615
0.092703,0,7100,0,130000,0.0546,3,5-10%,658.1913
0.092722,0,2419,0,320000,0.0076,3,5-10%,224.294518
0.09278,1,14033,-1,300000,0.0468,3,5-10%,1301.98174
0.092796,0,12566,-1,100000,0.1257,3,5-10%,1166.074536
0.092851,0,5883,-1,230000,0.0256,3,5-10%,546.242433
0.092943,0,24822,0,80000,0.3103,3,5-10%,2307.031146
0.093013,1,48264,0,50000,0.9653,3,5-10%,4489.179432
0.093029,0,178911,-1,240000,0.7455,3,5-10%,16643.911419
0.09309,0,133845,0,130000,1.0296,3,5-10%,12459.63105
0.093115,1,69760,0,80000,0.872,3,5-10%,6495.7024
0.09313,0,163418,0,160000,1.0214,3,5-10%,15219.11834
0.093224,0,3956,-2,120000,0.033,3,5-10%,368.794144
0.093267,0,182424,0,140000,1.303,3,5-10%,17014.139208
0.093292,0,70540,0,80000,0.8818,3,5-10%,6580.81768
0.093322,0,1041,-1,360000,0.0029,3,5-10%,97.148202
0.093324,0,9585,-1,200000,0.0479,3,5-10%,894.51054
0.093424,0,22504,0,60000,0.3751,3,5-10%,2102.413696
0.093459,0,5742,-1,10000,0.5742,3,5-10%,536.641578
0.093476,0,293481,0,320000,0.9171,3,5-10%,27433.429956
0.093493,0,1863,-2,280000,0.0067,3,5-10%,174.177459
0.093507,0,17895,-1,20000,0.8948,3,5-10%,1673.307765
0.09352,0,74380,0,80000,0.9298,3,5-10%,6956.0176
0.093613,0,45124,0,100000,0.4512,3,5-10%,4224.193012
0.093723,0,5879,-1,200000,0.0294,3,5-10%,550.997517
0.093812,0,23379,0,90000,0.2598,3,5-10%,2193.230748
0.093831,0,117705,0,270000,0.4359,3,5-10%,11044.377855
0.09388,0,12570,0,50000,0.2514,3,5-10%,1180.0716
0.093891,0,23970,0,130000,0.1844,3,5-10%,2250.56727
0.093906,0,102087,0,130000,0.7853,3,5-10%,9586.581822
0.093969,0,105836,0,200000,0.5292,3,5-10%,9945.303084
0.094121,0,0,1,170000,-0.006,3,5-10%,0.0
0.094139,1,87478,0,100000,0.8748,3,5-10%,8235.091442
0.094178,0,3783,0,180000,0.021,3,5-10%,356.275374
0.094201,0,715,-1,180000,0.004,3,5-10%,67.353715
0.09424,0,116314,0,120000,0.9693,4,5-10%,10961.43136
0.094343,0,24203,0,50000,0.4841,4,5-10%,2283.383629
0.094347,0,2479,-1,280000,0.0089,4,5-10%,233.886213
0.094387,0,16060,-2,160000,0.1004,4,5-10%,1515.85522
0.09441,0,352730,0,400000,0.8818,4,5-10%,33301.2393
0.094422,0,12263,-1,270000,0.0454,4,5-10%,1157.896986
0.09443,0,0,-2,320000,0.0,4,5-10%,0.0
0.094432,0,17962,0,20000,0.8981,4,5-10%,1696.187584
0.094599,0,198,-2,280000,0.0007,4,5-10%,18.730602
0.0946,0,19188,0,80000,0.2398,4,5-10%,1815.1848
0.094665,0,54357,0,180000,0.302,4,5-10%,5145.705405
0.094672,0,6571,-2,310000,0.0212,4,5-10%,622.0897120000001
0.094758,0,173922,0,170000,1.0231,4,5-10%,16480.500876
0.094784,0,92806,0,110000,0.8437,4,5-10%,8796.523904
0.094795,0,55788,1,200000,0.2789,4,5-10%,5288.42346
0.094813,1,497106,0,630000,0.7891,4,5-10%,47132.111178
0.094816,0,4453,-1,180000,0.0247,4,5-10%,422.215648
0.094864,0,384150,0,480000,0.8003,4,5-10%,36442.005600000004
0.094931,0,0,-2,330000,0.0,4,5-10%,0.0
0.095038,0,76306,0,80000,0.9538,4,5-10%,7251.969628
0.095065,0,4031,-1,500000,0.0081,4,5-10%,383.207015
0.095073,0,9417,0,30000,0.3139,4,5-10%,895.302441
0.095112,0,28428,0,100000,0.2843,4,5-10%,2703.843936
0.095115,0,16891,-2,180000,0.0938,4,5-10%,1606.587465
0.095134,1,3388,-2,200000,0.0169,4,5-10%,322.313992
0.095153,0,27320,0,50000,0.5464,4,5-10%,2599.57996
0.095183,0,135320,0,160000,0.8458,4,5-10%,12880.16356
0.095183,0,137254,0,140000,0.9804,4,5-10%,13064.247482
0.095189,0,4696,0,540000,0.0087,4,5-10%,447.007544
0.095215,0,25806,0,210000,0.1229,4,5-10%,2457.11829
0.095243,1,0,1,110000,-0.0009,4,5-10%,0.0
0.09527,0,95326,0,100000,0.9533,4,5-10%,9081.70802
0.095362,0,746814,0,730000,1.023,4,5-10%,71217.676668
0.095378,0,63455,0,70000,0.9065,4,5-10%,6052.2109900000005
0.095424,0,21641,0,100000,0.2164,4,5-10%,2065.070784
0.095435,0,3890,-1,300000,0.013,4,5-10%,371.24215000000004
0.095473,0,0,1,240000,-0.0093,4,5-10%,0.0
0.095491,0,111907,0,160000,0.6994,4,5-10%,10686.111337
0.095514,0,10668,-1,480000,0.0222,4,5-10%,1018.943352
0.095525,0,1821,-2,260000,0.007,4,5-10%,173.951025
0.095529,0,51630,0,80000,0.6454,4,5-10%,4932.16227
0.095589,0,238739,0,310000,0.7701,4,5-10%,22820.822270999997
0.095609,0,82609,0,100000,0.8261,4,5-10%,7898.163881
0.095647,1,960,-1,160000,0.006,4,5-10%,91.82112
0.095724,0,30425,0,190000,0.1601,4,5-10%,2912.4027
0.095757,0,16090,0,50000,0.3218,4,5-10%,1540.73013
0.095777,0,269,-1,280000,0.001,4,5-10%,25.764013
0.095784,0,29875,0,50000,0.5975,4,5-10%,2861.547
0.095827,0,26666,0,50000,0.5333,4,5-10%,2555.3227819999997
0.095926,0,88143,0,120000,0.7345,4,5-10%,8455.205418
0.096009,0,141530,0,140000,1.0109,4,5-10%,13588.153769999999
0.096044,0,7625,-2,220000,0.0347,4,5-10%,732.3355
0.096056,0,94586,0,140000,0.6756,4,5-10%,9085.552816
0.096084,0,3253,-2,340000,0.0096,4,5-10%,312.561252
0.096125,0,13717,0,50000,0.2743,4,5-10%,1318.546625
0.096156,0,5442,0,230000,0.0237,4,5-10%,523.2809520000001
0.096163,0,67090,0,80000,0.8386,4,5-10%,6451.57567
0.096252,0,3821,-1,360000,0.0106,4,5-10%,367.77889200000004
0.096299,0,2507,-1,580000,0.0043,4,5-10%,241.421593
0.096426,0,0,1,420000,0.0,4,5-10%,0.0
0.09647,1,209807,0,210000,0.9991,4,5-10%,20240.08129
0.0966,0,5623,-2,240000,0.0234,4,5-10%,543.1818000000001
0.09662,0,46179,0,50000,0.9236,4,5-10%,4461.81498
0.096658,0,0,-2,310000,-0.0068,4,5-10%,0.0
0.09676,0,101596,0,120000,0.8466,4,5-10%,9830.42896
0.096844,0,18224,0,60000,0.3037,4,5-10%,1764.885056
0.096877,0,47867,-2,80000,0.5983,4,5-10%,4637.211359
0.096892,0,40810,0,100000,0.4081,4,5-10%,3954.1625200000003
0.096934,0,0,1,210000,0.0,4,5-10%,0.0
0.096956,0,96509,0,100000,0.9651,4,5-10%,9357.126604000001
0.096961,0,399099,0,400000,0.9977,4,5-10%,38697.038139000004
0.096989,0,14891,-1,100000,0.1489,4,5-10%,1444.263199
0.097081,0,780,-1,20000,0.039,4,5-10%,75.72318
0.097087,0,7975,-1,360000,0.0222,4,5-10%,774.2688250000001
0.097115,0,29997,-1,300000,0.1,4,5-10%,2913.158655
0.097125,0,16601,0,100000,0.166,4,5-10%,1612.372125
0.097128,1,142129,0,140000,1.0152,4,5-10%,13804.705512
0.097154,0,23285,-1,310000,0.0751,4,5-10%,2262.2308900000003
0.097172,0,2162,0,210000,0.0103,4,5-10%,210.085864
0.097337,0,783,-1,290000,0.0027,4,5-10%,76.214871
0.097347,0,128595,0,210000,0.6124,4,5-10%,12518.337465
0.097451,0,11770,-1,40000,0.2942,4,5-10%,1146.99827
0.097542,0,94656,0,100000,0.9466,4,5-10%,9232.935552
0.097659,0,466,-2,200000,0.0023,4,5-10%,45.509094
0.097667,0,123460,0,140000,0.8819,4,5-10%,12057.96782
0.097759,0,25028,0,80000,0.3128,4,5-10%,2446.712252
0.097772,0,15138,0,200000,0.0757,4,5-10%,1480.072536
0.097784,1,262518,0,290000,0.9052,4,5-10%,25670.060112
0.097809,0,85343,0,100000,0.8534,4,5-10%,8347.313487
0.097868,0,12663,-1,360000,0.0352,4,5-10%,1239.302484
0.097893,0,3817,0,90000,0.0424,4,5-10%,373.657581
0.098048,0,21670,-1,300000,0.0722,4,5-10%,2124.70016
0.098053,0,16861,0,70000,0.2409,4,5-10%,1653.271633
0.098076,1,6687,0,180000,0.0372,4,5-10%,655.834212
0.098193,0,16000,0,200000,0.08,4,5-10%,1571.088
0.098271,0,1540,-1,50000,0.0308,4,5-10%,151.33733999999998
0.098321,0,169263,0,180000,0.9404,4,5-10%,16642.107423
0.098323,0,2208,-1,240000,0.0092,4,5-10%,217.097184
0.098333,0,216170,0,240000,0.9007,4,5-10%,21256.64461
0.098462,0,183,-1,60000,0.0031,4,5-10%,18.018546
0.098471,0,5814,-1,50000,0.1163,4,5-10%,572.510394
0.098482,0,7236,-1,200000,0.0362,4,5-10%,712.615752
0.098537,0,146224,0,190000,0.7696,4,5-10%,14408.474288
0.098631,0,65186,0,80000,0.8148,4,5-10%,6429.360366
0.098654,0,61943,0,80000,0.7743,4,5-10%,6110.924722000001
0.098682,0,1905,-2,180000,0.0106,4,5-10%,187.98921
0.098725,0,3664,-1,450000,0.0081,4,5-10%,361.72839999999997
0.098771,1,16459,-2,350000,0.047,4,5-10%,1625.671889
0.098781,0,20596,0,70000,0.2942,4,5-10%,2034.4934759999999
0.098808,0,18955,0,120000,0.158,4,5-10%,1872.9056400000002
0.098843,0,1674,-1,200000,0.0084,4,5-10%,165.463182
0.098889,1,239715,-1,340000,0.705,4,5-10%,23705.176635
0.098949,0,118847,0,120000,0.9904,4,5-10%,11759.791803
0.098952,0,29789,0,50000,0.5958,4,5-10%,2947.681128
0.098987,0,4539,-1,380000,0.0119,4,5-10%,449.30199300000004
0.098993,0,5010,-1,240000,0.0209,4,5-10%,495.95493
0.098995,1,2555,-1,140000,0.0182,4,5-10%,252.932225
0.099048,0,109464,0,130000,0.842,4,5-10%,10842.190272
0.099087,0,176853,0,230000,0.7689,4,5-10%,17523.833210999997
0.0991,0,205938,0,230000,0.8954,4,5-10%,20408.4558
0.099288,0,1183,-1,110000,0.0108,4,5-10%,117.457704
0.099331,0,3327,-2,220000,0.0151,4,5-10%,330.474237
0.099359,0,72185,0,80000,0.9023,4,5-10%,7172.229415
0.099382,0,224852,0,220000,1.0221,4,5-10%,22346.241464
0.099409,0,5511,-1,300000,0.0184,4,5-10%,547.842999
0.099415,1,274558,0,290000,0.9468,4,5-10%,27295.18357
0.099421,0,83845,0,100000,0.8384,4,5-10%,8335.953744999999
0.099447,0,43583,0,50000,0.8717,4,5-10%,4334.198601
0.099525,0,65324,0,100000,0.6532,4,5-10%,6501.3711
0.099593,0,7249,-1,150000,0.0483,4,5-10%,721.949657
0.0996,1,314994,0,350000,0.9,4,5-10%,31373.4024
0.099605,0,1740,-2,200000,0.0087,4,5-10%,173.3127
0.099673,0,52595,0,240000,0.2191,4,5-10%,5242.301435
0.0997,0,81553,0,90000,0.9061,4,5-10%,8130.8341
0.099706,0,46140,0,330000,0.1398,4,5-10%,4600.43484
0.09972,0,28428,0,50000,0.5686,4,5-10%,2834.84016
0.099726,0,83939,0,90000,0.9327,4,5-10%,8370.900714
0.099738,0,1706,-1,20000,0.0853,4,5-10%,170.15302799999998
0.099758,0,2283,-2,230000,0.0099,4,5-10%,227.747514
0.099801,0,390,-1,100000,0.0039,4,5-10%,38.92239
0.099892,0,9424,-1,100000,0.0942,4,5-10%,941.382208
0.099914,0,4166,-1,50000,0.0833,4,5-10%,416.24172400000003
0.099935,0,57798,0,80000,0.7225,4,5-10%,5776.04313
0.09997,0,49605,0,70000,0.7086,4,5-10%,4959.01185
0.099993,0,7338,-1,230000,0.0319,4,5-10%,733.748634
0.100097,0,23486,0,240000,0.0979,4,10-20%,2350.878142
0.100137,0,38251,0,50000,0.765,4,10-20%,3830.340387
0.10018,0,3462,-1,160000,0.0216,4,10-20%,346.82316000000003
0.100253,0,371724,0,450000,0.8261,4,10-20%,37266.446171999996
0.10029,0,264971,0,360000,0.736,4,10-20%,26573.941590000002
0.100392,0,1530,-1,240000,0.0064,4,10-20%,153.59976
0.1004,0,77347,0,80000,0.9668,4,10-20%,7765.638800000001
0.1004,0,48890,0,60000,0.8148,4,10-20%,4908.5560000000005
0.100428,0,18568,-1,200000,0.0928,4,10-20%,1864.747104
0.100507,0,18310,0,110000,0.1665,4,10-20%,1840.28317
0.100578,0,88210,0,120000,0.7351,4,10-20%,8871.98538
0.100614,0,2774,-1,220000,0.0126,4,10-20%,279.103236
0.100619,0,145574,0,180000,0.8087,4,10-20%,14647.510306
0.100807,0,1722,-1,90000,0.0191,4,10-20%,173.589654
0.100815,0,4225,-2,80000,0.0528,4,10-20%,425.943375
0.100845,0,26694,0,20000,1.3347,4,10-20%,2691.95643
0.100853,1,470400,0,480000,0.98,4,10-20%,47441.2512
0.100872,1,7320,0,20000,0.366,4,10-20%,738.38304
0.100915,0,91915,0,110000,0.8356,4,10-20%,9275.602225
0.100965,0,5334,-1,30000,0.1778,4,10-20%,538.54731
0.101011,0,351828,0,340000,1.0348,4,10-20%,35538.498108
0.101049,1,6464,-2,400000,0.0162,4,10-20%,653.180736
0.101076,0,48684,0,70000,0.6955,4,10-20%,4920.783984
0.101076,0,98908,0,100000,0.9891,4,10-20%,9997.225008
0.101101,0,74464,0,80000,0.9308,4,10-20%,7528.384864
0.101117,0,117029,0,120000,0.9752,4,10-20%,11833.621393
0.101123,0,13107,0,90000,0.1456,4,10-20%,1325.419161
0.101129,0,142428,0,140000,1.0173,4,10-20%,14403.601212
0.101138,0,32312,0,50000,0.6462,4,10-20%,3267.9710560000003
0.101193,0,193229,0,200000,0.9661,4,10-20%,19553.422197
0.101198,0,692,-1,200000,0.0035,4,10-20%,70.029016
0.101199,0,3873,-1,450000,0.0086,4,10-20%,391.94372699999997
0.101283,0,19989,-1,80000,0.2499,4,10-20%,2024.545887
0.101375,0,253286,0,320000,0.7915,4,10-20%,25676.868250000003
0.101384,0,49885,0,290000,0.172,4,10-20%,5057.54084
0.1014,0,118016,0,120000,0.9835,4,10-20%,11966.822400000001
0.101439,1,2984,0,400000,0.0075,4,10-20%,302.693976
0.101484,0,19331,0,20000,0.9666,4,10-20%,1961.7872040000002
0.101545,0,4701,0,200000,0.0235,4,10-20%,477.363045
0.101548,0,10765,0,230000,0.0468,4,10-20%,1093.16422
0.101658,0,242,-1,450000,0.0005,4,10-20%,24.601236
0.101709,1,149698,0,180000,0.8317,4,10-20%,15225.633881999998
0.101715,0,57314,-1,80000,0.7164,4,10-20%,5829.69351
0.101771,0,995,-2,310000,0.0032,4,10-20%,101.262145
0.101813,0,11273,0,100000,0.1127,4,10-20%,1147.737949
0.101838,0,134936,0,140000,0.9638,4,10-20%,13741.612368
0.101844,0,2155,-2,200000,0.0108,4,10-20%,219.47382000000002
0.101859,0,152105,0,150000,1.014,4,10-20%,15493.263195000001
0.101866,0,47479,0,50000,0.9496,4,10-20%,4836.495814
0.10194,1,749,1,60000,0.0125,4,10-20%,76.35306
0.101996,0,48092,0,50000,0.9618,4,10-20%,4905.191632
0.102032,0,9634,-2,30000,0.3211,4,10-20%,982.976288
0.102053,0,3835,-2,100000,0.0384,4,10-20%,391.37325500000003
0.102086,0,8154,-2,260000,0.0314,4,10-20%,832.409244
0.102091,0,53986,0,60000,0.8998,4,10-20%,5511.484726
0.102123,0,80959,0,110000,0.736,4,10-20%,8267.775957
0.102191,0,156400,0,160000,0.9775,4,10-20%,15982.672400000001
0.102192,1,63745,0,70000,0.9106,4,10-20%,6514.22904
0.102194,0,240506,0,290000,0.8293,4,10-20%,24578.270163999998
0.102219,0,33763,0,500000,0.0675,4,10-20%,3451.2200970000004
0.102281,0,21249,0,50000,0.425,4,10-20%,2173.368969
0.102317,0,11894,0,80000,0.1487,4,10-20%,1216.958398
0.102602,0,43994,0,50000,0.8799,4,10-20%,4513.872388
0.102707,0,248832,0,300000,0.8294,4,10-20%,25556.788224
0.102805,0,1092,-2,290000,0.0038,4,10-20%,112.26306
0.102831,0,67692,0,80000,0.8462,4,10-20%,6960.836052000001
0.10286,1,1018,1,130000,0.0078,4,10-20%,104.71148
0.10288,0,13159,-1,140000,0.094,4,10-20%,1353.79792
0.102884,0,35602,0,60000,0.5934,4,10-20%,3662.8761680000002
0.102944,0,101614,0,100000,1.0161,4,10-20%,10460.551615999999
0.103124,0,4400,-1,180000,0.0244,4,10-20%,453.74559999999997
0.103131,0,27224,0,30000,0.9075,4,10-20%,2807.638344
0.103161,0,202,-1,380000,0.0005,4,10-20%,20.838522
0.103261,0,99687,-1,410000,0.2431,4,10-20%,10293.779307
0.103313,0,33243,0,50000,0.6649,4,10-20%,3434.434059
0.103332,0,12878,0,100000,0.1288,4,10-20%,1330.709496
0.103388,0,29287,0,50000,0.5857,4,10-20%,3027.924356
0.103404,0,4473,-2,150000,0.0298,4,10-20%,462.526092
0.103422,0,49604,0,50000,0.9921,4,10-20%,5130.144888
0.103519,0,118025,0,150000,0.7868,4,10-20%,12217.829975
0.10354,0,22616,0,50000,0.4523,4,10-20%,2341.66064
0.103716,0,113707,0,130000,0.8747,4,10-20%,11793.235212
0.103727,0,2780,-2,200000,0.0139,4,10-20%,288.36106
0.103756,0,331697,0,380000,0.8729,4,10-20%,34415.553932
0.103763,0,13512,0,160000,0.0844,4,10-20%,1402.045656
0.103768,0,13123,0,60000,0.2187,4,10-20%,1361.747464
0.103792,0,276377,0,290000,0.953,4,10-20%,28685.721584
0.103811,0,130067,0,130000,1.0005,4,10-20%,13502.385337
0.103874,0,319082,-1,500000,0.6382,4,10-20%,33144.323668
0.103888,0,0,1,230000,-0.0009,4,10-20%,0.0
0.103955,0,11157,0,290000,0.0385,4,10-20%,1159.825935
0.104027,0,6915,-1,190000,0.0364,4,10-20%,719.3467049999999
0.10403,0,228342,0,230000,0.9928,4,10-20%,23754.41826
0.104097,0,6859,-2,290000,0.0237,4,10-20%,714.001323
0.104136,0,0,-2,300000,0.0,4,10-20%,0.0
0.10416,0,171041,0,180000,0.9502,4,10-20%,17815.63056
0.10418,0,4800,-1,200000,0.024,4,10-20%,500.06399999999996
0.104182,1,193641,0,200000,0.9682,4,10-20%,20173.906661999998
0.104205,0,54216,0,60000,0.9036,4,10-20%,5649.578280000001
0.104207,0,1905,-2,90000,0.0212,4,10-20%,198.514335
0.104242,0,1750,-1,140000,0.0125,4,10-20%,182.4235
0.104349,0,13565,0,100000,0.1356,4,10-20%,1415.494185
0.104364,0,11148,0,50000,0.223,4,10-20%,1163.449872
0.104391,0,193083,0,200000,0.9654,4,10-20%,20156.127453
0.104454,0,1466,-1,280000,0.0052,4,10-20%,153.12956400000002
0.104458,0,171237,0,180000,0.9513,4,10-20%,17887.074546
0.104464,0,4560,0,50000,0.0912,4,10-20%,476.35584
0.104491,0,48316,0,50000,0.9663,4,10-20%,5048.587156
0.104533,1,12171,0,80000,0.1521,4,10-20%,1272.271143
0.104538,0,13540,0,20000,0.677,4,10-20%,1415.44452
0.104642,0,76095,0,80000,0.9512,4,10-20%,7962.7329899999995
0.104664,0,50062,0,50000,1.0012,4,10-20%,5239.689168
0.104665,0,4061,0,110000,0.0369,4,10-20%,425.044565
0.104668,0,401298,0,430000,0.9333,4,10-20%,42003.059064
0.104707,0,509,0,80000,0.0064,4,10-20%,53.295863
0.104823,0,103225,0,110000,0.9384,4,10-20%,10820.354175
0.104827,0,30000,-1,120000,0.25,4,10-20%,3144.81
0.104905,0,10867,-1,410000,0.0265,4,10-20%,1140.002635
0.104908,1,3204,-1,240000,0.0134,4,10-20%,336.125232
0.104924,0,32516,0,50000,0.6503,4,10-20%,3411.708784
0.104934,1,136084,0,140000,0.972,4,10-20%,14279.838456
0.104969,0,15931,0,50000,0.3186,4,10-20%,1672.2611390000002
0.104989,0,0,1,400000,-0.0004,4,10-20%,0.0
0.105054,0,4410,-1,500000,0.0088,4,10-20%,463.28814
0.105078,0,38506,0,50000,0.7701,4,10-20%,4046.133468
0.105102,0,943,1,500000,0.0019,4,10-20%,99.111186
0.105129,0,4456,-2,260000,0.0171,4,10-20%,468.454824
0.105156,0,80975,0,120000,0.6748,4,10-20%,8515.0071
0.105185,0,104216,0,110000,0.9474,4,10-20%,10961.95996
0.105245,1,18308,0,150000,0.1221,4,10-20%,1926.82546
0.105257,0,131540,0,140000,0.9396,4,10-20%,13845.505780000001
0.105332,0,8481,0,50000,0.1696,4,10-20%,893.320692
0.105342,0,0,-2,70000,-0.117,4,10-20%,0.0
0.105356,0,72561,0,80000,0.907,4,10-20%,7644.736716
0.105414,0,63436,0,80000,0.793,4,10-20%,6687.042504
0.105441,0,11066,0,50000,0.2213,4,10-20%,1166.810106
0.105505,0,52690,0,80000,0.6586,4,10-20%,5559.05845
0.105523,0,114838,0,130000,0.8834,4,10-20%,12118.050274000001
0.105584,0,28806,0,30000,0.9602,4,10-20%,3041.452704
0.105611,0,24608,0,60000,0.4101,4,10-20%,2598.875488
0.105637,0,52676,0,60000,0.8779,4,10-20%,5564.5346119999995
0.105639,0,18877,-1,310000,0.0609,4,10-20%,1994.147403
0.105692,0,261021,0,370000,0.7055,4,10-20%,27587.831532
0.105708,1,2394,-2,350000,0.0068,4,10-20%,253.064952
0.105792,0,131630,0,130000,1.0125,4,10-20%,13925.400959999999
0.105825,0,390,-2,180000,0.0022,4,10-20%,41.271750000000004
0.105827,0,58246,0,80000,0.7281,4,10-20%,6163.999442
0.105846,0,11561,0,280000,0.0413,4,10-20%,1223.685606
0.105856,0,220208,0,380000,0.5795,4,10-20%,23310.338048
0.105863,0,12695,0,260000,0.0488,4,10-20%,1343.930785
0.105876,0,118175,0,240000,0.4924,4,10-20%,12511.8963
0.105881,0,33944,0,50000,0.6789,4,10-20%,3594.024664
0.105888,0,326,-1,180000,0.0018,4,10-20%,34.519487999999996
0.10594,1,6449,0,360000,0.0179,4,10-20%,683.2070600000001
0.106073,0,61094,0,60000,1.0182,4,10-20%,6480.423862
0.106099,0,6146,-1,360000,0.0171,4,10-20%,652.0844539999999
0.106214,0,52899,0,70000,0.7557,4,10-20%,5618.614386
0.106219,0,78862,0,80000,0.9858,4,10-20%,8376.642778
0.106239,0,68494,0,70000,0.9785,4,10-20%,7276.734066
0.106289,0,11500,0,300000,0.0383,4,10-20%,1222.3235
0.106289,0,16230,-2,360000,0.0451,4,10-20%,1725.07047
0.106305,0,10821,0,50000,0.2164,4,10-20%,1150.326405
0.106321,1,44795,0,150000,0.2986,4,10-20%,4762.649195
0.106323,0,3215,-1,200000,0.0161,4,10-20%,341.828445
0.106361,0,43206,0,50000,0.8641,4,10-20%,4595.433366
0.106439,0,215316,0,250000,0.8613,4,10-20%,22918.019724
0.106451,0,98965,0,150000,0.6598,4,10-20%,10534.923215
0.106453,0,108038,0,140000,0.7717,4,10-20%,11500.969214
0.106486,0,59817,0,60000,0.997,4,10-20%,6369.673062
0.106492,0,0,-2,350000,0.0,4,10-20%,0.0
0.106505,0,29969,0,50000,0.5994,4,10-20%,3191.848345
0.106513,0,22357,0,60000,0.3726,4,10-20%,2381.311141
0.106534,0,10823,0,290000,0.0373,4,10-20%,1153.017482
0.106561,0,1424,-1,230000,0.0062,4,10-20%,151.742864
0.106574,0,19889,0,50000,0.3978,4,10-20%,2119.650286
0.106578,0,48688,0,80000,0.6086,4,10-20%,5189.069664000001
0.10668,0,81382,0,100000,0.8138,4,10-20%,8681.83176
0.10676,0,0,1,260000,0.0,4,10-20%,0.0
0.106769,0,88549,0,130000,0.6811,4,10-20%,9454.288181
0.106844,0,7240,-2,450000,0.0161,4,10-20%,773.5505599999999
0.106883,0,5331,0,160000,0.0333,4,10-20%,569.793273
0.106903,0,7217,-2,400000,0.018,4,10-20%,771.518951
0.106913,0,47757,0,60000,0.796,4,10-20%,5105.844141
0.106972,0,8766,-2,150000,0.0584,4,10-20%,937.716552
0.107025,0,39487,0,50000,0.7897,4,10-20%,4226.096175
0.107058,0,5744,0,80000,0.0718,4,10-20%,614.941152
0.107097,0,3781,0,50000,0.0756,4,10-20%,404.933757
0.107133,0,188698,0,280000,0.6739,4,10-20%,20215.782834
0.107178,0,36081,0,60000,0.6014,4,10-20%,3867.089418
0.10723,0,2095,-2,260000,0.0081,4,10-20%,224.64685
0.107257,0,51102,0,50000,1.022,4,10-20%,5481.047214
0.107316,0,792,-1,130000,0.0061,4,10-20%,84.994272
0.107316,0,1822,-2,160000,0.0114,4,10-20%,195.529752
0.107332,0,4100,-1,120000,0.0342,4,10-20%,440.0612
0.107371,0,8517,-1,440000,0.0194,4,10-20%,914.478807
0.107429,0,23237,0,30000,0.7746,4,10-20%,2496.327673
0.107435,0,18556,0,30000,0.6185,4,10-20%,1993.56386
0.107481,0,123770,0,130000,0.9521,4,10-20%,13302.923369999999
0.107505,0,1442,-2,430000,0.0034,4,10-20%,155.02221
0.107515,0,42931,0,50000,0.8586,4,10-20%,4615.726465
0.107558,0,31373,0,100000,0.3137,4,10-20%,3374.417134
0.107763,0,5359,-1,220000,0.0244,4,10-20%,577.5019169999999
0.107763,0,31281,0,50000,0.6256,4,10-20%,3370.9344029999997
0.107776,1,49507,0,60000,0.8251,4,10-20%,5335.666432
0.107794,1,236267,0,240000,0.9844,4,10-20%,25468.164998
0.107895,0,27293,0,60000,0.4549,4,10-20%,2944.778235
0.107936,0,4664,-2,280000,0.0167,4,10-20%,503.41350400000005
0.107975,0,158651,0,170000,0.9332,4,10-20%,17130.341725000002
0.107979,0,39177,0,50000,0.7835,4,10-20%,4230.293283
0.107982,0,347531,0,420000,0.8275,4,10-20%,37527.092442
0.108045,0,1525,-2,210000,0.0073,4,10-20%,164.76862500000001
0.108052,1,143706,0,150000,0.958,4,10-20%,15527.720711999998
0.108071,0,2114,0,30000,0.0705,4,10-20%,228.462094
0.108171,0,1594,-1,100000,0.0159,4,10-20%,172.424574
0.108212,0,60799,0,100000,0.608,4,10-20%,6579.181388
0.108218,0,257156,0,330000,0.7793,4,10-20%,27828.908008
0.108236,0,7429,-1,160000,0.0464,4,10-20%,804.085244
0.108266,0,688,-1,280000,0.0025,4,10-20%,74.487008
0.108268,1,4684,-1,240000,0.0195,4,10-20%,507.127312
0.108284,0,248034,0,260000,0.954,4,10-20%,26858.113656
0.108287,0,205064,-2,300000,0.6835,4,10-20%,22205.765368
0.10847,0,1900,-2,500000,0.0038,4,10-20%,206.093
0.108497,0,151812,0,150000,1.0121,4,10-20%,16471.146564
0.108515,0,45648,0,60000,0.7608,4,10-20%,4953.49272
0.10867,0,17421,0,330000,0.0528,4,10-20%,1893.1400700000002
0.108809,0,56261,0,60000,0.9377,4,10-20%,6121.703149
0.108817,0,253549,0,310000,0.8179,4,10-20%,27590.441533
0.108852,0,1630,-1,210000,0.0078,4,10-20%,177.42876
0.108904,0,60040,0,70000,0.8577,4,10-20%,6538.59616
0.10891,0,77440,0,80000,0.968,4,10-20%,8433.9904
0.108911,0,6945,-1,50000,0.1389,4,10-20%,756.386895
0.108959,0,97763,0,100000,0.9776,4,10-20%,10652.158717
0.108962,0,58643,0,60000,0.9774,4,10-20%,6389.858566
0.108995,1,57386,-1,150000,0.3826,4,10-20%,6254.787069999999
0.109055,0,3494,-1,200000,0.0175,4,10-20%,381.03817
0.109063,0,284099,0,340000,0.8356,4,10-20%,30984.689237
0.109121,0,8391,-1,320000,0.0262,4,10-20%,915.6343109999999
0.109154,0,82150,0,80000,1.0269,4,10-20%,8967.0011
0.109186,1,17219,0,20000,0.861,4,10-20%,1880.073734
0.109191,1,3972,0,240000,0.0166,4,10-20%,433.70665199999996
0.109264,0,1216,-1,40000,0.0304,4,10-20%,132.865024
0.109427,0,5837,-1,130000,0.0449,4,10-20%,638.7253989999999
0.109481,0,3578,-1,180000,0.0199,4,10-20%,391.72301799999997
0.109559,0,66007,0,70000,0.943,4,10-20%,7231.660913000001
0.109589,0,9725,0,30000,0.3242,4,10-20%,1065.753025
0.1096,0,29664,0,220000,0.1348,4,10-20%,3251.1744
0.109667,0,8193,0,70000,0.117,4,10-20%,898.501731
0.109706,0,4138,-2,160000,0.0259,4,10-20%,453.96342799999996
0.109804,0,3267,-1,150000,0.0218,4,10-20%,358.729668
0.109806,1,48135,0,50000,0.9627,4,10-20%,5285.51181
0.109901,0,10840,-1,500000,0.0217,4,10-20%,1191.32684
0.109929,0,435737,0,500000,0.8715,4,10-20%,47900.132673
0.109937,0,35713,0,50000,0.7143,4,10-20%,3926.1800810000004
0.109956,0,51372,0,80000,0.6422,4,10-20%,5648.659632
0.109981,0,21148,0,60000,0.3525,4,10-20%,2325.8781879999997
0.109993,0,49073,0,50000,0.9815,4,10-20%,5397.686489
0.109999,0,45398,0,50000,0.908,4,10-20%,4993.7346019999995
0.110078,0,15527,-1,60000,0.2588,4,10-20%,1709.181106
0.110081,0,26159,0,50000,0.5232,4,10-20%,2879.608879
0.110119,0,500,-2,200000,0.0025,4,10-20%,55.0595
0.110176,0,233314,0,230000,1.0144,4,10-20%,25705.603263999998
0.110179,0,60058,0,70000,0.858,4,10-20%,6617.130382
0.110205,0,22935,0,70000,0.3276,4,10-20%,2527.551675
0.110239,0,66681,0,70000,0.9526,4,10-20%,7350.846759
0.110299,0,20831,0,180000,0.1157,4,10-20%,2297.638469
0.110324,0,21514,0,50000,0.4303,4,10-20%,2373.5105360000002
0.11038,0,83749,0,100000,0.8375,4,10-20%,9244.21462
0.110422,0,13468,-1,140000,0.0962,4,10-20%,1487.1634960000001
0.110482,0,735,-1,360000,0.002,4,10-20%,81.20427
0.110505,0,389,-1,360000,0.0011,4,10-20%,42.986445
0.110508,0,141740,0,140000,1.0124,4,10-20%,15663.403919999999
0.110535,0,44052,0,50000,0.881,4,10-20%,4869.28782
0.110568,0,1344,-1,150000,0.009,4,10-20%,148.60339199999999
0.110674,0,7086,0,100000,0.0709,4,10-20%,784.235964
0.110772,0,228278,0,240000,0.9512,4,10-20%,25286.810616
0.11079,0,54600,0,80000,0.6825,4,10-20%,6049.134
0.110797,0,18896,0,210000,0.09,4,10-20%,2093.620112
0.110798,0,78312,0,80000,0.9789,4,10-20%,8676.812976
0.110803,0,31164,0,50000,0.6233,4,10-20%,3453.064692
0.110927,0,28157,0,50000,0.5631,4,10-20%,3123.3715389999998
0.110936,0,25577,0,50000,0.5115,4,10-20%,2837.410072
0.110952,0,990,-1,200000,0.005,4,10-20%,109.84248
0.110972,0,389335,0,610000,0.6383,4,10-20%,43205.28362
0.110976,0,277680,0,300000,0.9256,4,10-20%,30815.81568
0.11098,0,834,-1,200000,0.0042,4,10-20%,92.55731999999999
0.110998,0,111255,0,110000,1.0114,4,10-20%,12349.08249
0.111008,1,56291,0,90000,0.6255,4,10-20%,6248.751327999999
0.111156,0,1616,-2,280000,0.0058,4,10-20%,179.628096
0.111167,0,0,-2,200000,0.0,4,10-20%,0.0
0.11128,1,82583,0,100000,0.8258,4,10-20%,9189.83624
0.111306,1,29745,0,30000,0.9915,4,10-20%,3310.79697
0.111319,0,3000,-1,150000,0.02,4,10-20%,333.957
0.111393,0,288033,0,290000,0.9932,4,10-20%,32084.859969
0.111423,0,0,1,400000,0.0,4,10-20%,0.0
0.111432,0,10742,-2,200000,0.0537,4,10-20%,1197.002544
0.111476,0,1772,-1,30000,0.0591,4,10-20%,197.535472
0.111492,0,17355,0,50000,0.3471,4,10-20%,1934.94366
0.111514,0,236168,0,280000,0.8435,4,10-20%,26336.038352
0.11164,0,28579,0,30000,0.9526,4,10-20%,3190.55956
0.111684,0,1520,-1,80000,0.019,4,10-20%,169.75968
0.111694,0,13921,0,50000,0.2784,4,10-20%,1554.892174
0.1117,0,626648,0,430000,1.4573,4,10-20%,69996.58159999999
0.111747,0,98262,0,390000,0.252,4,10-20%,10980.483714
0.111833,0,3718,-1,500000,0.0074,4,10-20%,415.795094
0.111854,0,182545,0,180000,1.0141,4,10-20%,20418.38843
0.111939,1,281600,0,360000,0.7822,4,10-20%,31522.022399999998
0.112104,0,3764,-2,230000,0.0164,4,10-20%,421.959456
0.112124,0,42659,0,50000,0.8532,4,10-20%,4783.097716
0.112157,0,1521,-2,200000,0.0076,4,10-20%,170.590797
0.112231,0,175349,0,170000,1.0315,4,10-20%,19679.593619
0.11224,0,23518,0,60000,0.392,4,10-20%,2639.66032
0.112366,0,1386,-1,240000,0.0058,4,10-20%,155.739276
0.112388,0,69039,0,70000,0.9863,4,10-20%,7759.155132
0.112445,1,25411,0,50000,0.5082,4,10-20%,2857.339895
0.112459,0,106775,0,120000,0.8898,4,10-20%,12007.809725000001
0.112462,1,104133,0,110000,0.9467,4,10-20%,11711.005446000001
0.112485,0,195507,0,200000,0.9775,4,10-20%,21991.604895
0.112485,0,16053,0,50000,0.3211,4,10-20%,1805.721705
0.112572,0,117059,0,120000,0.9755,4,10-20%,13177.565748
0.112623,0,2329,-2,230000,0.0101,4,10-20%,262.298967
0.112634,0,5000,-2,240000,0.0208,4,10-20%,563.17
0.112667,0,4585,0,200000,0.0229,4,10-20%,516.578195
0.112728,0,13422,0,20000,0.6711,4,10-20%,1513.035216
0.11274,0,6090,0,90000,0.0677,4,10-20%,686.5866000000001
0.112777,0,46970,0,50000,0.9394,4,10-20%,5297.13569
0.112788,0,1383,-1,80000,0.0173,4,10-20%,155.985804
0.112796,0,8391,0,70000,0.1199,4,10-20%,946.471236
0.112865,0,1661,-1,210000,0.0079,4,10-20%,187.468765
0.112873,0,101890,0,100000,1.0189,4,10-20%,11500.62997
0.112902,0,28086,0,50000,0.5617,4,10-20%,3170.965572
0.112949,0,10105,0,120000,0.0842,4,10-20%,1141.349645
0.112985,1,90128,0,100000,0.9013,4,10-20%,10183.11208
0.112986,0,108,-1,450000,0.0002,4,10-20%,12.202488
0.112988,0,34827,-1,80000,0.4353,4,10-20%,3935.033076
0.113037,0,30857,0,50000,0.6171,4,10-20%,3487.982709
0.113066,0,109372,0,120000,0.9114,4,10-20%,12366.254552
0.11308,0,6302,-2,280000,0.0225,4,10-20%,712.63016
0.113156,0,140832,0,140000,1.0059,4,10-20%,15935.985792000001
0.113178,0,9928,0,70000,0.1418,4,10-20%,1123.631184
0.113195,0,294995,0,280000,1.0536,4,10-20%,33391.959025000004
0.113268,0,9765,0,160000,0.061,4,10-20%,1106.0620199999998
0.113306,0,50854,0,50000,1.0171,4,10-20%,5762.063324000001
0.113419,0,4124,0,50000,0.0825,4,10-20%,467.739956
0.113429,0,390393,0,500000,0.7808,4,10-20%,44281.887597
0.11344,1,26324,0,60000,0.4387,4,10-20%,2986.19456
0.113511,0,3096,-1,210000,0.0147,4,10-20%,351.430056
0.113531,0,57889,0,70000,0.827,4,10-20%,6572.196059000001
0.11357,0,215779,0,220000,0.9808,4,10-20%,24506.02103
0.113579,0,69489,0,80000,0.8686,4,10-20%,7892.491131
0.113611,0,166851,0,170000,0.9815,4,10-20%,18956.108961
0.113629,0,115653,0,120000,0.9638,4,10-20%,13141.534737
0.113655,0,2205,-2,100000,0.022,4,10-20%,250.60927500000003
0.113683,0,237372,0,300000,0.7912,4,10-20%,26985.161076
0.113794,0,42063,0,130000,0.3236,4,10-20%,4786.517022
0.113819,0,399,-1,260000,0.0015,4,10-20%,45.413781
0.113827,0,206157,0,210000,0.9817,4,10-20%,23466.232839
0.113857,0,2081,-2,300000,0.0069,4,10-20%,236.936417
0.113919,0,146778,0,150000,0.9785,4,10-20%,16720.802982
0.113976,0,54211,0,80000,0.6776,4,10-20%,6178.752936
0.113996,0,117287,0,120000,0.9774,4,10-20%,13370.248852
0.114015,0,18787,0,80000,0.2348,4,10-20%,2141.999805
0.11408,0,65554,0,80000,0.8194,4,10-20%,7478.40032
0.114091,1,33436,-1,50000,0.6687,4,10-20%,3814.7466759999998
0.114122,0,109244,0,150000,0.7283,4,10-20%,12467.143768
0.114208,0,389,-2,150000,0.0026,4,10-20%,44.426912
0.114212,0,1683,-1,150000,0.0112,4,10-20%,192.218796
0.11422,0,6160,-1,90000,0.0684,4,10-20%,703.5952
0.114279,0,75356,-1,80000,0.942,4,10-20%,8611.608324
0.114283,0,7010,0,50000,0.1402,4,10-20%,801.12383
0.11429,0,50947,0,50000,1.0189,4,10-20%,5822.73263
0.114311,0,1050,-1,150000,0.007,4,10-20%,120.02655
0.114318,0,15315,-2,180000,0.0851,4,10-20%,1750.78017
0.114339,0,8540,-1,50000,0.1708,4,10-20%,976.45506
0.11436,0,43221,0,60000,0.7204,4,10-20%,4942.75356
0.114373,0,50893,0,50000,1.0179,4,10-20%,5820.785089
0.114427,0,1260,-1,470000,0.0027,4,10-20%,144.17802
0.114436,0,92043,0,130000,0.708,4,10-20%,10533.032748
0.114499,0,1987,-2,160000,0.0124,4,10-20%,227.509513
0.114499,0,45632,0,50000,0.9126,4,10-20%,5224.818368
0.11458,0,12479,0,30000,0.416,4,10-20%,1429.84382
0.114583,0,193300,0,200000,0.9665,4,10-20%,22148.8939
0.114638,0,20366,0,80000,0.2546,4,10-20%,2334.717508
0.114647,0,53105,0,90000,0.5901,4,10-20%,6088.328935
0.114692,0,25298,0,250000,0.1012,4,10-20%,2901.478216
0.114778,0,84844,0,90000,0.9427,4,10-20%,9738.224632000001
0.114789,0,82064,0,120000,0.6839,4,10-20%,9420.044496
0.114798,0,2661,-1,380000,0.007,4,10-20%,305.477478
0.114954,0,102724,0,100000,1.0272,4,10-20%,11808.534696
0.114974,0,594,-1,50000,0.0119,4,10-20%,68.294556
0.115073,0,3410,-1,220000,0.0155,4,10-20%,392.39893
0.115175,0,26342,-1,50000,0.5268,4,10-20%,3033.93985
0.115214,0,4591,-1,120000,0.0383,4,10-20%,528.9474739999999
0.115317,0,31540,-1,180000,0.1752,4,10-20%,3637.09818
0.11533,0,144761,0,150000,0.9651,4,10-20%,16695.28613
0.115354,0,1198,-1,140000,0.0086,4,10-20%,138.194092
0.115472,1,12780,0,150000,0.0852,4,10-20%,1475.73216
0.115545,0,0,1,60000,0.0,4,10-20%,0.0
0.115563,0,3402,-1,210000,0.0162,4,10-20%,393.145326
0.115651,1,595,-1,90000,0.0066,4,10-20%,68.81234500000001
0.115681,0,94467,0,100000,0.9447,4,10-20%,10928.037027
0.115703,0,48369,0,50000,0.9674,4,10-20%,5596.438407
0.115732,0,87235,0,90000,0.9693,4,10-20%,10095.88102
0.115772,0,5625,-1,360000,0.0156,4,10-20%,651.2175
0.115875,0,27901,0,50000,0.558,4,10-20%,3233.0283750000003
0.11594,0,8140,-1,360000,0.0226,4,10-20%,943.7516
0.115984,0,13447,0,20000,0.6724,4,10-20%,1559.636848
0.116006,0,36062,0,300000,0.1202,4,10-20%,4183.408372
0.116037,0,86275,0,90000,0.9586,4,10-20%,10011.092175
0.116052,0,76304,0,80000,0.9538,4,10-20%,8855.231808
0.116052,0,131863,0,140000,0.9419,4,10-20%,15302.964876
0.116065,0,77397,0,80000,0.9675,4,10-20%,8983.082805
0.116072,0,44619,0,50000,0.8924,4,10-20%,5179.016568
0.116078,0,237633,0,240000,0.9901,4,10-20%,27583.963374
0.116138,1,26273,-1,100000,0.2627,4,10-20%,3051.293674
0.116179,0,132629,0,140000,0.9474,4,10-20%,15408.704591
0.116184,1,47445,0,50000,0.9489,4,10-20%,5512.34988
0.116197,0,71435,0,80000,0.8929,4,10-20%,8300.532695
0.116225,0,8169,0,60000,0.1362,4,10-20%,949.442025
0.116264,1,259346,0,260000,0.9975,4,10-20%,30152.603344000003
0.116378,0,1561,-1,170000,0.0092,4,10-20%,181.666058
0.116449,0,70163,0,80000,0.877,4,10-20%,8170.411187
0.116454,0,439330,0,530000,0.8289,4,10-20%,51161.73582
0.116461,0,8394,-1,230000,0.0365,4,10-20%,977.573634
0.11647,0,181293,0,180000,1.0072,4,10-20%,21115.19571
0.116542,0,92956,0,100000,0.9296,4,10-20%,10833.278152
0.116545,0,88254,0,90000,0.9806,4,10-20%,10285.56243
0.116591,0,1952,-1,210000,0.0093,4,10-20%,227.585632
0.116595,1,24763,0,50000,0.4953,4,10-20%,2887.241985
0.116642,0,396155,0,460000,0.8612,4,10-20%,46208.31151
0.116683,1,33231,0,50000,0.6646,4,10-20%,3877.492773
0.116689,0,2000,-1,50000,0.04,4,10-20%,233.37800000000001
0.116694,0,17039,-1,220000,0.0774,4,10-20%,1988.349066
0.11678,0,79565,0,80000,0.9946,4,10-20%,9291.600699999999
0.116841,0,251486,0,280000,0.8982,4,10-20%,29383.875726
0.116909,0,7963,-1,50000,0.1593,4,10-20%,930.946367
0.116976,0,47815,0,50000,0.9563,4,10-20%,5593.20744
0.11698,0,22458,0,50000,0.4492,4,10-20%,2627.13684
0.116989,0,506,-1,180000,0.0028,4,10-20%,59.196433999999996
0.117068,1,1493,-1,130000,0.0115,4,10-20%,174.782524
0.117109,0,100143,0,130000,0.7703,4,10-20%,11727.646587000001
0.117114,1,28842,0,60000,0.4807,4,10-20%,3377.8019879999997
0.117132,0,9690,-1,250000,0.0388,4,10-20%,1135.00908
0.117214,0,18854,0,20000,0.9427,4,10-20%,2209.952756
0.117217,1,38221,0,40000,0.9555,4,10-20%,4480.150957
0.117248,1,206879,0,220000,0.9404,4,10-20%,24256.148992000002
0.117334,1,78337,0,80000,0.9792,4,10-20%,9191.593557999999
0.117385,0,43596,0,220000,0.1982,4,10-20%,5117.51646
0.117402,0,1994,-1,360000,0.0055,4,10-20%,234.099588
0.117439,0,7075,0,230000,0.0308,4,10-20%,830.880925
0.117539,0,29860,0,60000,0.4977,4,10-20%,3509.71454
0.11755,0,2569,-1,210000,0.0122,4,10-20%,301.98595
0.117556,0,251829,0,260000,0.9686,4,10-20%,29604.009923999998
0.117594,0,129602,0,130000,0.9969,4,10-20%,15240.417588
0.117604,0,50182,0,50000,1.0036,4,10-20%,5901.603928
0.117665,0,74973,0,80000,0.9372,5,10-20%,8821.698045000001
0.117672,0,78573,0,80000,0.9822,5,10-20%,9245.842056
0.117677,0,9615,1,500000,0.0192,5,10-20%,1131.464355
0.117777,0,26528,0,130000,0.2041,5,10-20%,3124.388256
0.117822,1,120766,0,70000,1.7252,5,10-20%,14228.891652
0.117824,0,1500,-1,140000,0.0107,5,10-20%,176.736
0.117983,0,42549,0,50000,0.851,5,10-20%,5020.058667
0.117999,0,14460,-1,170000,0.0851,5,10-20%,1706.26554
0.118061,0,626,-1,240000,0.0026,5,10-20%,73.906186
0.118207,0,78144,0,80000,0.9768,5,10-20%,9237.167808
0.118234,0,0,1,200000,-0.0,5,10-20%,0.0
0.118271,0,99768,0,100000,0.9977,5,10-20%,11799.661128
0.118303,0,67958,0,70000,0.9708,5,10-20%,8039.635274
0.118304,1,217016,0,210000,1.0334,5,10-20%,25673.860864000002
0.118317,0,60110,0,80000,0.7514,5,10-20%,7112.03487
0.118341,0,66506,0,190000,0.35,5,10-20%,7870.386546
0.118359,0,77244,0,80000,0.9656,5,10-20%,9142.522596
0.118409,0,20877,0,120000,0.174,5,10-20%,2472.024693
0.118475,0,39900,-1,230000,0.1735,5,10-20%,4727.1525
0.118479,0,3467,-1,220000,0.0158,5,10-20%,410.766693
0.1185,0,56309,0,60000,0.9385,5,10-20%,6672.6165
0.118503,1,2376,0,170000,0.014,5,10-20%,281.563128
0.118529,0,178440,0,180000,0.9913,5,10-20%,21150.314759999997
0.11864,0,151009,0,150000,1.0067,5,10-20%,17915.707759999998
0.11868,0,74228,0,80000,0.9278,5,10-20%,8809.37904
0.118718,1,60902,0,60000,1.015,5,10-20%,7230.163636
0.118763,1,54770,0,60000,0.9128,5,10-20%,6504.649509999999
0.118815,0,56294,0,490000,0.1149,5,10-20%,6688.57161
0.118818,0,0,1,260000,0.0,5,10-20%,0.0
0.118822,0,131559,0,310000,0.4244,5,10-20%,15632.103498
0.118881,1,34033,0,50000,0.6807,5,10-20%,4045.877073
0.118883,0,9935,0,50000,0.1987,5,10-20%,1181.102605
0.118992,0,68250,0,80000,0.8531,5,10-20%,8121.204
0.119162,1,88812,0,150000,0.5921,5,10-20%,10583.015544
0.11923,0,226315,0,240000,0.943,5,10-20%,26983.53745
0.119277,0,43638,0,50000,0.8728,5,10-20%,5205.009725999999
0.119278,0,3073,-2,270000,0.0114,5,10-20%,366.541294
0.11928,0,0,-2,50000,-0.0528,5,10-20%,0.0
0.119333,0,4062,0,320000,0.0127,5,10-20%,484.730646
0.119344,1,33428,0,50000,0.6686,5,10-20%,3989.4312320000004
0.119366,0,82074,0,80000,1.0259,5,10-20%,9796.845084
0.119371,0,187610,0,210000,0.8934,5,10-20%,22395.193310000002
0.119466,0,19489,0,60000,0.3248,5,10-20%,2328.2728740000002
0.11951,0,76184,0,80000,0.9523,5,10-20%,9104.74984
0.11952,0,15000,-1,150000,0.1,5,10-20%,1792.8
0.119526,0,316,-2,90000,0.0035,5,10-20%,37.770216
0.119536,1,46800,0,50000,0.936,5,10-20%,5594.2848
0.11958,1,381,-1,270000,0.0014,5,10-20%,45.55998
0.119628,0,9014,0,30000,0.3005,5,10-20%,1078.326792
0.119628,0,3455,-1,220000,0.0157,5,10-20%,413.31474
0.119648,0,3055,-1,30000,0.1018,5,10-20%,365.52464000000003
0.119734,0,0,1,230000,-0.0006,5,10-20%,0.0
0.119767,0,200996,0,200000,1.005,5,10-20%,24072.687932
0.119804,0,154432,0,150000,1.0295,5,10-20%,18501.571327999998
0.119829,0,48529,0,50000,0.9706,5,10-20%,5815.181541
0.119897,0,18552,-1,360000,0.0515,5,10-20%,2224.3291440000003
0.119945,1,187146,0,170000,1.1009,5,10-20%,22447.22697
0.119953,0,49017,0,50000,0.9803,5,10-20%,5879.736201000001
0.119997,0,65215,0,110000,0.5929,5,10-20%,7825.604355
0.120031,0,4761,0,230000,0.0207,5,10-20%,571.467591
0.120054,1,1180,-1,150000,0.0079,5,10-20%,141.66371999999998
0.120092,0,2543,-1,50000,0.0509,5,10-20%,305.393956
0.120103,0,0,-2,190000,0.0,5,10-20%,0.0
0.120114,0,5865,0,650000,0.009,5,10-20%,704.46861
0.120154,0,5631,-2,470000,0.012,5,10-20%,676.587174
0.120206,0,6961,-1,200000,0.0348,5,10-20%,836.753966
0.120227,0,4882,-1,30000,0.1627,5,10-20%,586.948214
0.120234,0,53044,-2,60000,0.8841,5,10-20%,6377.692295999999
0.120308,0,1655,-1,160000,0.0103,5,10-20%,199.10974
0.120352,0,2435,0,50000,0.0487,5,10-20%,293.05712
0.120356,0,69116,0,80000,0.864,5,10-20%,8318.525296
0.120387,1,26344,0,60000,0.4391,5,10-20%,3171.475128
0.120412,1,390,-1,200000,0.002,5,10-20%,46.96068
0.120464,0,111348,-2,150000,0.7423,5,10-20%,13413.425472
0.120507,1,170133,0,170000,1.0008,5,10-20%,20502.217431
0.120511,1,37603,0,50000,0.7521,5,10-20%,4531.575132999999
0.120711,0,1149,-1,50000,0.023,5,10-20%,138.696939
0.120747,0,41674,0,50000,0.8335,5,10-20%,5032.010478
0.120781,0,0,1,180000,0.0,5,10-20%,0.0
0.120805,1,3268,0,90000,0.0363,5,10-20%,394.79073999999997
0.120854,0,7534,0,20000,0.3767,5,10-20%,910.514036
0.120878,0,422483,0,490000,0.8622,5,10-20%,51068.900074
0.121045,0,3731,0,250000,0.0149,5,10-20%,451.618895
0.121103,0,203273,0,210000,0.968,5,10-20%,24616.970119
0.121123,0,71171,0,100000,0.7117,5,10-20%,8620.445033
0.12116,0,14294,0,30000,0.4765,5,10-20%,1731.86104
0.121247,1,147476,0,150000,0.9832,5,10-20%,17881.022571999998
0.121326,0,49083,0,50000,0.9817,5,10-20%,5955.044058
0.121328,0,56403,0,60000,0.94,5,10-20%,6843.263184
0.12146,0,2603,-1,200000,0.013,5,10-20%,316.16038
0.121516,0,4108,-2,280000,0.0147,5,10-20%,499.187728
0.121541,0,15614,0,60000,0.2602,5,10-20%,1897.741174
0.121569,0,5200,-1,230000,0.0226,5,10-20%,632.1587999999999
0.121605,0,75149,0,80000,0.9394,5,10-20%,9138.494145
0.121717,1,15448,-1,50000,0.309,5,10-20%,1880.284216
0.12172,0,5081,-1,210000,0.0242,5,10-20%,618.4593199999999
0.121724,0,879,-1,50000,0.0176,5,10-20%,106.995396
0.121782,0,3264,-1,250000,0.0131,5,10-20%,397.496448
0.121787,1,135648,0,140000,0.9689,5,10-20%,16520.162976
0.121791,0,73132,0,80000,0.9142,5,10-20%,8906.819411999999
0.121815,0,89988,0,100000,0.8999,5,10-20%,10961.88822
0.121873,0,1257,-2,300000,0.0042,5,10-20%,153.194361
0.121995,0,123580,0,150000,0.8239,5,10-20%,15076.142100000001
0.122029,0,2934,-1,150000,0.0196,5,10-20%,358.03308599999997
0.122065,0,5310,-1,280000,0.019,5,10-20%,648.16515
0.122067,0,3027,-1,160000,0.0189,5,10-20%,369.496809
0.122067,1,78010,0,80000,0.9751,5,10-20%,9522.44667
0.122081,1,88818,0,150000,0.5921,5,10-20%,10842.990258
0.122099,0,11550,0,50000,0.231,5,10-20%,1410.24345
0.122192,0,7056,-1,210000,0.0336,5,10-20%,862.186752
0.122226,1,16352,0,330000,0.0496,5,10-20%,1998.639552
0.122228,0,45256,0,50000,0.9051,5,10-20%,5531.550368
0.12227,0,3000,-2,300000,0.01,5,10-20%,366.81
0.122325,0,27966,0,50000,0.5593,5,10-20%,3420.94095
0.12234,0,40769,0,80000,0.5096,5,10-20%,4987.67946
0.122519,0,75405,0,80000,0.9426,5,10-20%,9238.545195
0.122543,0,3780,-1,340000,0.0111,5,10-20%,463.21254
0.12255,0,1358,1,290000,0.0047,5,10-20%,166.4229
0.122587,0,5925,0,140000,0.0423,5,10-20%,726.327975
0.122588,1,132283,0,170000,0.7781,5,10-20%,16216.308404
0.122697,0,10240,-1,210000,0.0488,5,10-20%,1256.4172800000001
0.122725,0,13641,0,50000,0.2728,5,10-20%,1674.091725
0.122746,0,138765,0,150000,0.9251,5,10-20%,17032.84869
0.12276,1,18803,-2,20000,0.9402,5,10-20%,2308.25628
0.122776,0,48924,0,50000,0.9785,5,10-20%,6006.693024
0.122797,1,1071,-1,180000,0.006,5,10-20%,131.515587
0.122842,0,129099,0,130000,0.9931,5,10-20%,15858.779358000002
0.122864,0,0,1,200000,-0.0,5,10-20%,0.0
0.123007,0,12742,0,20000,0.6371,5,10-20%,1567.355194
0.123056,0,56136,0,60000,0.9356,5,10-20%,6907.871616
0.123065,0,41300,0,110000,0.3755,5,10-20%,5082.5845
0.123069,0,225905,0,380000,0.5945,5,10-20%,27801.902445
0.123224,1,18535,0,20000,0.9268,5,10-20%,2283.95684
0.123239,1,28966,-1,430000,0.0674,5,10-20%,3569.740874
0.12325,0,9232,0,70000,0.1319,5,10-20%,1137.844
0.123252,0,0,-2,300000,-0.003,5,10-20%,0.0
0.123293,0,19247,-1,170000,0.1132,5,10-20%,2373.020371
0.123294,1,0,1,120000,0.0,5,10-20%,0.0
0.123301,0,2884,-1,300000,0.0096,5,10-20%,355.600084
0.123304,0,1529,-2,300000,0.0051,5,10-20%,188.531816
0.123314,0,27851,0,30000,0.9284,5,10-20%,3434.418214
0.123386,0,13730,0,20000,0.6865,5,10-20%,1694.08978
0.123388,1,6514,-2,230000,0.0283,5,10-20%,803.749432
0.12341,1,103566,0,130000,0.7967,5,10-20%,12781.08006
0.123495,0,0,-2,260000,-0.0,5,10-20%,0.0
0.123608,0,9278,0,20000,0.4639,5,10-20%,1146.835024
0.123674,0,4144,-1,160000,0.0259,5,10-20%,512.5050560000001
0.123756,0,45190,0,50000,0.9038,5,10-20%,5592.533640000001
0.12381,0,296815,0,460000,0.6452,5,10-20%,36748.66515
0.123822,0,1133,-2,350000,0.0032,5,10-20%,140.290326
0.123842,0,55731,0,60000,0.9288,5,10-20%,6901.838502
0.123853,1,130138,0,140000,0.9296,5,10-20%,16117.981714000001
0.123917,1,24484,0,120000,0.204,5,10-20%,3033.983828
0.123922,0,220091,0,220000,1.0004,5,10-20%,27274.116902
0.12395,0,3737,-1,50000,0.0747,5,10-20%,463.20115000000004
0.124048,0,798,-1,200000,0.004,5,10-20%,98.99030400000001
0.1242,1,16122,-1,20000,0.8061,5,10-20%,2002.3524
0.124255,0,17471,0,20000,0.8736,5,10-20%,2170.859105
0.124286,0,66330,0,70000,0.9476,5,10-20%,8243.890379999999
0.124331,0,39264,0,60000,0.6544,5,10-20%,4881.732384
0.12436,0,2227,-1,230000,0.0097,5,10-20%,276.94972
0.12437,0,26449,0,40000,0.6612,5,10-20%,3289.46213
0.124397,0,80000,0,80000,1.0,5,10-20%,9951.76
0.124399,0,127580,0,80000,1.5947,5,10-20%,15870.824419999999
0.124568,0,203,-2,400000,0.0005,5,10-20%,25.287304
0.124676,0,34471,0,260000,0.1326,5,10-20%,4297.706396
0.124719,0,42238,0,180000,0.2347,5,10-20%,5267.881122
0.124732,0,480,-1,60000,0.008,5,10-20%,59.871359999999996
0.124741,1,6666,-1,100000,0.0667,5,10-20%,831.523506
0.124754,0,133461,0,130000,1.0266,5,10-20%,16649.793594
0.124776,0,187992,0,210000,0.8952,5,10-20%,23456.889791999998
0.124822,1,37586,0,50000,0.7517,5,10-20%,4691.559692
0.124827,0,0,-2,360000,0.0,5,10-20%,0.0
0.124876,0,95065,-2,200000,0.4753,5,10-20%,11871.33694
0.124891,0,1367,-1,90000,0.0152,5,10-20%,170.725997
0.124962,0,106455,0,110000,0.9678,5,10-20%,13302.82971
0.12507,0,9682,-2,150000,0.0645,5,10-20%,1210.9277399999999
0.12508,0,500,-1,40000,0.0125,5,10-20%,62.54
0.125082,0,50693,0,50000,1.0139,5,10-20%,6340.781826
0.125083,0,3634,-2,500000,0.0073,5,10-20%,454.551622
0.125204,0,5373,0,20000,0.2686,5,10-20%,672.721092
0.125391,1,4378,-2,280000,0.0156,5,10-20%,548.961798
0.125393,0,70476,0,70000,1.0068,5,10-20%,8837.197068
0.125406,1,641,-1,180000,0.0036,5,10-20%,80.385246
0.125407,0,1026,-1,210000,0.0049,5,10-20%,128.66758199999998
0.125501,0,3556,-1,200000,0.0178,5,10-20%,446.281556
0.125609,0,107793,0,110000,0.9799,5,10-20%,13539.770937
0.125703,0,4035,1,200000,0.0202,5,10-20%,507.211605
0.125745,0,116183,0,120000,0.9682,5,10-20%,14609.431335
0.125877,1,20958,0,30000,0.6986,5,10-20%,2638.130166
0.125917,1,50883,0,50000,1.0177,5,10-20%,6407.034711
0.125936,0,522,-2,500000,0.001,5,10-20%,65.738592
0.125961,0,53274,0,60000,0.8879,5,10-20%,6710.446314
0.125962,0,87377,1,80000,1.0922,5,10-20%,11006.181674
0.125978,1,244736,0,260000,0.9413,5,10-20%,30831.351808000003
0.126008,0,18201,0,50000,0.364,5,10-20%,2293.4716080000003
0.126033,0,187777,0,190000,0.9883,5,10-20%,23666.098641
0.126062,0,48061,0,50000,0.9612,5,10-20%,6058.665782
0.126076,1,1867,-1,200000,0.0093,5,10-20%,235.38389199999997
0.126087,1,14682,0,210000,0.0699,5,10-20%,1851.2093340000001
0.126121,0,2380,-1,230000,0.0103,5,10-20%,300.16798
0.126159,1,986,-2,130000,0.0076,5,10-20%,124.39277399999999
0.126212,0,89302,0,150000,0.5953,5,10-20%,11270.984024
0.12627,0,273,-1,360000,0.0008,5,10-20%,34.47171
0.12629,0,57267,0,60000,0.9544,5,10-20%,7232.249430000001
0.126313,0,3860,0,30000,0.1287,5,10-20%,487.56818000000004
0.126336,0,13070,0,60000,0.2178,5,10-20%,1651.21152
0.126443,0,109814,0,110000,0.9983,5,10-20%,13885.211602
0.126484,0,49750,0,50000,0.995,5,10-20%,6292.579000000001
0.126496,0,18164,0,50000,0.3633,5,10-20%,2297.673344
0.126602,0,50580,0,50000,1.0116,5,10-20%,6403.52916
0.126632,1,191309,0,180000,1.0628,5,10-20%,24225.841288
0.126728,0,291861,0,290000,1.0064,5,10-20%,36986.960808
0.126729,0,440,-1,420000,0.001,5,10-20%,55.760760000000005
0.126752,1,1759,-1,480000,0.0037,5,10-20%,222.956768
0.126794,0,217220,0,210000,1.0344,5,10-20%,27542.192679999996
0.126796,0,53214,0,70000,0.7602,5,10-20%,6747.322343999999
0.126965,0,28337,0,30000,0.9446,5,10-20%,3597.807205
0.127097,0,50244,0,50000,1.0049,5,10-20%,6385.861668
0.127103,0,2605,-1,150000,0.0174,5,10-20%,331.103315
0.127174,0,4874,-1,360000,0.0135,5,10-20%,619.846076
0.127228,1,0,-2,200000,-0.004,5,10-20%,0.0
0.127258,0,3345,-1,300000,0.0112,5,10-20%,425.67801000000003
0.127277,0,210804,0,110000,1.9164,5,10-20%,26830.500708
0.12728,0,0,1,480000,0.0,5,10-20%,0.0
0.127288,1,996,-1,180000,0.0055,5,10-20%,126.77884800000001
0.127323,0,113461,0,110000,1.0315,5,10-20%,14446.194903
0.127376,1,141415,0,150000,0.9428,5,10-20%,18012.87704
0.127408,1,636,-1,290000,0.0022,5,10-20%,81.031488
0.127453,0,1261,-2,200000,0.0063,5,10-20%,160.71823300000003
0.127458,1,180201,0,190000,0.9484,5,10-20%,22968.059058
0.127492,0,5103,-1,20000,0.2552,5,10-20%,650.591676
0.127504,1,41768,0,50000,0.8354,5,10-20%,5325.587072
0.127508,0,55120,0,60000,0.9187,5,10-20%,7028.240960000001
0.127569,0,58839,0,60000,0.9806,5,10-20%,7506.032391
0.127618,0,170950,0,170000,1.0056,5,10-20%,21816.2971
0.127622,0,19339,0,50000,0.3868,5,10-20%,2468.0818580000005
0.127632,0,4742,0,80000,0.0593,5,10-20%,605.230944
0.127737,0,0,1,360000,0.0,5,10-20%,0.0
0.127764,0,9837,0,50000,0.1967,5,10-20%,1256.8144679999998
0.127841,0,31297,0,50000,0.6259,5,10-20%,4001.0397770000004
0.127844,1,50297,0,50000,1.0059,5,10-20%,6430.1696680000005
0.12789,0,10710,1,150000,0.0714,5,10-20%,1369.7019
0.127905,0,44258,0,50000,0.8852,5,10-20%,5660.81949
0.127925,0,189740,0,200000,0.9487,5,10-20%,24272.489500000003
0.127974,0,12943,0,500000,0.0259,5,10-20%,1656.367482
0.128127,0,131595,0,400000,0.329,5,10-20%,16860.872564999998
0.12829,1,18220,0,60000,0.3037,5,10-20%,2337.4437999999996
0.128323,0,131221,-1,130000,1.0094,5,10-20%,16838.672382999997
0.128347,0,250571,0,340000,0.737,5,10-20%,32160.036136999996
0.128353,0,52271,0,400000,0.1307,5,10-20%,6709.139663
0.128365,0,44325,0,50000,0.8865,5,10-20%,5689.778625
0.128367,1,5551,0,130000,0.0427,5,10-20%,712.5652170000001
0.128478,0,0,-2,210000,0.0,5,10-20%,0.0
0.128614,0,871,-1,200000,0.0044,5,10-20%,112.022794
0.128632,0,25742,0,50000,0.5148,5,10-20%,3311.244944
0.128677,0,594,-2,310000,0.0019,5,10-20%,76.434138
0.128732,0,1186,-2,390000,0.003,5,10-20%,152.676152
0.128793,0,187431,0,200000,0.9372,5,10-20%,24139.800783
0.128801,0,14896,0,70000,0.2128,5,10-20%,1918.619696
0.12901,0,192698,0,200000,0.9635,5,10-20%,24859.96898
0.129022,0,273430,-1,500000,0.5469,5,10-20%,35278.485459999996
0.129035,0,47917,0,50000,0.9583,5,10-20%,6182.970095000001
0.129094,1,26393,0,30000,0.8798,5,10-20%,3407.177942
0.129208,0,12813,-1,30000,0.4271,5,10-20%,1655.5421039999999
0.12926,0,136497,0,140000,0.975,5,10-20%,17643.60222
0.129288,1,133899,0,140000,0.9564,5,10-20%,17311.533912
0.129336,1,234205,0,240000,0.9759,5,10-20%,30291.137880000002
0.129388,0,48065,0,50000,0.9613,5,10-20%,6219.0342200000005
0.129445,1,28686,0,110000,0.2608,5,10-20%,3713.25927
0.12947,0,0,-2,180000,0.0,5,10-20%,0.0
0.129477,0,10072,-1,170000,0.0592,5,10-20%,1304.0923440000001
0.129509,1,41842,0,50000,0.8368,5,10-20%,5418.915578
0.129541,0,58126,-1,400000,0.1453,5,10-20%,7529.700166
0.129584,0,0,1,250000,0.0,5,10-20%,0.0
0.129629,0,57530,0,60000,0.9588,5,10-20%,7457.556369999999
0.129674,0,286506,0,310000,0.9242,5,10-20%,37152.379044
0.129765,0,1483,-1,30000,0.0494,5,10-20%,192.44149499999997
0.129816,0,42941,0,50000,0.8588,5,10-20%,5574.4288559999995
0.129887,0,302,-2,80000,0.0038,5,10-20%,39.225874
0.129891,0,11988,0,160000,0.0749,5,10-20%,1557.1333080000002
0.12993,0,143650,0,150000,0.9577,5,10-20%,18664.444499999998
0.129952,0,198098,0,190000,1.0426,5,10-20%,25743.231296
0.130007,0,50615,0,60000,0.8436,5,10-20%,6580.304305000001
0.130034,0,5059,-1,200000,0.0253,5,10-20%,657.8420060000001
0.130062,0,6187,-2,80000,0.0773,5,10-20%,804.6935940000001
0.130072,0,212751,0,180000,1.182,5,10-20%,27672.948072
0.130093,0,43702,0,50000,0.874,5,10-20%,5685.324285999999
0.130129,0,405490,0,500000,0.811,5,10-20%,52766.00821
0.130163,0,17087,0,80000,0.2136,5,10-20%,2224.095181
0.130229,0,0,1,160000,-0.0001,5,10-20%,0.0
0.130269,0,27369,0,60000,0.4562,5,10-20%,3565.332261
0.130303,0,106867,0,340000,0.3143,5,10-20%,13925.090701000001
0.13034,0,2597,-1,280000,0.0093,5,10-20%,338.49298000000005
0.130341,0,10496,0,390000,0.0269,5,10-20%,1368.059136
0.130351,0,59762,0,130000,0.4597,5,10-20%,7790.036462
0.130454,0,11351,0,50000,0.227,5,10-20%,1480.783354
0.130458,0,80715,0,80000,1.0089,5,10-20%,10529.917469999999
0.130476,0,928,-2,230000,0.004,5,10-20%,121.08172800000001
0.130481,0,67306,0,70000,0.9615,5,10-20%,8782.154186000002
0.130494,1,27922,0,30000,0.9307,5,10-20%,3643.653468
0.130619,0,35166,0,50000,0.7033,5,10-20%,4593.347754
0.130725,0,1171,-1,120000,0.0098,5,10-20%,153.078975
0.130943,0,2191,-1,20000,0.1096,5,10-20%,286.896113
0.131115,0,6319,0,150000,0.0421,5,10-20%,828.5156850000001
0.131292,0,17054,0,60000,0.2842,5,10-20%,2239.0537679999998
0.131332,0,18100,0,80000,0.2262,5,10-20%,2377.1092
0.131334,0,27340,0,110000,0.2485,5,10-20%,3590.67156
0.131358,0,412,-2,500000,0.0008,5,10-20%,54.119496
0.131366,0,111925,0,100000,1.1192,5,10-20%,14703.139550000002
0.131374,0,165027,0,170000,0.9707,5,10-20%,21680.257098
0.131389,0,0,1,100000,0.0,5,10-20%,0.0
0.131442,0,390,-1,100000,0.0039,5,10-20%,51.26238
0.1315,0,14677,0,20000,0.7338,5,10-20%,1930.0255000000002
0.131521,0,48818,0,50000,0.9764,5,10-20%,6420.592178
0.131622,0,49276,0,50000,0.9855,5,10-20%,6485.8056719999995
0.131672,0,28751,0,30000,0.9584,5,10-20%,3785.701672
0.131703,0,29009,0,40000,0.7252,5,10-20%,3820.5723269999994
0.131716,0,0,1,130000,0.0,5,10-20%,0.0
0.131745,0,245211,0,350000,0.7006,5,10-20%,32305.323195
0.131762,0,98918,0,100000,0.9892,5,10-20%,13033.633516
0.131773,1,39604,0,80000,0.495,5,10-20%,5218.737892
0.131956,0,0,-2,230000,-0.0,5,10-20%,0.0
0.131962,0,49194,0,50000,0.9839,5,10-20%,6491.738628
0.131975,0,141066,0,140000,1.0076,5,10-20%,18617.18535
0.132026,0,0,1,170000,-0.0,5,10-20%,0.0
0.132078,0,720,-1,300000,0.0024,5,10-20%,95.09616
0.132104,0,33801,0,50000,0.676,5,10-20%,4465.2473039999995
0.13211,0,5885,0,80000,0.0736,5,10-20%,777.46735
0.132169,0,248880,0,260000,0.9572,5,10-20%,32894.220720000005
0.132208,0,2788,-1,260000,0.0107,5,10-20%,368.59590399999996
0.132262,1,71255,0,70000,1.0179,5,10-20%,9424.328809999999
0.132284,0,57694,0,60000,0.9616,5,10-20%,7631.993096000001
0.132495,0,17020,0,20000,0.851,5,10-20%,2255.0649
0.132535,0,8690,0,130000,0.0668,5,10-20%,1151.72915
0.132538,1,271276,0,280000,0.9688,5,10-20%,35954.378487999995
0.132547,0,142422,0,210000,0.6782,5,10-20%,18877.608834
0.132557,0,586,-1,360000,0.0016,5,10-20%,77.678402
0.132649,0,22136,0,50000,0.4427,5,10-20%,2936.3182639999995
0.13265,1,35868,0,410000,0.0875,5,10-20%,4757.8902
0.132686,0,0,-2,380000,0.0,5,10-20%,0.0
0.132688,0,1163,-1,290000,0.004,5,10-20%,154.316144
0.132711,0,30900,0,50000,0.618,5,10-20%,4100.7699
0.132753,0,34480,0,300000,0.1149,5,10-20%,4577.32344
0.132782,1,6450,0,50000,0.129,5,10-20%,856.4439000000001
0.132789,0,1902,-2,160000,0.0119,5,10-20%,252.564678
0.132815,0,80658,0,80000,1.0082,5,10-20%,10712.59227
0.13287,0,56765,0,60000,0.9461,5,10-20%,7542.3655499999995
0.132893,0,48060,0,50000,0.9612,5,10-20%,6386.83758
0.133026,0,186109,0,210000,0.8862,5,10-20%,24757.335834
0.133105,0,2699,-1,260000,0.0104,5,10-20%,359.250395
0.133166,0,48537,0,50000,0.9707,5,10-20%,6463.478142
0.133216,1,4221,0,70000,0.0603,5,10-20%,562.304736
0.133234,0,141342,0,140000,1.0096,5,10-20%,18831.560028
0.133239,0,64853,0,240000,0.2702,5,10-20%,8640.948867
0.133246,0,15908,-1,110000,0.1446,5,10-20%,2119.677368
0.133332,0,48155,0,50000,0.9631,5,10-20%,6420.60246
0.133363,0,119684,0,120000,0.9974,5,10-20%,15961.417292000002
0.133391,0,2226,-1,70000,0.0318,5,10-20%,296.92836600000004
0.133398,0,1144,-1,200000,0.0057,5,10-20%,152.60731199999998
0.133462,0,153201,-1,270000,0.5674,5,10-20%,20446.511862
0.133464,0,58479,0,60000,0.9746,5,10-20%,7804.841256
0.133564,0,48211,0,50000,0.9642,5,10-20%,6439.254003999999
0.133569,0,3490,-1,180000,0.0194,5,10-20%,466.15581
0.133619,0,1939,-1,280000,0.0069,5,10-20%,259.08724099999995
0.133629,1,326,-1,500000,0.0007,5,10-20%,43.563054
0.133636,0,1964,-1,200000,0.0098,5,10-20%,262.46110400000003
0.133642,0,42025,0,50000,0.8405,5,10-20%,5616.305050000001
0.133643,0,9459,0,10000,0.9459,5,10-20%,1264.1291370000001
0.133698,0,238107,0,240000,0.9921,5,10-20%,31834.429686000003
0.133714,0,91367,0,90000,1.0152,5,10-20%,12217.047038
0.133804,0,27620,0,30000,0.9207,5,10-20%,3695.6664800000003
0.133805,0,48138,0,50000,0.9628,5,10-20%,6441.10509
0.133859,0,18641,0,280000,0.0666,5,10-20%,2495.2656190000002
0.133897,1,222598,0,220000,1.0118,5,10-20%,29805.204405999997
0.133991,1,39230,0,30000,1.3077,5,10-20%,5256.46693
0.134,1,1687,-1,110000,0.0153,5,10-20%,226.05800000000002
0.134017,0,747,-2,280000,0.0027,5,10-20%,100.110699
0.134039,0,251063,0,150000,1.6738,5,10-20%,33652.233456999995
0.134059,0,56387,0,60000,0.9398,5,10-20%,7559.184833
0.134092,0,252810,0,180000,1.4045,5,10-20%,33899.79852
0.134104,0,4938,-1,200000,0.0247,5,10-20%,662.205552
0.134153,0,0,1,200000,-0.0719,5,10-20%,0.0
0.134262,0,0,-2,300000,-0.0183,5,10-20%,0.0
0.134294,0,718,-1,280000,0.0026,5,10-20%,96.423092
0.134388,0,1742,0,80000,0.0218,5,10-20%,234.10389600000002
0.134493,0,13366,0,90000,0.1485,5,10-20%,1797.633438
0.134504,0,28566,0,180000,0.1587,5,10-20%,3842.2412640000002
0.134555,1,87525,0,90000,0.9725,5,10-20%,11776.926375000001
0.134598,0,1128,-1,540000,0.0021,5,10-20%,151.82654399999998
0.13462,0,0,-2,290000,0.0,5,10-20%,0.0
0.134638,1,80,-1,200000,0.0004,5,10-20%,10.771040000000001
0.134663,0,223022,0,220000,1.0137,5,10-20%,30032.811586
0.134665,0,46437,0,50000,0.9287,5,10-20%,6253.438605
0.13472,0,4468,0,50000,0.0894,5,10-20%,601.9289600000001
0.134754,0,31514,0,50000,0.6303,5,10-20%,4246.637556000001
0.134765,0,15268,0,80000,0.1908,5,10-20%,2057.59202
0.134954,0,197142,0,200000,0.9857,5,10-20%,26605.101467999997
0.135019,0,38783,-1,200000,0.1939,5,10-20%,5236.441877
0.135216,0,54920,0,60000,0.9153,5,10-20%,7426.06272
0.135291,0,1761,-1,360000,0.0049,5,10-20%,238.24745099999998
0.135303,0,1313,-2,230000,0.0057,5,10-20%,177.652839
0.135389,0,0,-2,200000,0.0,5,10-20%,0.0
0.135421,0,0,-2,480000,0.0,5,10-20%,0.0
0.135427,0,0,1,340000,0.0,5,10-20%,0.0
0.13557,0,2040,-1,360000,0.0057,5,10-20%,276.5628
0.135611,0,81477,0,80000,1.0185,5,10-20%,11049.177447
0.135763,1,68028,0,70000,0.9718,5,10-20%,9235.685363999999
0.135764,0,1605,-1,140000,0.0115,5,10-20%,217.90122
0.135771,0,59,-1,360000,0.0002,5,10-20%,8.010489
0.135823,0,29719,0,50000,0.5944,5,10-20%,4036.523737
0.135859,0,0,-2,200000,0.0,5,10-20%,0.0
0.135923,1,2317,-1,130000,0.0178,5,10-20%,314.933591
0.135946,0,1568,-1,190000,0.0083,5,10-20%,213.163328
0.135962,0,2333,-2,360000,0.0065,5,10-20%,317.199346
0.135969,1,137037,-2,140000,0.9788,5,10-20%,18632.783853
0.136001,1,101458,0,100000,1.0146,5,10-20%,13798.389458000001
0.136124,0,15284,0,20000,0.7642,5,10-20%,2080.519216
0.136178,0,2946,-2,280000,0.0105,5,10-20%,401.180388
0.13624,0,2382,-1,120000,0.0198,5,10-20%,324.52368
0.136267,0,71219,0,70000,1.0174,5,10-20%,9704.799473
0.13628,0,1535,-2,30000,0.0512,5,10-20%,209.18980000000002
0.1363,1,10901,0,50000,0.218,5,10-20%,1485.8063
0.136321,0,3692,-1,200000,0.0185,5,10-20%,503.297132
0.136334,1,35277,0,50000,0.7055,5,10-20%,4809.4545180000005
0.136365,0,12800,0,30000,0.4267,5,10-20%,1745.4719999999998
0.136372,0,9845,0,20000,0.4922,5,10-20%,1342.58234
0.136407,0,25234,0,50000,0.5047,5,10-20%,3442.094238
0.136408,0,131971,0,260000,0.5076,5,10-20%,18001.900168
0.136431,0,62038,0,60000,1.034,5,10-20%,8463.906378
0.136466,0,49199,0,100000,0.492,5,10-20%,6713.990734
0.136581,0,111271,0,110000,1.0116,5,10-20%,15197.504451
0.136593,1,27868,0,70000,0.3981,5,10-20%,3806.573724
0.136598,0,54978,0,60000,0.9163,5,10-20%,7509.884844
0.136664,0,50380,0,50000,1.0076,5,10-20%,6885.132320000001
0.13667,0,61094,0,70000,0.8728,5,10-20%,8349.716980000001
0.13672,0,91653,0,90000,1.0184,5,10-20%,12530.79816
0.136753,1,846,-1,360000,0.0024,5,10-20%,115.69303800000002
0.136823,0,6865,0,240000,0.0286,5,10-20%,939.289895
0.13689,0,12261,-1,260000,0.0472,5,10-20%,1678.40829
0.136898,0,2609,-1,450000,0.0058,5,10-20%,357.166882
0.136934,0,39944,0,50000,0.7989,5,10-20%,5469.691696
0.136959,0,79029,0,80000,0.9879,5,10-20%,10823.732811
0.13696,0,3655,-2,50000,0.0731,5,10-20%,500.5888
0.13701,0,3311,-2,10000,0.3311,5,10-20%,453.64011
0.137052,0,3278,-1,440000,0.0074,5,10-20%,449.256456
0.137087,0,46652,0,50000,0.933,5,10-20%,6395.382723999999
0.137099,0,48829,0,50000,0.9766,5,10-20%,6694.407071
0.137221,0,4767,1,360000,0.0132,5,10-20%,654.132507
0.137255,0,175348,0,150000,1.169,5,10-20%,24067.38974
0.137332,0,50566,0,50000,1.0113,5,10-20%,6944.329912
0.137391,0,500,-2,140000,0.0036,5,10-20%,68.69550000000001
0.13745,0,177607,0,180000,0.9867,5,10-20%,24412.08215
0.13747,0,2276,0,240000,0.0095,5,10-20%,312.88172000000003
0.137493,0,59016,-1,490000,0.1204,5,10-20%,8114.2868880000005
0.137648,0,150426,0,150000,1.0028,5,10-20%,20705.838047999998
0.137656,0,41739,0,50000,0.8348,5,10-20%,5745.623784
0.137707,0,0,-2,450000,0.0,5,10-20%,0.0
0.137748,0,129998,0,130000,1.0,5,10-20%,17906.964504
0.137958,0,28063,0,30000,0.9354,5,10-20%,3871.515354
0.137969,0,397,-1,170000,0.0023,5,10-20%,54.773693
0.138033,0,780,-1,50000,0.0156,5,10-20%,107.66573999999999
0.138062,0,17641,-1,300000,0.0588,5,10-20%,2435.5517419999996
0.138188,0,10147,-1,150000,0.0676,5,10-20%,1402.193636
0.138233,1,75652,0,160000,0.4728,5,10-20%,10457.602916
0.138261,0,79172,0,120000,0.6598,5,10-20%,10946.399892
0.138277,0,429309,0,440000,0.9757,5,10-20%,59363.560593
0.138322,0,0,-2,100000,-0.02,5,10-20%,0.0
0.138478,0,3838,-1,70000,0.0548,5,10-20%,531.478564
0.138612,0,48566,0,50000,0.9713,5,10-20%,6731.830392000001
0.138655,0,118492,0,120000,0.9874,5,10-20%,16429.50826
0.138772,0,98075,0,100000,0.9808,5,10-20%,13610.063900000001
0.138793,0,380,-1,220000,0.0017,5,10-20%,52.74134
0.138818,1,50806,0,60000,0.8468,5,10-20%,7052.787308
0.139042,0,26979,0,50000,0.5396,5,10-20%,3751.214118
0.13909,0,50507,0,50000,1.0101,5,10-20%,7025.01863
0.139122,0,22715,0,280000,0.0811,5,10-20%,3160.15623
0.139142,0,0,1,30000,-0.0002,5,10-20%,0.0
0.139171,0,1300,-1,290000,0.0045,5,10-20%,180.92229999999998
0.139272,0,48025,0,50000,0.9605,5,10-20%,6688.5378
0.139298,0,0,-2,240000,-0.0,5,10-20%,0.0
0.139315,1,18563,0,30000,0.6188,5,10-20%,2586.1043449999997
0.139337,0,220343,0,200000,1.1017,5,10-20%,30701.932590999997
0.13937,0,1838,-1,220000,0.0084,5,10-20%,256.16206
0.139383,0,50411,0,50000,1.0082,5,10-20%,7026.436413
0.139424,0,69896,0,100000,0.699,5,10-20%,9745.179903999999
0.139463,0,32845,0,70000,0.4692,5,10-20%,4580.662235
0.139494,0,0,1,20000,-0.0002,5,10-20%,0.0
0.139669,0,2521,-1,230000,0.011,5,10-20%,352.105549
0.139733,0,65744,0,100000,0.6574,5,10-20%,9186.606351999999
0.139813,0,278569,0,280000,0.9949,5,10-20%,38947.567597
0.139898,0,2992,-2,160000,0.0187,5,10-20%,418.574816
0.139923,0,600,-2,170000,0.0035,5,10-20%,83.9538
0.13993,0,42627,0,50000,0.8525,5,10-20%,5964.79611
0.139964,0,4289,0,200000,0.0214,5,10-20%,600.305596
0.139982,0,2736,0,10000,0.2736,5,10-20%,382.990752
0.140037,0,239003,0,240000,0.9958,5,10-20%,33469.263111
0.140057,1,48423,0,50000,0.9685,5,10-20%,6781.980110999999
0.140121,0,79986,0,80000,0.9998,5,10-20%,11207.718305999999
0.140128,0,46090,0,50000,0.9218,5,10-20%,6458.49952
0.140278,0,350178,0,360000,0.9727,5,10-20%,49122.269484000004
0.140285,0,31960,0,40000,0.799,5,10-20%,4483.5086
0.140316,0,84195,0,90000,0.9355,5,10-20%,11813.90562
0.140329,0,53239,0,70000,0.7606,5,10-20%,7470.975631
0.140338,0,47169,0,50000,0.9434,5,10-20%,6619.6031219999995
0.14042,1,77870,0,80000,0.9734,5,10-20%,10934.5054
0.140456,1,30096,0,40000,0.7524,5,10-20%,4227.163776
0.140617,0,48341,0,50000,0.9668,5,10-20%,6797.566397
0.140771,0,1875,-1,200000,0.0094,5,10-20%,263.945625
0.140823,0,28486,0,30000,0.9495,5,10-20%,4011.483978
0.141056,0,7056,-1,50000,0.1411,5,10-20%,995.2911359999999
0.141152,0,123044,0,130000,0.9465,5,10-20%,17367.906688
0.141171,0,0,-2,450000,-0.0,5,10-20%,0.0
0.141242,1,4750,-1,400000,0.0119,5,10-20%,670.8995
0.141294,0,321046,0,340000,0.9443,5,10-20%,45361.873524
0.14139,0,0,-2,250000,-0.0008,5,10-20%,0.0
0.141406,0,18833,0,20000,0.9416,5,10-20%,2663.099198
0.141472,1,74969,0,50000,1.4994,5,10-20%,10606.014367999998
0.141487,0,1500,0,50000,0.03,5,10-20%,212.2305
0.141556,0,2915,-1,230000,0.0127,5,10-20%,412.63573999999994
0.141572,1,1990,-1,200000,0.01,5,10-20%,281.72828
0.141921,0,99137,0,180000,0.5508,5,10-20%,14069.622177
0.141952,0,316,-1,120000,0.0026,5,10-20%,44.856832
0.142174,1,170,-1,200000,0.0008,5,10-20%,24.16958
0.142222,0,13922,0,20000,0.6961,5,10-20%,1980.0146839999998
0.142253,0,19961,0,20000,0.998,5,10-20%,2839.5121329999997
0.142389,0,0,1,240000,0.0,5,10-20%,0.0
0.142433,0,4908,-1,160000,0.0307,5,10-20%,699.0611640000001
0.142471,0,29668,0,30000,0.9889,5,10-20%,4226.8296279999995
0.142581,0,193097,0,200000,0.9655,5,10-20%,27531.963357000004
0.142756,0,89608,0,90000,0.9956,5,10-20%,12792.079647999999
0.142843,0,34976,0,50000,0.6995,5,10-20%,4996.076768
0.142873,0,398711,0,400000,0.9968,5,10-20%,56965.036703
0.142979,1,1377,-1,200000,0.0069,5,10-20%,196.882083
0.14298,0,2477,-2,280000,0.0088,5,10-20%,354.16146
0.142986,0,179307,0,180000,0.9962,5,10-20%,25638.390702
0.143004,0,79646,0,110000,0.7241,5,10-20%,11389.696584
0.143052,0,203533,0,200000,1.0177,5,10-20%,29115.802716000002
0.143331,0,15377,0,50000,0.3075,5,10-20%,2204.000787
0.143339,0,2538,-1,130000,0.0195,5,10-20%,363.794382
0.143361,0,15314,0,50000,0.3063,5,10-20%,2195.4303539999996
0.14344,0,43045,0,50000,0.8609,5,10-20%,6174.3748000000005
0.143572,1,8817,-1,210000,0.042,5,10-20%,1265.8743240000001
0.143912,0,5909,1,450000,0.0131,5,10-20%,850.3760080000001
0.144062,0,101557,0,100000,1.0156,5,10-20%,14630.504534
0.144133,1,326,-1,130000,0.0025,5,10-20%,46.987358
0.144159,0,15894,0,20000,0.7947,5,10-20%,2291.2631460000002
0.144188,1,1993,-1,230000,0.0087,5,10-20%,287.366684
0.14424,0,560,-1,150000,0.0037,5,10-20%,80.7744
0.144263,0,29292,0,30000,0.9764,5,10-20%,4225.7517960000005
0.144295,0,27170,0,30000,0.9057,5,10-20%,3920.49515
0.144406,0,6793,-1,320000,0.0212,5,10-20%,980.949958
0.144426,1,500,-2,200000,0.0025,5,10-20%,72.213
0.144604,1,33494,0,30000,1.1165,5,10-20%,4843.366376
0.144749,0,725,-1,80000,0.0091,5,10-20%,104.94302499999999
0.144844,0,17155,-2,500000,0.0343,5,10-20%,2484.79882
0.144927,0,7556,0,50000,0.1511,5,10-20%,1095.068412
0.144991,0,1344,-1,50000,0.0269,5,10-20%,194.867904
0.144992,0,24720,0,200000,0.1236,5,10-20%,3584.20224
0.145065,0,0,-2,500000,0.0,5,10-20%,0.0
0.145102,0,483,-1,230000,0.0021,5,10-20%,70.084266
0.145288,1,50581,0,50000,1.0116,5,10-20%,7348.812328
0.145289,1,51422,0,50000,1.0284,5,10-20%,7471.050958
0.145387,0,9410,-2,20000,0.4705,5,10-20%,1368.0916699999998
0.14542,0,47709,0,50000,0.9542,5,10-20%,6937.84278
0.145462,0,1379,0,120000,0.0115,5,10-20%,200.59209800000002
0.145492,0,13801,0,50000,0.276,5,10-20%,2007.9350920000002
0.145502,0,1832,-1,180000,0.0102,5,10-20%,266.559664
0.145637,0,555,-2,290000,0.0019,5,10-20%,80.82853499999999
0.145674,0,43583,0,160000,0.2724,5,10-20%,6348.909942
0.145679,0,0,-2,180000,0.0,5,10-20%,0.0
0.145728,0,27275,0,30000,0.9092,5,10-20%,3974.7311999999997
0.145738,0,59945,0,60000,0.9991,5,10-20%,8736.26441
0.145819,0,68519,0,80000,0.8565,5,10-20%,9991.372061
0.145867,0,4975,0,140000,0.0355,5,10-20%,725.688325
0.145874,0,0,-2,120000,0.0,5,10-20%,0.0
0.145925,1,1215,-1,100000,0.0122,5,10-20%,177.298875
0.14597,0,5745,0,50000,0.1149,5,10-20%,838.5976499999999
0.145987,0,316,-1,90000,0.0035,5,10-20%,46.131892
0.146012,0,27159,0,30000,0.9053,5,10-20%,3965.539908
0.146112,0,50029,0,50000,1.0006,5,10-20%,7309.837248
0.146163,0,22573,0,120000,0.1881,5,10-20%,3299.3373989999996
0.146226,0,44573,0,50000,0.8915,5,10-20%,6517.731498
0.146255,0,19262,0,20000,0.9631,5,10-20%,2817.16381
0.146269,0,10470,0,20000,0.5235,5,10-20%,1531.4364300000002
0.14628,0,6489,0,70000,0.0927,5,10-20%,949.21092
0.146288,0,0,-2,360000,0.0,5,10-20%,0.0
0.146301,0,62315,0,50000,1.2463,5,10-20%,9116.746814999999
0.146356,0,51016,0,50000,1.0203,5,10-20%,7466.497696
0.146388,0,11273,0,40000,0.2818,5,10-20%,1650.231924
0.146555,0,21912,0,50000,0.4382,5,10-20%,3211.3131599999997
0.146593,1,327915,0,350000,0.9369,5,10-20%,48070.043595
0.14664,0,1343,0,20000,0.0672,5,10-20%,196.93751999999998
0.146671,0,0,-2,50000,0.0,5,10-20%,0.0
0.146703,0,29119,0,30000,0.9706,5,10-20%,4271.844657
0.146716,0,1732,-1,330000,0.0052,5,10-20%,254.11211200000002
0.146771,0,1858,-2,40000,0.0464,5,10-20%,272.70051800000005
0.146895,0,135322,0,240000,0.5638,5,10-20%,19878.12519
0.146951,0,28509,0,50000,0.5702,5,10-20%,4189.426059
0.146995,0,50734,0,50000,1.0147,5,10-20%,7457.644329999999
0.147068,1,26278,0,30000,0.8759,6,10-20%,3864.652904
0.147167,1,0,-2,500000,0.0,6,10-20%,0.0
0.147231,1,30190,0,30000,1.0063,6,10-20%,4444.90389
0.147237,0,640,-1,30000,0.0213,6,10-20%,94.23168000000001
0.147313,0,8272,0,70000,0.1182,6,10-20%,1218.573136
0.147332,0,50496,0,50000,1.0099,6,10-20%,7439.676672
0.147361,0,97944,0,100000,0.9794,6,10-20%,14433.125784
0.147394,0,165987,0,170000,0.9764,6,10-20%,24465.487878
0.147399,0,4793,0,50000,0.0959,6,10-20%,706.483407
0.147484,0,48549,0,50000,0.971,6,10-20%,7160.200716
0.147547,0,471,-1,220000,0.0021,6,10-20%,69.49463700000001
0.147565,0,142826,0,180000,0.7935,6,10-20%,21076.11869
0.147649,0,9167,-1,200000,0.0458,6,10-20%,1353.498383
0.147768,0,80527,0,210000,0.3835,6,10-20%,11899.313736
0.147844,0,14492,0,20000,0.7246,6,10-20%,2142.555248
0.147879,0,33959,0,50000,0.6792,6,10-20%,5021.822961000001
0.147879,0,182026,0,180000,1.0113,6,10-20%,26917.822854000002
0.147927,0,37596,0,100000,0.376,6,10-20%,5561.463492
0.148024,0,238215,0,250000,0.9529,6,10-20%,35261.53716
0.148051,1,30123,0,30000,1.0041,6,10-20%,4459.740272999999
0.148087,0,19656,0,20000,0.9828,6,10-20%,2910.798072
0.148164,0,236823,0,240000,0.9868,6,10-20%,35088.642971999994
0.148302,1,47750,0,50000,0.955,6,10-20%,7081.420499999999
0.148372,0,9877,0,50000,0.1975,6,10-20%,1465.470244
0.148418,1,8257,0,10000,0.8257,6,10-20%,1225.487426
0.148463,0,494,-1,80000,0.0062,6,10-20%,73.340722
0.148473,1,7381,0,20000,0.369,6,10-20%,1095.879213
0.148497,0,46860,0,50000,0.9372,6,10-20%,6958.56942
0.148539,0,81066,0,80000,1.0133,6,10-20%,12041.462574000001
0.148623,0,5044,-1,20000,0.2522,6,10-20%,749.654412
0.148648,0,89309,0,90000,0.9923,6,10-20%,13275.604232
0.148679,0,10858,-1,400000,0.0271,6,10-20%,1614.3565820000001
0.148705,0,77298,0,80000,0.9662,6,10-20%,11494.59909
0.148866,0,281967,0,290000,0.9723,6,10-20%,41975.299422
0.148894,1,10178,0,30000,0.3393,6,10-20%,1515.4431319999999
0.148935,1,15602,0,120000,0.13,6,10-20%,2323.6838700000003
0.148953,0,197139,0,220000,0.8961,6,10-20%,29364.445467
0.148962,0,25167,0,30000,0.8389,6,10-20%,3748.9266540000003
0.149003,1,34521,0,40000,0.863,6,10-20%,5143.732563
0.149025,0,0,1,210000,0.0,6,10-20%,0.0
0.149111,1,63236,-1,60000,1.0539,6,10-20%,9429.183196
0.14923,1,79558,0,80000,0.9945,6,10-20%,11872.440340000001
0.149279,0,0,-2,170000,0.0,6,10-20%,0.0
0.149349,0,18516,0,20000,0.9258,6,10-20%,2765.3460840000002
0.149374,0,78910,1,80000,0.9864,6,10-20%,11787.102340000001
0.149403,0,47422,0,140000,0.3387,6,10-20%,7084.989066
0.149413,0,29327,0,30000,0.9776,6,10-20%,4381.835051
0.149435,0,47734,0,50000,0.9547,6,10-20%,7133.130290000001
0.149665,0,21692,0,310000,0.07,6,10-20%,3246.53318
0.149726,0,277040,1,360000,0.7696,6,10-20%,41480.09104
0.149863,0,193095,0,180000,1.0728,6,10-20%,28937.795985
0.149874,1,444,-2,140000,0.0032,6,10-20%,66.544056
0.149962,0,98349,0,100000,0.9835,6,10-20%,14748.612738000002
0.149988,0,8922,0,30000,0.2974,6,10-20%,1338.1929360000001
0.149996,0,50180,0,50000,1.0036,6,10-20%,7526.799279999999
0.15001,0,9530,0,230000,0.0414,6,10-20%,1429.5953
0.150016,0,47858,0,50000,0.9572,6,10-20%,7179.465728
0.150058,0,25334,0,200000,0.1267,6,10-20%,3801.569372
0.150158,0,48153,0,50000,0.9631,6,10-20%,7230.558174000001
0.150173,0,50224,0,50000,1.0045,6,10-20%,7542.288752
0.150184,0,45561,0,50000,0.9112,6,10-20%,6842.533224000001
0.150249,0,45220,0,50000,0.9044,6,10-20%,6794.259779999999
0.150276,0,1278,-1,270000,0.0047,6,10-20%,192.052728
0.150288,0,0,-2,30000,0.0,6,10-20%,0.0
0.150432,0,3920,-1,130000,0.0302,6,10-20%,589.69344
0.15068,0,75768,0,80000,0.9471,6,10-20%,11416.722240000001
0.150692,0,430,-1,160000,0.0027,6,10-20%,64.79755999999999
0.150709,0,58563,0,60000,0.976,6,10-20%,8825.971167
0.150775,0,2396,1,200000,0.012,6,10-20%,361.2569
0.1508,1,87764,0,230000,0.3816,6,10-20%,13234.811199999998
0.150935,0,12768,0,360000,0.0355,6,10-20%,1927.1380800000002
0.150988,0,19167,0,20000,0.9584,6,10-20%,2893.986996
0.150999,0,4700,0,210000,0.0224,6,10-20%,709.6953
0.151077,0,16001,0,20000,0.8,6,10-20%,2417.383077
0.15114,0,48017,0,50000,0.9603,6,10-20%,7257.28938
0.15124,0,30136,0,30000,1.0045,6,10-20%,4557.76864
0.151243,0,48658,0,50000,0.9732,6,10-20%,7359.181893999999
0.151253,0,17500,0,50000,0.35,6,10-20%,2646.9275
0.151296,0,46410,0,50000,0.9282,6,10-20%,7021.647360000001
0.151355,0,2498,-2,50000,0.05,6,10-20%,378.08479
0.151365,0,1341,-1,180000,0.0074,6,10-20%,202.980465
0.15137,0,37293,0,50000,0.7459,6,10-20%,5645.04141
0.15138,0,1955,0,20000,0.0978,6,10-20%,295.94789999999995
0.151428,1,43885,0,50000,0.8777,6,10-20%,6645.417780000001
0.15153,1,82150,0,80000,1.0269,6,10-20%,12448.1895
0.151627,0,2196,-2,180000,0.0122,6,10-20%,332.972892
0.151648,0,12939,0,30000,0.4313,6,10-20%,1962.1734720000002
0.151659,0,730,-1,330000,0.0022,6,10-20%,110.71106999999999
0.151749,0,47076,0,50000,0.9415,6,10-20%,7143.735924
0.151803,0,8417,0,10000,0.8417,6,10-20%,1277.725851
0.151824,0,29666,0,30000,0.9889,6,10-20%,4504.010784
0.151826,0,1591,1,180000,0.0088,6,10-20%,241.55516599999999
0.151827,0,60557,0,60000,1.0093,6,10-20%,9194.187639
0.151837,0,1650,-1,180000,0.0092,6,10-20%,250.53105
0.151845,0,16033,0,50000,0.3207,6,10-20%,2434.530885
0.151927,0,43719,0,50000,0.8744,6,10-20%,6642.096513
0.152008,0,99958,0,100000,0.9996,6,10-20%,15194.415664
0.152049,0,17820,0,20000,0.891,6,10-20%,2709.51318
0.152058,0,21302,0,20000,1.0651,6,10-20%,3239.139516
0.152246,0,49613,0,50000,0.9923,6,10-20%,7553.380797999999
0.152309,1,47772,0,50000,0.9554,6,10-20%,7276.1055479999995
0.152338,0,17018,0,10000,1.7018,6,10-20%,2592.488084
0.152411,0,310866,0,340000,0.9143,6,10-20%,47379.397926
0.152458,0,47912,0,30000,1.5971,6,10-20%,7304.567696
0.152478,0,27123,0,140000,0.1937,6,10-20%,4135.660794
0.152556,0,199649,0,200000,0.9982,6,10-20%,30457.652844
0.152623,0,48111,0,50000,0.9622,6,10-20%,7342.845153
0.152696,0,4948,0,80000,0.0618,6,10-20%,755.539808
0.152738,1,30414,0,160000,0.1901,6,10-20%,4645.3735320000005
0.152783,0,77402,0,80000,0.9675,6,10-20%,11825.709766
0.152834,1,73983,0,80000,0.9248,6,10-20%,11307.117822
0.152874,1,22541,0,30000,0.7514,6,10-20%,3445.932834
0.152894,0,24769,0,270000,0.0917,6,10-20%,3787.031486
0.152965,0,877,-1,460000,0.0019,6,10-20%,134.150305
0.152985,0,3265,-1,350000,0.0093,6,10-20%,499.49602500000003
0.153226,0,16936,0,20000,0.8468,6,10-20%,2595.035536
0.153239,0,5504,-1,80000,0.0688,6,10-20%,843.4274559999999
0.153242,0,60745,0,60000,1.0124,6,10-20%,9308.68529
0.153317,0,308013,0,240000,1.2834,6,10-20%,47223.629121000005
0.153321,0,69572,0,70000,0.9939,6,10-20%,10666.848612000002
0.153401,0,29637,0,50000,0.5927,6,10-20%,4546.345437
0.153509,0,149957,0,150000,0.9997,6,10-20%,23019.749113
0.153531,0,257987,0,260000,0.9923,6,10-20%,39609.002097
0.153546,0,127626,0,130000,0.9817,6,10-20%,19596.461796
0.15355,1,0,1,180000,-0.0011,6,10-20%,0.0
0.153707,0,106974,0,140000,0.7641,6,10-20%,16442.652618
0.153725,0,279804,0,290000,0.9648,6,10-20%,43012.8699
0.153801,0,717,-2,160000,0.0045,6,10-20%,110.275317
0.153852,0,49296,0,50000,0.9859,6,10-20%,7584.288191999999
0.153891,1,304867,0,390000,0.7817,6,10-20%,46916.287497
0.153917,0,2070,-1,150000,0.0138,6,10-20%,318.60819
0.153969,1,0,-2,360000,-0.0,6,10-20%,0.0
0.154012,0,27371,-1,210000,0.1303,6,10-20%,4215.462452000001
0.154039,0,1360,0,20000,0.068,6,10-20%,209.49304
0.154048,1,347790,0,350000,0.9937,6,10-20%,53576.353919999994
0.154082,0,50239,0,50000,1.0048,6,10-20%,7740.925598
0.154188,0,132214,0,150000,0.8814,6,10-20%,20385.812232
0.154272,1,50635,0,50000,1.0127,6,10-20%,7811.56272
0.154288,0,60412,0,70000,0.863,6,10-20%,9320.846656
0.154291,0,1821,1,430000,0.0042,6,10-20%,280.963911
0.154307,0,26376,0,30000,0.8792,6,10-20%,4070.001432
0.15431,0,200,-2,230000,0.0009,6,10-20%,30.862000000000002
0.154313,0,48836,0,50000,0.9767,6,10-20%,7536.029668
0.154573,0,316,-2,210000,0.0015,6,10-20%,48.845068
0.154712,0,1007,-1,140000,0.0072,6,10-20%,155.794984
0.15473,0,10721,0,30000,0.3574,6,10-20%,1658.86033
0.154789,0,67661,0,70000,0.9666,6,10-20%,10473.178529
0.154878,0,0,-2,200000,0.0,6,10-20%,0.0
0.154969,0,5592,-1,200000,0.028,6,10-20%,866.586648
0.155095,1,24380,0,30000,0.8127,6,10-20%,3781.2161
0.155099,0,57033,0,60000,0.9506,6,10-20%,8845.761267
0.155103,0,296942,0,310000,0.9579,6,10-20%,46056.595025999995
0.155201,0,18231,0,150000,0.1215,6,10-20%,2829.469431
0.15525,1,25546,0,30000,0.8515,6,10-20%,3966.0165
0.155259,0,220,-2,50000,0.0044,6,10-20%,34.156980000000004
0.155358,0,94962,0,50000,1.8992,6,10-20%,14753.106396
0.155368,0,96521,0,100000,0.9652,6,10-20%,14996.274728
0.155376,0,0,-2,320000,-0.0011,6,10-20%,0.0
0.155408,0,503,-1,280000,0.0018,6,10-20%,78.17022399999999
0.15547,0,204187,-1,150000,1.3612,6,10-20%,31744.95289
0.1558,0,104804,0,110000,0.9528,6,10-20%,16328.4632
0.15593,0,49357,0,50000,0.9871,6,10-20%,7696.237010000001
0.156064,0,45010,0,50000,0.9002,6,10-20%,7024.440640000001
0.156078,1,46980,0,50000,0.9396,6,10-20%,7332.54444
0.156087,0,49375,0,50000,0.9875,6,10-20%,7706.795625
0.156126,0,0,1,150000,0.0,6,10-20%,0.0
0.156127,0,0,1,50000,0.0,6,10-20%,0.0
0.156189,0,47407,0,50000,0.9481,6,10-20%,7404.451923
0.156223,0,0,1,330000,-0.001,6,10-20%,0.0
0.156253,0,29662,0,310000,0.0957,6,10-20%,4634.776486
0.156304,0,0,-2,200000,0.0,6,10-20%,0.0
0.156327,0,22033,0,120000,0.1836,6,10-20%,3444.352791
0.156339,0,23500,0,50000,0.47,6,10-20%,3673.9665
0.156346,1,4015,-2,150000,0.0268,6,10-20%,627.72919
0.156427,0,88758,0,90000,0.9862,6,10-20%,13884.147666
0.156442,1,47929,0,50000,0.9586,6,10-20%,7498.108618
0.156487,0,0,-2,360000,0.0,6,10-20%,0.0
0.156515,0,92816,0,160000,0.5801,6,10-20%,14527.096239999999
0.156606,1,7653,0,30000,0.2551,6,10-20%,1198.505718
0.15662,0,16842,-1,20000,0.8421,6,10-20%,2637.79404
0.156681,1,4582,-1,180000,0.0255,6,10-20%,717.912342
0.156684,0,386,-1,510000,0.0008,6,10-20%,60.48002399999999
0.156685,1,7752,0,90000,0.0861,6,10-20%,1214.62212
0.156715,1,388357,0,440000,0.8826,6,10-20%,60861.367255
0.156801,1,2345,-1,500000,0.0047,6,10-20%,367.698345
0.156852,0,2078,-1,230000,0.009,6,10-20%,325.938456
0.156876,1,48549,0,50000,0.971,6,10-20%,7616.1729239999995
0.156915,0,177,-1,230000,0.0008,6,10-20%,27.773955
0.156926,0,730,-2,320000,0.0023,6,10-20%,114.55598
0.156943,0,48065,0,50000,0.9613,6,10-20%,7543.465295
0.156963,0,7015,-1,150000,0.0468,6,10-20%,1101.095445
0.157102,0,32752,0,50000,0.655,6,10-20%,5145.404704
0.157115,0,0,-2,300000,0.0,6,10-20%,0.0
0.157155,0,323,-2,360000,0.0009,6,10-20%,50.761064999999995
0.157184,0,5100,0,20000,0.255,6,10-20%,801.6383999999999
0.157237,0,5877,0,150000,0.0392,6,10-20%,924.0818489999999
0.157303,0,67655,0,70000,0.9665,6,10-20%,10642.334465
0.157348,0,4158,-1,120000,0.0346,6,10-20%,654.252984
0.157437,0,666,1,200000,0.0033,6,10-20%,104.853042
0.157472,0,16841,0,20000,0.842,6,10-20%,2651.985952
0.15751,1,17179,0,20000,0.859,6,10-20%,2705.86429
0.157582,0,46363,0,50000,0.9273,6,10-20%,7305.974266
0.157589,0,304883,0,360000,0.8469,6,10-20%,48046.207087
0.157625,0,4848,0,30000,0.1616,6,10-20%,764.1659999999999
0.15768,0,3454,0,30000,0.1151,6,10-20%,544.62672
0.157799,0,45417,0,50000,0.9083,6,10-20%,7166.757183
0.157867,0,27699,0,50000,0.554,6,10-20%,4372.758033
0.157896,0,258360,0,290000,0.8909,6,10-20%,40794.01056
0.157912,0,1837,-2,430000,0.0043,6,10-20%,290.084344
0.158036,0,8107,0,50000,0.1621,6,10-20%,1281.197852
0.158108,0,0,1,200000,-0.0022,6,10-20%,0.0
0.158227,0,29596,0,30000,0.9865,6,10-20%,4682.886292
0.158227,1,66505,0,70000,0.9501,6,10-20%,10522.886635
0.15826,0,14939,-1,80000,0.1867,6,10-20%,2364.24614
0.158263,0,3902,-1,30000,0.1301,6,10-20%,617.5422259999999
0.158277,1,10538,-1,200000,0.0527,6,10-20%,1667.923026
0.158316,0,49392,0,50000,0.9878,6,10-20%,7819.543872
0.158329,0,2119,-2,360000,0.0059,6,10-20%,335.499151
0.158373,0,496,-1,50000,0.0099,6,10-20%,78.553008
0.158414,0,44637,0,50000,0.8927,6,10-20%,7071.125718
0.158429,0,3077,0,30000,0.1026,6,10-20%,487.48603299999996
0.158459,0,48781,-2,50000,0.9756,6,10-20%,7729.788479
0.158468,0,0,-2,200000,-0.0039,6,10-20%,0.0
0.158473,0,61548,0,60000,1.0258,6,10-20%,9753.696204
0.158584,0,46521,0,50000,0.9304,6,10-20%,7377.486264
0.158616,0,44917,0,50000,0.8983,6,10-20%,7124.554872000001
0.158821,0,17359,0,20000,0.868,6,10-20%,2756.973739
0.158845,0,109345,0,110000,0.994,6,10-20%,17368.906525
0.158856,1,1804,-1,170000,0.0106,6,10-20%,286.57622399999997
0.158877,0,40710,0,50000,0.8142,6,10-20%,6467.88267
0.158924,0,28138,0,30000,0.9379,6,10-20%,4471.803512
0.158972,0,0,-2,230000,0.0,6,10-20%,0.0
0.159011,1,1146,-1,360000,0.0032,6,10-20%,182.226606
0.159105,0,51159,0,50000,1.0232,6,10-20%,8139.652695
0.159164,0,4323,-1,310000,0.0139,6,10-20%,688.065972
0.159246,0,49809,0,50000,0.9962,6,10-20%,7931.884014
0.159537,1,43785,0,50000,0.8757,6,10-20%,6985.327545
0.159545,1,50577,0,50000,1.0115,6,10-20%,8069.307465
0.159572,0,0,1,250000,-0.0006,6,10-20%,0.0
0.159656,0,3135,0,120000,0.0261,6,10-20%,500.52155999999997
0.159715,0,23280,0,50000,0.4656,6,10-20%,3718.1652
0.159751,0,80707,0,80000,1.0088,6,10-20%,12893.023957
0.159869,0,77894,0,80000,0.9737,6,10-20%,12452.835886
0.159902,1,0,-2,280000,0.0,6,10-20%,0.0
0.159952,0,14562,0,20000,0.7281,6,10-20%,2329.221024
0.159957,0,27396,0,30000,0.9132,6,10-20%,4382.181971999999
0.16006,1,30238,0,30000,1.0079,6,10-20%,4839.89428
0.160113,0,79518,0,80000,0.994,6,10-20%,12731.865534
0.160119,0,310403,0,290000,1.0704,6,10-20%,49701.417957000005
0.160146,0,46450,0,50000,0.929,6,10-20%,7438.7817000000005
0.160199,0,437492,0,520000,0.8413,6,10-20%,70085.780908
0.160229,0,60922,0,60000,1.0154,6,10-20%,9761.471138
0.160238,0,80804,0,80000,1.01,6,10-20%,12947.871352
0.160335,0,311577,0,330000,0.9442,6,10-20%,49956.698295
0.160411,0,1902,-1,230000,0.0083,6,10-20%,305.101722
0.160439,0,272,-1,210000,0.0013,6,10-20%,43.639408
0.160458,0,48226,0,50000,0.9645,6,10-20%,7738.2475079999995
0.16051,0,1499,0,150000,0.01,6,10-20%,240.60449000000003
0.160527,0,10083,0,70000,0.144,6,10-20%,1618.5937410000001
0.160599,0,50739,0,50000,1.0148,6,10-20%,8148.632661
0.160622,0,0,1,200000,-0.0,6,10-20%,0.0
0.160765,0,50547,0,50000,1.0109,6,10-20%,8126.1884549999995
0.160799,0,19018,0,20000,0.9509,6,10-20%,3058.075382
0.160809,0,390,-2,100000,0.0039,6,10-20%,62.71551
0.160882,0,18292,0,30000,0.6097,6,10-20%,2942.853544
0.16107,0,24643,0,30000,0.8214,6,10-20%,3969.24801
0.161076,0,275487,0,280000,0.9839,6,10-20%,44374.344012
0.161126,0,0,-2,200000,0.0,6,10-20%,0.0
0.161171,0,2280,-1,110000,0.0207,6,10-20%,367.46988000000005
0.161173,1,48027,0,50000,0.9605,6,10-20%,7740.655671
0.161185,0,28786,0,30000,0.9595,6,10-20%,4639.87141
0.161215,0,17357,0,160000,0.1085,6,10-20%,2798.208755
0.161354,0,10898,0,50000,0.218,6,10-20%,1758.435892
0.161363,0,940,-2,200000,0.0047,6,10-20%,151.68122
0.161365,0,0,1,200000,0.0,6,10-20%,0.0
0.161389,0,16231,0,20000,0.8116,6,10-20%,2619.504859
0.161425,0,10000,-1,100000,0.1,6,10-20%,1614.2500000000002
0.161454,0,21501,0,20000,1.075,6,10-20%,3471.4224539999996
0.161466,0,6733,0,20000,0.3366,6,10-20%,1087.150578
0.161475,0,30400,0,50000,0.608,6,10-20%,4908.84
0.161481,0,159637,0,160000,0.9977,6,10-20%,25778.342397
0.161506,0,24306,0,160000,0.1519,6,10-20%,3925.5648360000005
0.161569,0,4202,0,170000,0.0247,6,10-20%,678.9129379999999
0.161604,0,1245,-2,250000,0.005,6,10-20%,201.19698
0.161663,0,71106,0,70000,1.0158,6,10-20%,11495.209278
0.161665,1,57470,0,60000,0.9578,6,10-20%,9290.88755
0.161697,0,373,-1,50000,0.0075,6,10-20%,60.312981
0.161714,0,25925,0,50000,0.5185,6,10-20%,4192.43545
0.161766,0,61759,0,60000,1.0293,6,10-20%,9990.506394
0.161774,0,57487,0,60000,0.9581,6,10-20%,9299.901938
0.161777,0,7740,-1,260000,0.0298,6,10-20%,1252.15398
0.16193,0,15621,-1,80000,0.1953,6,10-20%,2529.50853
0.162029,0,184,-1,240000,0.0008,6,10-20%,29.813336
0.162062,0,138317,0,140000,0.988,6,10-20%,22415.929654000003
0.16221,0,650,-2,320000,0.002,6,10-20%,105.4365
0.16223,0,9178,0,10000,0.9178,6,10-20%,1488.94694
0.162251,0,3588,0,70000,0.0513,6,10-20%,582.156588
0.162265,0,39295,0,40000,0.9824,6,10-20%,6376.203175
0.162333,0,53951,0,140000,0.3854,6,10-20%,8758.027683
0.162334,0,43051,0,50000,0.861,6,10-20%,6988.641034
0.162338,0,2020,-2,210000,0.0096,6,10-20%,327.92276000000004
0.162402,0,582,-1,260000,0.0022,6,10-20%,94.51796399999999
0.16245,0,0,1,200000,-0.0009,6,10-20%,0.0
0.162457,1,201851,0,170000,1.1874,6,10-20%,32792.107907
0.162536,0,7874,0,290000,0.0272,6,10-20%,1279.8084640000002
0.162629,1,50427,0,50000,1.0085,6,10-20%,8200.892582999999
0.162842,0,2309,0,110000,0.021,6,10-20%,376.00217799999996
0.162898,0,1709,-1,200000,0.0085,6,10-20%,278.392682
0.162933,0,177,-1,80000,0.0022,6,10-20%,28.839140999999998
0.162975,0,103750,0,110000,0.9432,6,10-20%,16908.65625
0.162986,0,33699,0,100000,0.337,6,10-20%,5492.465214
0.162988,0,16620,0,20000,0.831,6,10-20%,2708.86056
0.163012,0,17977,0,20000,0.8988,6,10-20%,2930.466724
0.163077,1,56038,0,60000,0.934,6,10-20%,9138.508926
0.163171,0,50732,0,50000,1.0146,6,10-20%,8277.991172
0.16323,0,51396,0,50000,1.0279,6,10-20%,8389.369079999999
0.163466,0,760,-1,310000,0.0025,6,10-20%,124.23416
0.163804,0,8460,0,160000,0.0529,6,10-20%,1385.78184
0.164011,0,836,-2,20000,0.0418,6,10-20%,137.113196
0.16407,1,4197,0,50000,0.0839,6,10-20%,688.6017899999999
0.164079,1,3486,-1,290000,0.012,6,10-20%,571.979394
0.164105,0,26725,0,30000,0.8908,6,10-20%,4385.706125
0.164141,0,50952,0,50000,1.019,6,10-20%,8363.312232
0.164143,0,18916,0,20000,0.9458,6,10-20%,3104.928988
0.164174,0,0,-2,360000,0.0,6,10-20%,0.0
0.164198,0,15090,0,20000,0.7545,6,10-20%,2477.74782
0.164215,0,51417,0,50000,1.0283,6,10-20%,8443.442655
0.164286,1,44461,-1,50000,0.8892,6,10-20%,7304.319845999999
0.164286,1,70798,0,70000,1.0114,6,10-20%,11631.120228
0.164319,0,230131,0,240000,0.9589,6,10-20%,37814.895789
0.164418,0,44751,0,50000,0.895,6,10-20%,7357.869918
0.164554,0,26411,0,30000,0.8804,6,10-20%,4346.035694
0.164698,0,8618,0,30000,0.2873,6,10-20%,1419.3673640000002
0.164702,0,50096,-2,50000,1.0019,6,10-20%,8250.911392
0.164733,1,157067,0,160000,0.9817,6,10-20%,25874.118111
0.164794,0,1179,-2,90000,0.0131,6,10-20%,194.292126
0.164853,1,12545,-1,60000,0.2091,6,10-20%,2068.080885
0.16498,0,53651,0,50000,1.073,6,10-20%,8851.34198
0.164994,0,216582,0,110000,1.9689,6,10-20%,35734.730508
0.16516,0,1188,-1,120000,0.0099,6,10-20%,196.21008
0.165199,0,142119,0,140000,1.0151,6,10-20%,23477.916681000002
0.165304,1,25115,0,30000,0.8372,6,10-20%,4151.60996
0.16535,0,131197,0,130000,1.0092,6,10-20%,21693.42395
0.165499,0,0,1,190000,0.0,6,10-20%,0.0
0.165571,0,50701,0,50000,1.014,6,10-20%,8394.615271
0.165588,1,79650,0,80000,0.9956,6,10-20%,13189.084200000001
0.165662,0,28848,0,30000,0.9616,6,10-20%,4779.017376
0.165768,0,630458,0,590000,1.0686,6,10-20%,104509.761744
0.165806,0,74903,0,50000,1.4981,6,10-20%,12419.366818
0.165817,0,23900,0,30000,0.7967,6,10-20%,3963.0263
0.165912,1,49024,0,50000,0.9805,6,10-20%,8133.669888
0.165965,0,5928,-1,190000,0.0312,6,10-20%,983.84052
0.166043,0,45079,0,50000,0.9016,6,10-20%,7485.0523969999995
0.166111,0,12106,0,50000,0.2421,6,10-20%,2010.9397660000002
0.16612,1,207592,0,220000,0.9436,6,10-20%,34485.183039999996
0.16612,1,1031,-1,130000,0.0079,6,10-20%,171.26971999999998
0.166135,0,279184,0,140000,1.9942,6,10-20%,46382.23384
0.166181,0,5607,0,250000,0.0224,6,10-20%,931.7768669999999
0.1662,0,583,-1,450000,0.0013,6,10-20%,96.8946
0.166226,0,26770,0,210000,0.1275,6,10-20%,4449.87002
0.166249,0,326,-1,60000,0.0054,6,10-20%,54.197174000000004
0.166334,0,0,1,200000,0.0,6,10-20%,0.0
0.166392,1,46512,0,50000,0.9302,6,10-20%,7739.224704
0.166431,1,0,1,280000,0.0,6,10-20%,0.0
0.166558,0,47036,0,50000,0.9407,6,10-20%,7834.222088
0.166569,0,1294,-2,380000,0.0034,6,10-20%,215.54028599999998
0.16662,0,88819,0,80000,1.1102,6,10-20%,14799.02178
0.166698,1,0,1,290000,0.0,6,10-20%,0.0
0.166777,0,471814,0,240000,1.9659,6,10-20%,78687.723478
0.166846,0,225312,0,240000,0.9388,6,10-20%,37592.405952
0.166991,0,38257,0,40000,0.9564,6,10-20%,6388.574687
0.167005,0,6289,0,230000,0.0273,6,10-20%,1050.294445
0.167094,0,37800,0,150000,0.252,6,10-20%,6316.1532
0.167116,0,44756,0,50000,0.8951,6,10-20%,7479.443695999999
0.167121,0,103226,0,150000,0.6882,6,10-20%,17251.232346
0.167124,0,56869,0,60000,0.9478,6,10-20%,9504.174756
0.167207,0,48403,0,50000,0.9681,6,10-20%,8093.320420999999
0.167214,1,2429,-1,70000,0.0347,6,10-20%,406.162806
0.167428,0,81793,0,50000,1.6359,6,10-20%,13694.438403999999
0.167447,0,3118,0,30000,0.1039,6,10-20%,522.0997460000001
0.167597,0,18774,0,20000,0.9387,6,10-20%,3146.466078
0.167599,0,2315,0,80000,0.0289,6,10-20%,387.991685
0.167614,0,380,-1,90000,0.0042,6,10-20%,63.69332000000001
0.167645,0,255473,0,250000,1.0219,6,10-20%,42828.771085
0.167648,0,801,-1,360000,0.0022,6,10-20%,134.286048
0.167662,0,58264,0,60000,0.9711,6,10-20%,9768.658768000001
0.16773,0,49086,0,50000,0.9817,6,10-20%,8233.19478
0.167734,1,528,-1,30000,0.0176,6,10-20%,88.563552
0.167845,1,60380,0,60000,1.0063,6,10-20%,10134.481099999999
0.167871,0,5633,0,70000,0.0805,6,10-20%,945.617343
0.167897,0,929,-1,130000,0.0071,6,10-20%,155.976313
0.167911,0,157,-1,270000,0.0006,6,10-20%,26.362027
0.167941,0,0,1,460000,-0.0006,6,10-20%,0.0
0.168141,0,11085,-2,150000,0.0739,6,10-20%,1863.8429850000002
0.168141,0,0,1,200000,0.0,6,10-20%,0.0
0.168214,0,18650,0,20000,0.9325,6,10-20%,3137.1911
0.168254,0,1426,-1,30000,0.0475,6,10-20%,239.93020399999997
0.168593,1,2729,-2,310000,0.0088,6,10-20%,460.09029699999996
0.168685,1,5745,0,20000,0.2872,6,10-20%,969.095325
0.168709,0,135466,0,130000,1.042,6,10-20%,22854.333394
0.168736,1,11839,0,50000,0.2368,6,10-20%,1997.665504
0.168745,1,25551,0,50000,0.511,6,10-20%,4311.603495
0.168886,0,6415,0,190000,0.0338,6,10-20%,1083.40369
0.168918,0,78726,0,80000,0.9841,6,10-20%,13298.238468000001
0.169041,0,16196,0,20000,0.8098,6,10-20%,2737.788036
0.169042,0,25207,0,50000,0.5041,6,10-20%,4261.041694
0.169185,0,170845,0,170000,1.005,6,10-20%,28904.411325
0.169208,1,19078,0,20000,0.9539,6,10-20%,3228.150224
0.169216,0,49386,0,50000,0.9877,6,10-20%,8356.901376
0.169219,0,0,1,140000,-0.0001,6,10-20%,0.0
0.169228,0,8301,0,30000,0.2767,6,10-20%,1404.761628
0.16925,1,0,1,200000,0.0,6,10-20%,0.0
0.169258,0,230234,0,240000,0.9593,6,10-20%,38968.946372
0.169305,0,78913,0,80000,0.9864,6,10-20%,13360.365465
0.169337,0,135294,0,140000,0.9664,6,10-20%,22910.280078
0.169377,0,50051,0,50000,1.001,6,10-20%,8477.488227
0.169414,0,22277,-1,290000,0.0768,6,10-20%,3774.035678
0.16945,0,0,1,30000,0.0,6,10-20%,0.0
0.169606,0,1877,-1,300000,0.0063,6,10-20%,318.350462
0.169676,0,594,-1,120000,0.005,6,10-20%,100.787544
0.169747,0,0,1,260000,0.0,6,10-20%,0.0
0.169768,0,3854,-1,300000,0.0128,6,10-20%,654.285872
0.169795,1,6822,0,90000,0.0758,6,10-20%,1158.34149
0.169908,0,293554,0,300000,0.9785,6,10-20%,49877.173032
0.169929,0,6359,0,30000,0.212,6,10-20%,1080.578511
0.16995,0,4536,0,130000,0.0349,6,10-20%,770.8932
0.169986,0,26490,0,120000,0.2208,6,10-20%,4502.92914
0.16999,0,46827,0,50000,0.9365,6,10-20%,7960.12173
0.170065,0,242518,0,340000,0.7133,6,10-20%,41243.82367
0.17014,0,49989,0,50000,0.9998,6,10-20%,8505.12846
0.170144,0,0,1,130000,-0.0001,6,10-20%,0.0
0.170157,0,25485,0,30000,0.8495,6,10-20%,4336.451145
0.170264,0,1568,-1,360000,0.0044,6,10-20%,266.973952
0.170369,0,8820,0,10000,0.882,6,10-20%,1502.65458
0.170422,1,481,-1,90000,0.0053,6,10-20%,81.972982
0.170449,0,148735,0,180000,0.8263,6,10-20%,25351.732014999998
0.170466,0,4180,0,120000,0.0348,6,10-20%,712.5478800000001
0.170472,0,665,-1,200000,0.0033,6,10-20%,113.36388000000001
0.170504,0,40253,0,50000,0.8051,6,10-20%,6863.297511999999
0.170533,0,28541,0,30000,0.9514,6,10-20%,4867.182353
0.170588,1,4419,0,60000,0.0736,6,10-20%,753.828372
0.170691,0,38909,0,50000,0.7782,6,10-20%,6641.416119
0.170903,0,5719,0,100000,0.0572,6,10-20%,977.394257
0.171114,0,116630,1,70000,1.6661,6,10-20%,19957.02582
0.171145,0,117191,0,50000,2.3438,6,10-20%,20056.653694999997
0.17116,0,27414,0,30000,0.9138,6,10-20%,4692.180240000001
0.171163,0,16793,0,20000,0.8396,6,10-20%,2874.340259
0.171189,0,1100,-1,420000,0.0026,6,10-20%,188.30790000000002
0.171257,0,7233,-1,60000,0.1206,6,10-20%,1238.701881
0.17133,0,27880,0,30000,0.9293,6,10-20%,4776.6804
0.171344,0,1616,-1,360000,0.0045,6,10-20%,276.891904
0.17145,0,390,-2,250000,0.0016,6,10-20%,66.8655
0.171497,0,0,1,450000,-0.0,6,10-20%,0.0
0.171615,0,272899,0,300000,0.9097,6,10-20%,46833.561884999996
0.17162,0,118063,0,120000,0.9839,6,10-20%,20261.97206
0.171649,0,36717,0,150000,0.2448,6,10-20%,6302.436333
0.171672,0,846,-1,30000,0.0282,6,10-20%,145.234512
0.171699,0,0,-2,210000,0.0,6,10-20%,0.0
0.171707,0,432,-2,110000,0.0039,6,10-20%,74.177424
0.171825,0,585,-2,80000,0.0073,6,10-20%,100.51762500000001
0.171836,0,126454,0,130000,0.9727,6,10-20%,21729.349543999997
0.171911,0,10001,0,20000,0.5,6,10-20%,1719.281911
0.171922,0,65666,0,190000,0.3456,6,10-20%,11289.430052
0.172005,0,19483,0,20000,0.9742,6,10-20%,3351.1734149999997
0.172019,0,28509,0,30000,0.9503,6,10-20%,4904.089671
0.17212,1,50545,0,50000,1.0109,6,10-20%,8699.8054
0.17217,0,46857,0,50000,0.9371,6,10-20%,8067.3696899999995
0.172259,0,25344,0,30000,0.8448,6,10-20%,4365.732096
0.172401,0,1226,0,50000,0.0245,6,10-20%,211.363626
0.172426,0,390,-1,130000,0.003,6,10-20%,67.24614
0.172453,0,45966,0,160000,0.2873,6,10-20%,7926.974598
0.172564,0,81513,0,80000,1.0189,6,10-20%,14066.209332
0.172631,0,64888,0,70000,0.927,6,10-20%,11201.680328
0.172633,0,91272,-2,90000,1.0141,6,10-20%,15756.559176
0.17268,0,29557,0,30000,0.9852,6,10-20%,5103.90276
0.172785,0,91641,0,90000,1.0182,6,10-20%,15834.190185
0.173053,0,50698,0,50000,1.014,6,10-20%,8773.440994
0.173087,0,67120,0,240000,0.2797,6,10-20%,11617.59944
0.173166,0,4134,0,60000,0.0689,6,10-20%,715.8682439999999
0.173175,0,133622,0,130000,1.0279,6,10-20%,23139.989849999998
0.173206,0,28327,0,30000,0.9442,6,10-20%,4906.406362
0.173308,1,41200,0,130000,0.3169,6,10-20%,7140.289599999999
0.173334,1,2901,-2,150000,0.0193,6,10-20%,502.841934
0.173365,0,0,-2,400000,-0.0,6,10-20%,0.0
0.1734,0,222,-1,150000,0.0015,6,10-20%,38.4948
0.173431,0,2300,0,170000,0.0135,6,10-20%,398.8913
0.173474,1,139445,-1,140000,0.996,6,10-20%,24190.08193
0.173477,0,18293,0,50000,0.3659,6,10-20%,3173.414761
0.17366,0,49378,0,50000,0.9876,6,10-20%,8574.98348
0.173672,0,891,-1,250000,0.0036,6,10-20%,154.741752
0.173679,1,0,1,90000,0.0,6,10-20%,0.0
0.173712,0,111576,0,110000,1.0143,6,10-20%,19382.090112
0.173728,0,2216,-1,210000,0.0106,6,10-20%,384.981248
0.173836,0,0,1,240000,0.0,6,10-20%,0.0
0.173899,0,47654,0,50000,0.9531,6,10-20%,8286.982946
0.174055,0,49278,0,150000,0.3285,6,10-20%,8577.08229
0.174298,0,49744,0,50000,0.9949,6,10-20%,8670.279712
0.174338,0,131801,0,130000,1.0139,6,10-20%,22977.922737999997
0.174513,0,49330,0,50000,0.9866,6,10-20%,8608.72629
0.174541,0,85241,0,90000,0.9471,6,10-20%,14878.049381
0.174605,0,0,1,200000,0.0,6,10-20%,0.0
0.17467,0,0,1,160000,-0.0,6,10-20%,0.0
0.174673,0,389,-2,400000,0.001,6,10-20%,67.947797
0.174726,0,202064,0,210000,0.9622,6,10-20%,35305.834464
0.174874,1,2069,-1,180000,0.0115,6,10-20%,361.814306
0.174908,0,17697,0,20000,0.8848,6,10-20%,3095.346876
0.175002,1,27838,0,30000,0.9279,6,10-20%,4871.705676
0.175093,0,50444,0,50000,1.0089,6,10-20%,8832.391292
0.175181,1,12547,-1,20000,0.6274,6,10-20%,2197.996007
0.175251,0,0,-2,200000,0.0,6,10-20%,0.0
0.1753,0,239278,0,240000,0.997,6,10-20%,41945.4334
0.175323,1,49061,0,50000,0.9812,6,10-20%,8601.521703
0.175345,0,30258,0,30000,1.0086,6,10-20%,5305.58901
0.175508,0,52841,0,50000,1.0568,6,10-20%,9274.018227999999
0.17563,0,8289,0,360000,0.023,6,10-20%,1455.79707
0.175659,0,48474,0,50000,0.9695,6,10-20%,8514.894366
0.175805,0,0,-2,180000,0.0,6,10-20%,0.0
0.175921,0,420,-1,150000,0.0028,6,10-20%,73.88682
0.175928,0,45920,0,80000,0.574,6,10-20%,8078.61376
0.175983,0,3964,-1,130000,0.0305,6,10-20%,697.596612
0.176,0,17016,0,20000,0.8508,6,10-20%,2994.816
0.17602,0,1825,-2,140000,0.013,6,10-20%,321.23650000000004
0.176157,0,18965,-1,50000,0.3793,6,10-20%,3340.817505
0.176187,1,678,-1,10000,0.0678,6,10-20%,119.45478600000001
0.17627,0,0,1,270000,0.0,6,10-20%,0.0
0.176351,1,29480,0,30000,0.9827,6,10-20%,5198.82748
0.176405,0,44053,0,100000,0.4405,6,10-20%,7771.169465
0.176409,0,2568,0,50000,0.0514,6,10-20%,453.01831200000004
0.176531,0,16366,0,20000,0.8183,6,10-20%,2889.106346
0.176599,0,47034,0,50000,0.9407,6,10-20%,8306.157366
0.176882,0,628,-1,20000,0.0314,6,10-20%,111.081896
0.176901,0,7832,-1,240000,0.0326,6,10-20%,1385.488632
0.176978,0,42755,0,80000,0.5344,6,10-20%,7566.69439
0.177038,0,143118,0,140000,1.0223,6,10-20%,25337.324484
0.177093,0,50708,0,50000,1.0142,6,10-20%,8980.031844
0.177111,0,50471,0,50000,1.0094,6,10-20%,8938.969281
0.177114,0,1046,-1,100000,0.0105,6,10-20%,185.261244
0.177157,0,0,1,80000,0.0,6,10-20%,0.0
0.177174,0,48888,0,50000,0.9778,6,10-20%,8661.682512
0.177309,1,0,-2,200000,-0.0056,6,10-20%,0.0
0.177396,0,1540,0,150000,0.0103,6,10-20%,273.18984
0.177422,0,48355,0,50000,0.9671,6,10-20%,8579.24081
0.177471,1,0,-2,320000,-0.0,6,10-20%,0.0
0.177518,0,3580,0,20000,0.179,6,10-20%,635.51444
0.177598,0,590,-1,430000,0.0014,6,10-20%,104.78282
0.177663,0,38434,0,50000,0.7687,6,10-20%,6828.299741999999
0.177702,0,28674,0,20000,1.4337,6,10-20%,5095.427148
0.177737,0,19422,0,20000,0.9711,6,10-20%,3452.008014
0.177866,0,2087,0,50000,0.0417,6,10-20%,371.206342
0.17791,0,49644,0,50000,0.9929,6,10-20%,8832.164040000001
0.177973,1,47364,0,50000,0.9473,6,10-20%,8429.513171999999
0.177985,0,14451,0,30000,0.4817,6,10-20%,2572.061235
0.178039,1,286321,0,300000,0.9544,6,10-20%,50976.304519
0.17813,0,1002,0,200000,0.005,6,10-20%,178.48626000000002
0.178212,0,27527,0,60000,0.4588,6,10-20%,4905.641724
0.178374,0,75804,0,50000,1.5161,6,10-20%,13521.462696
0.178488,0,17027,0,20000,0.8514,6,10-20%,3039.1151760000002
0.178493,0,4035,-2,300000,0.0134,6,10-20%,720.2192550000001
0.178498,0,369398,0,310000,1.1916,6,10-20%,65936.804204
0.178538,0,6555,0,160000,0.041,6,10-20%,1170.31659
0.17867,1,0,-2,290000,0.0,6,10-20%,0.0
0.178695,0,62870,0,70000,0.8981,6,10-20%,11234.55465
0.178717,0,494356,0,500000,0.9887,6,10-20%,88349.821252
0.178765,0,179,-2,250000,0.0007,6,10-20%,31.998935000000003
0.178824,0,586,-1,220000,0.0027,6,10-20%,104.79086400000001
0.178886,0,0,-2,170000,-0.0012,6,10-20%,0.0
0.178916,0,18836,0,20000,0.9418,6,10-20%,3370.061776
0.179026,0,49699,0,50000,0.994,6,10-20%,8897.413174
0.179051,0,475,-1,360000,0.0013,6,10-20%,85.04922499999999
0.179068,1,48560,0,50000,0.9712,6,10-20%,8695.542080000001
0.179151,0,72763,0,140000,0.5197,6,10-20%,13035.564213
0.179393,0,121241,0,140000,0.866,6,10-20%,21749.786713
0.179606,1,4025,-1,350000,0.0115,6,10-20%,722.91415
0.179622,0,3291,-2,270000,0.0122,6,10-20%,591.136002
0.179789,1,75382,0,90000,0.8376,6,10-20%,13552.854398
0.179802,0,2774,-2,230000,0.0121,6,10-20%,498.77074799999997
0.179861,1,610723,0,450000,1.3572,6,10-20%,109845.249503
0.17991,0,149218,0,180000,0.829,6,10-20%,26845.81038
0.179924,0,309080,0,310000,0.997,6,10-20%,55610.90992
0.179987,0,48712,0,50000,0.9742,6,10-20%,8767.526744
0.180018,0,34704,0,100000,0.347,6,10-20%,6247.344672
0.18011,0,747,-2,500000,0.0015,6,10-20%,134.54217
0.180112,1,2806,-1,170000,0.0165,6,10-20%,505.394272
0.18012,0,488,-2,200000,0.0024,6,10-20%,87.89856
0.180122,0,0,1,240000,0.0,6,10-20%,0.0
0.180183,0,102648,0,190000,0.5403,6,10-20%,18495.424584
0.180215,0,39940,0,40000,0.9985,6,10-20%,7197.7871
0.180251,0,8460,0,120000,0.0705,6,10-20%,1524.92346
0.180441,0,236883,0,240000,0.987,6,10-20%,42743.405403
0.180493,0,10648,0,90000,0.1183,6,10-20%,1921.8894639999999
0.180501,0,29758,0,30000,0.9919,6,10-20%,5371.348758
0.180608,1,2459,-1,50000,0.0492,6,10-20%,444.115072
0.181007,0,1378,-1,200000,0.0069,6,10-20%,249.427646
0.181042,0,50140,0,50000,1.0028,6,10-20%,9077.445880000001
0.181127,0,1168,-1,210000,0.0056,6,10-20%,211.55633600000002
0.181243,0,2277,0,30000,0.0759,6,10-20%,412.69031099999995
0.181262,1,3571,-1,240000,0.0149,6,10-20%,647.286602
0.18128,1,296,-1,130000,0.0023,6,10-20%,53.658879999999996
0.181383,1,125022,0,120000,1.0418,6,10-20%,22676.865426
0.181407,0,4215,-1,240000,0.0176,7,10-20%,764.6305050000001
0.181461,1,90231,0,50000,1.8046,7,10-20%,16373.407491000002
0.181494,0,61708,0,80000,0.7714,7,10-20%,11199.631752
0.181567,0,0,1,210000,0.0,7,10-20%,0.0
0.181612,0,4370,-1,300000,0.0146,7,10-20%,793.64444
0.181752,0,34203,0,40000,0.8551,7,10-20%,6216.463656
0.181784,0,70206,0,90000,0.7801,7,10-20%,12762.327504
0.181784,1,338624,0,340000,0.996,7,10-20%,61556.425216
0.181924,0,17924,0,20000,0.8962,7,10-20%,3260.805776
0.181951,0,1570,-1,200000,0.0078,7,10-20%,285.66307
0.182004,0,316,-2,350000,0.0009,7,10-20%,57.513264
0.182035,0,4980,-1,160000,0.0311,7,10-20%,906.5343
0.182078,0,130558,0,130000,1.0043,7,10-20%,23771.739523999997
0.182107,0,50995,0,50000,1.0199,7,10-20%,9286.546465
0.182119,0,0,1,80000,-0.0,7,10-20%,0.0
0.182133,0,1015,-1,200000,0.0051,7,10-20%,184.864995
0.182212,0,329,-2,150000,0.0022,7,10-20%,59.947748000000004
0.182242,0,158326,0,170000,0.9313,7,10-20%,28853.646891999997
0.182274,0,2280,-1,130000,0.0175,7,10-20%,415.58472
0.182405,0,8078,-1,260000,0.0311,7,10-20%,1473.4675900000002
0.18245,0,9791,0,10000,0.9791,7,10-20%,1786.36795
0.182528,1,50419,0,50000,1.0084,7,10-20%,9202.879232
0.182542,1,177961,0,100000,1.7796,7,10-20%,32485.356862
0.182555,0,6546,-1,90000,0.0727,7,10-20%,1195.00503
0.182639,0,19435,0,20000,0.9718,7,10-20%,3549.588965
0.182669,0,19364,-1,20000,0.9682,7,10-20%,3537.202516
0.182852,0,21507,0,80000,0.2688,7,10-20%,3932.5979639999996
0.182874,0,50566,0,50000,1.0113,7,10-20%,9247.206684
0.182983,0,588,-2,50000,0.0118,7,10-20%,107.594004
0.183043,0,17584,0,20000,0.8792,7,10-20%,3218.6281120000003
0.183047,0,17593,0,20000,0.8796,7,10-20%,3220.345871
0.183288,0,508,-1,120000,0.0042,7,10-20%,93.110304
0.183407,0,0,1,360000,-0.0011,7,10-20%,0.0
0.183416,0,1678,-1,50000,0.0336,7,10-20%,307.772048
0.183461,0,14353,0,20000,0.7176,7,10-20%,2633.215733
0.183469,0,205150,0,200000,1.0258,7,10-20%,37638.665349999996
0.183593,0,1902,-1,50000,0.038,7,10-20%,349.193886
0.183677,0,418,-1,30000,0.0139,7,10-20%,76.77698600000001
0.183778,0,776,-1,140000,0.0055,7,10-20%,142.611728
0.18386,0,0,-2,200000,-0.001,7,10-20%,0.0
0.183866,0,149678,0,250000,0.5987,7,10-20%,27520.695148
0.183892,0,227,-1,20000,0.0114,7,10-20%,41.743484
0.184023,0,929,-2,150000,0.0062,7,10-20%,170.957367
0.184162,1,72892,0,40000,1.8223,7,10-20%,13423.936504
0.184186,1,359491,0,360000,0.9986,7,10-20%,66213.209326
0.184219,0,30587,0,30000,1.0196,7,10-20%,5634.706553
0.184265,0,107224,0,100000,1.0722,7,10-20%,19757.630360000003
0.184286,0,82567,0,80000,1.0321,7,10-20%,15215.942162000001
0.184329,0,0,1,30000,0.0,7,10-20%,0.0
0.184361,1,470,-1,260000,0.0018,7,10-20%,86.64967
0.184432,1,6673,0,50000,0.1335,7,10-20%,1230.7147360000001
0.184439,0,198724,-2,210000,0.9463,7,10-20%,36652.455836
0.184489,1,165578,0,80000,2.0697,7,10-20%,30547.319642
0.184549,1,2509,-1,110000,0.0228,7,10-20%,463.033441
0.184655,0,12197,0,20000,0.6098,7,10-20%,2252.237035
0.184715,0,4270,-1,100000,0.0427,7,10-20%,788.7330499999999
0.185002,0,1068,-1,300000,0.0036,7,10-20%,197.582136
0.185114,0,3000,-1,90000,0.0333,7,10-20%,555.342
0.185142,0,48019,0,50000,0.9604,7,10-20%,8890.333698
0.185246,0,8177,0,10000,0.8177,7,10-20%,1514.7565419999999
0.185267,1,28718,0,50000,0.5744,7,10-20%,5320.497705999999
0.185304,0,390,-1,180000,0.0022,7,10-20%,72.26856
0.185309,0,700,-2,230000,0.003,7,10-20%,129.7163
0.185326,0,470579,0,490000,0.9604,7,10-20%,87210.523754
0.185361,0,5580,0,90000,0.062,7,10-20%,1034.31438
0.185422,0,148352,0,150000,0.989,7,10-20%,27507.724544
0.185467,0,58216,0,60000,0.9703,7,10-20%,10797.146872
0.185525,0,2435,-1,170000,0.0143,7,10-20%,451.753375
0.185547,1,0,1,300000,0.0,7,10-20%,0.0
0.185571,0,0,-2,180000,0.0,7,10-20%,0.0
0.185665,0,17976,0,50000,0.3595,7,10-20%,3337.51404
0.185753,0,0,1,200000,0.0,7,10-20%,0.0
0.185797,0,0,1,200000,0.0,7,10-20%,0.0
0.186134,0,0,1,170000,-0.0016,7,10-20%,0.0
0.186265,0,549,-1,160000,0.0034,7,10-20%,102.259485
0.186452,0,260,0,260000,0.001,7,10-20%,48.47752
0.186498,0,0,-2,140000,0.0,7,10-20%,0.0
0.186501,0,188,-2,300000,0.0006,7,10-20%,35.062188
0.186555,0,1000,-1,180000,0.0056,7,10-20%,186.555
0.186583,0,277815,0,280000,0.9922,7,10-20%,51835.556145
0.186618,0,111776,0,190000,0.5883,7,10-20%,20859.413568
0.186894,0,288015,0,200000,1.4401,7,10-20%,53828.27541
0.186898,0,0,-2,350000,0.0,7,10-20%,0.0
0.186915,0,120633,0,120000,1.0053,7,10-20%,22548.117195
0.186949,0,27381,0,30000,0.9127,7,10-20%,5118.850569
0.187054,0,19930,0,50000,0.3986,7,10-20%,3727.98622
0.18706,0,7427,0,10000,0.7427,7,10-20%,1389.2946200000001
0.187075,0,125719,0,110000,1.1429,7,10-20%,23518.881924999998
0.187162,0,125722,0,200000,0.6286,7,10-20%,23530.380964
0.187198,0,396,-1,180000,0.0022,7,10-20%,74.130408
0.187309,1,7170,0,10000,0.717,7,10-20%,1343.0055300000001
0.18737,1,0,-1,300000,-0.0016,7,10-20%,0.0
0.187414,0,87151,0,120000,0.7263,7,10-20%,16333.317514
0.187421,0,360,-1,310000,0.0012,7,10-20%,67.47156
0.187494,1,107148,0,240000,0.4464,7,10-20%,20089.607111999998
0.187559,0,2219,0,70000,0.0317,7,10-20%,416.193421
0.187572,0,141223,0,250000,0.5649,7,10-20%,26489.480556
0.18785,0,215090,0,200000,1.0754,7,10-20%,40404.6565
0.187881,0,22358,0,50000,0.4472,7,10-20%,4200.643398
0.187978,0,1257,0,300000,0.0042,7,10-20%,236.28834600000002
0.188033,1,93757,0,90000,1.0417,7,10-20%,17629.409981
0.18807,0,1854,0,240000,0.0077,7,10-20%,348.68178
0.188086,0,90833,-2,130000,0.6987,7,10-20%,17084.415638
0.188134,0,177956,0,170000,1.0468,7,10-20%,33479.574104
0.188206,0,4498,-1,180000,0.025,7,10-20%,846.5505880000001
0.188284,0,9598,-1,80000,0.12,7,10-20%,1807.149832
0.188284,0,10128,0,10000,1.0128,7,10-20%,1906.940352
0.188355,0,182,-1,230000,0.0008,7,10-20%,34.280609999999996
0.188386,0,47612,-1,50000,0.9522,7,10-20%,8969.434232
0.188462,1,313956,0,310000,1.0128,7,10-20%,59168.775671999996
0.188601,0,195126,0,250000,0.7805,7,10-20%,36800.958726
0.188701,0,856,-1,120000,0.0071,7,10-20%,161.528056
0.188711,1,1261,-1,70000,0.018,7,10-20%,237.96457099999998
0.188839,0,48784,0,50000,0.9757,7,10-20%,9212.321776
0.1889,1,31404,0,30000,1.0468,7,10-20%,5932.2156
0.18897,0,20001,0,20000,1.0001,7,10-20%,3779.58897
0.189092,0,1760,-1,200000,0.0088,7,10-20%,332.80192
0.189106,0,2000,-2,140000,0.0143,7,10-20%,378.212
0.189212,0,16740,0,20000,0.837,7,10-20%,3167.40888
0.189356,0,17807,0,20000,0.8904,7,10-20%,3371.862292
0.189375,0,6156,-1,150000,0.041,7,10-20%,1165.7925
0.18945,0,17977,0,20000,0.8988,7,10-20%,3405.74265
0.189476,0,3056,-1,50000,0.0611,7,10-20%,579.0386560000001
0.18951,0,50669,0,50000,1.0134,7,10-20%,9602.28219
0.189546,0,293498,0,300000,0.9783,7,10-20%,55631.371908
0.189577,0,26300,0,30000,0.8767,7,10-20%,4985.8751
0.189607,0,96644,0,100000,0.9664,7,10-20%,18324.378908
0.189865,0,50375,0,50000,1.0075,7,10-20%,9564.449375
0.189891,0,324452,0,390000,0.8319,7,10-20%,61610.514732
0.189919,1,162105,0,220000,0.7368,7,10-20%,30786.819495
0.190071,0,0,1,360000,-0.0,7,10-20%,0.0
0.19019,0,13386,0,30000,0.4462,7,10-20%,2545.88334
0.19022,0,0,-2,500000,0.0,7,10-20%,0.0
0.190272,1,0,1,450000,-0.0,7,10-20%,0.0
0.190484,0,1261,-1,50000,0.0252,7,10-20%,240.200324
0.190597,0,2457,-1,140000,0.0176,7,10-20%,468.29682899999995
0.190597,0,10768,0,20000,0.5384,7,10-20%,2052.348496
0.190619,0,431557,0,440000,0.9808,7,10-20%,82262.963783
0.190707,0,47478,0,50000,0.9496,7,10-20%,9054.386945999999
0.190772,0,0,1,150000,-0.0,7,10-20%,0.0
0.190776,0,30631,0,50000,0.6126,7,10-20%,5843.659656
0.190808,0,29478,0,180000,0.1638,7,10-20%,5624.638224
0.190971,0,860,-1,250000,0.0034,7,10-20%,164.23506
0.190982,0,0,-2,160000,0.0,7,10-20%,0.0
0.19099,0,1438,-1,20000,0.0719,7,10-20%,274.64362
0.19099,0,57595,0,50000,1.1519,7,10-20%,11000.06905
0.191101,0,266762,0,260000,1.026,7,10-20%,50978.484961999995
0.191134,0,141057,0,140000,1.0076,7,10-20%,26960.788637999998
0.191194,0,324160,0,320000,1.013,7,10-20%,61977.44704
0.191262,1,4812,-1,10000,0.4812,7,10-20%,920.3527439999999
0.191271,0,6811,-2,250000,0.0272,7,10-20%,1302.746781
0.191315,0,1450,-1,120000,0.0121,7,10-20%,277.40675000000005
0.191411,0,0,1,170000,0.0,7,10-20%,0.0
0.191529,1,109292,0,130000,0.8407,7,10-20%,20932.587468
0.191729,0,1672,0,40000,0.0418,7,10-20%,320.570888
0.191769,0,1476,-1,140000,0.0105,7,10-20%,283.051044
0.19179,1,2077,-1,240000,0.0087,7,10-20%,398.34783
0.192063,0,498,-1,160000,0.0031,7,10-20%,95.647374
0.192162,0,1582,0,50000,0.0316,7,10-20%,304.000284
0.192189,0,264,-2,230000,0.0011,7,10-20%,50.737896
0.192218,0,16078,0,130000,0.1237,7,10-20%,3090.481004
0.192499,0,9893,0,10000,0.9893,7,10-20%,1904.392607
0.1925,1,50465,0,50000,1.0093,7,10-20%,9714.5125
0.192527,0,754,-1,230000,0.0033,7,10-20%,145.165358
0.192581,1,4314,0,20000,0.2157,7,10-20%,830.794434
0.19268,1,836,-1,60000,0.0139,7,10-20%,161.08048
0.192699,1,7780,-1,270000,0.0288,7,10-20%,1499.19822
0.192712,0,0,-2,20000,-0.0004,7,10-20%,0.0
0.192782,0,17503,0,90000,0.1945,7,10-20%,3374.263346
0.192899,0,9168,0,50000,0.1834,7,10-20%,1768.498032
0.193033,0,3594,-1,130000,0.0276,7,10-20%,693.7606020000001
0.193044,0,19185,0,20000,0.9592,7,10-20%,3703.54914
0.193198,0,3046,-1,60000,0.0508,7,10-20%,588.4811080000001
0.193226,0,18553,0,20000,0.9276,7,10-20%,3584.9219780000003
0.193226,1,333,-1,360000,0.0009,7,10-20%,64.344258
0.193232,0,132571,0,130000,1.0198,7,10-20%,25616.959472
0.193239,0,46631,0,50000,0.9326,7,10-20%,9010.927808999999
0.193309,0,0,1,100000,-0.0035,7,10-20%,0.0
0.193361,1,10456,-1,180000,0.0581,7,10-20%,2021.782616
0.193392,0,3526,-1,80000,0.0441,7,10-20%,681.9001920000001
0.193404,0,5600,-2,330000,0.017,7,10-20%,1083.0624
0.193434,0,272,-1,170000,0.0016,7,10-20%,52.614048
0.193694,0,3843,0,20000,0.1921,7,10-20%,744.366042
0.193742,0,4270,-1,50000,0.0854,7,10-20%,827.27834
0.193744,0,15498,0,20000,0.7749,7,10-20%,3002.644512
0.193761,0,20009,0,20000,1.0004,7,10-20%,3876.9638489999998
0.193767,1,80449,0,80000,1.0056,7,10-20%,15588.361383
0.193807,0,47053,0,50000,0.9411,7,10-20%,9119.200771
0.194088,0,84027,0,100000,0.8403,7,10-20%,16308.632376000001
0.194201,0,546,-1,190000,0.0029,7,10-20%,106.03374600000001
0.194306,0,227634,0,150000,1.5176,7,10-20%,44230.652004
0.194317,0,0,1,360000,-0.0014,7,10-20%,0.0
0.194344,0,13867,0,20000,0.6934,7,10-20%,2694.9682479999997
0.194395,0,184602,0,200000,0.923,7,10-20%,35885.70579
0.194425,0,655,-2,200000,0.0033,7,10-20%,127.34837499999999
0.194522,0,0,1,160000,0.0,7,10-20%,0.0
0.194584,0,14554,0,20000,0.7277,7,10-20%,2831.975536
0.194723,1,1050,-1,360000,0.0029,7,10-20%,204.45915
0.19493,0,129329,0,130000,0.9948,7,10-20%,25210.10197
0.194966,0,4473,-1,160000,0.028,7,10-20%,872.082918
0.195001,0,0,1,50000,0.0,7,10-20%,0.0
0.195004,0,1962,-1,250000,0.0078,7,10-20%,382.597848
0.195029,0,6349,-1,300000,0.0212,7,10-20%,1238.239121
0.195231,0,0,1,80000,-0.02,7,10-20%,0.0
0.195314,0,48659,0,50000,0.9732,7,10-20%,9503.783926
0.195329,0,0,-2,250000,0.0,7,10-20%,0.0
0.195528,0,19248,0,20000,0.9624,7,10-20%,3763.5229440000003
0.195564,0,10103,0,20000,0.5052,7,10-20%,1975.783092
0.195756,1,73302,0,50000,1.466,7,10-20%,14349.306312
0.195825,0,17973,0,20000,0.8986,7,10-20%,3519.562725
0.19591,0,0,1,330000,-0.0002,7,10-20%,0.0
0.195991,0,1520,1,180000,0.0084,7,10-20%,297.90632
0.196182,1,9473,0,10000,0.9473,7,10-20%,1858.432086
0.19631,0,90562,0,80000,1.132,7,10-20%,17778.22622
0.196336,0,3135,-1,200000,0.0157,7,10-20%,615.51336
0.196344,0,253795,0,260000,0.9761,7,10-20%,49831.125479999995
0.196369,0,7797,0,10000,0.7797,7,10-20%,1531.0890929999998
0.196441,0,106339,0,90000,1.1815,7,10-20%,20889.339499
0.196591,0,111863,0,110000,1.0169,7,10-20%,21991.259033
0.196611,0,991,-1,190000,0.0052,7,10-20%,194.841501
0.196632,0,48890,0,50000,0.9778,7,10-20%,9613.33848
0.19665,1,50717,0,50000,1.0143,7,10-20%,9973.49805
0.19674,0,0,-2,160000,0.0,7,10-20%,0.0
0.196783,0,47410,0,50000,0.9482,7,10-20%,9329.482030000001
0.196801,0,0,1,340000,0.0,7,10-20%,0.0
0.196823,0,27889,0,30000,0.9296,7,10-20%,5489.196647
0.19696,1,16336,0,20000,0.8168,7,10-20%,3217.53856
0.197069,0,37643,0,50000,0.7529,7,10-20%,7418.268367
0.197117,0,67,-2,120000,0.0006,7,10-20%,13.206838999999999
0.197368,0,32938,0,70000,0.4705,7,10-20%,6500.907184
0.197421,0,67671,0,80000,0.8459,7,10-20%,13359.676491
0.197451,0,440,-1,100000,0.0044,7,10-20%,86.87844
0.197481,0,0,-2,290000,0.0,7,10-20%,0.0
0.197621,0,0,-2,500000,0.0,7,10-20%,0.0
0.197637,0,6872,-1,20000,0.3436,7,10-20%,1358.161464
0.197687,0,5819,0,50000,0.1164,7,10-20%,1150.340653
0.197908,0,23422,0,30000,0.7807,7,10-20%,4635.401176
0.197977,0,3000,-1,70000,0.0429,7,10-20%,593.9309999999999
0.197992,0,447057,0,470000,0.9512,7,10-20%,88513.709544
0.198193,0,90825,0,100000,0.9082,7,10-20%,18000.879225
0.198435,1,21431,0,20000,1.0716,7,10-20%,4252.660485
0.19845,0,19082,0,20000,0.9541,7,10-20%,3786.8228999999997
0.198648,0,567,-1,100000,0.0057,7,10-20%,112.633416
0.198657,0,0,1,90000,0.0,7,10-20%,0.0
0.198674,0,0,-2,250000,0.0,7,10-20%,0.0
0.198744,0,107,-2,230000,0.0005,7,10-20%,21.265608
0.198775,1,100908,0,110000,0.9173,7,10-20%,20057.9877
0.198815,0,0,1,170000,0.0,7,10-20%,0.0
0.198836,0,4647,0,20000,0.2324,7,10-20%,923.990892
0.198948,0,5931,1,180000,0.033,7,10-20%,1179.9605880000001
0.1991,0,5219,0,50000,0.1044,7,10-20%,1039.1029
0.199176,0,666,-1,180000,0.0037,7,10-20%,132.651216
0.199179,0,993,-1,80000,0.0124,7,10-20%,197.78474699999998
0.199228,0,0,-2,120000,0.0,7,10-20%,0.0
0.199291,1,420115,1,580000,0.7243,7,10-20%,83725.138465
0.199294,1,0,1,80000,0.0,7,10-20%,0.0
0.199481,0,816,-1,180000,0.0045,7,10-20%,162.77649599999998
0.199482,0,7140,1,10000,0.714,7,10-20%,1424.3014799999999
0.199566,0,483184,0,320000,1.5099,7,10-20%,96427.098144
0.199613,0,51129,0,50000,1.0226,7,10-20%,10206.013077000001
0.199676,0,34084,0,30000,1.1361,7,10-20%,6805.756784
0.199698,0,1413,-1,50000,0.0283,7,10-20%,282.173274
0.199749,0,11572,0,20000,0.5786,7,10-20%,2311.495428
0.199777,0,8813,0,10000,0.8813,7,10-20%,1760.6347010000002
0.199779,0,345408,0,320000,1.0794,7,10-20%,69005.264832
0.199873,0,0,1,180000,0.0,7,10-20%,0.0
0.199912,1,0,1,450000,-0.0004,7,10-20%,0.0
0.19999,0,1247,-1,140000,0.0089,7,10-20%,249.38753
0.200003,0,1672,-1,80000,0.0209,7,20-30%,334.405016
0.20026,0,325,-2,430000,0.0008,7,20-30%,65.08449999999999
0.200339,0,0,1,200000,0.0,7,20-30%,0.0
0.200354,0,0,-2,170000,0.0,7,20-30%,0.0
0.200364,0,1242,-2,180000,0.0069,7,20-30%,248.85208799999998
0.200529,0,29757,0,30000,0.9919,7,20-30%,5967.141453
0.200543,1,4834,0,10000,0.4834,7,20-30%,969.424862
0.200594,0,0,1,150000,0.0,7,20-30%,0.0
0.200795,1,14476,0,30000,0.4825,7,20-30%,2906.70842
0.200852,0,416,-1,100000,0.0042,7,20-30%,83.554432
0.200962,0,18354,1,200000,0.0918,7,20-30%,3688.456548
0.200986,0,0,-2,200000,-0.0002,7,20-30%,0.0
0.20099,1,47800,0,50000,0.956,7,20-30%,9607.322
0.201046,0,9659,0,50000,0.1932,7,20-30%,1941.9033140000001
0.201059,0,45373,0,60000,0.7562,7,20-30%,9122.650007
0.201203,1,0,1,340000,-0.0,7,20-30%,0.0
0.201298,0,0,1,230000,-0.0,7,20-30%,0.0
0.201526,1,0,-2,360000,-0.0,7,20-30%,0.0
0.201597,0,59423,0,60000,0.9904,7,20-30%,11979.498531
0.201613,1,326,-1,180000,0.0018,7,20-30%,65.725838
0.201619,0,0,1,160000,-0.0,7,20-30%,0.0
0.201749,0,0,1,140000,0.0,7,20-30%,0.0
0.201798,0,18126,0,20000,0.9063,7,20-30%,3657.790548
0.201806,0,23176,0,30000,0.7725,7,20-30%,4677.055856
0.20193,0,0,-2,210000,0.0,7,20-30%,0.0
0.202116,0,311013,0,350000,0.8886,7,20-30%,62860.703508
0.202122,1,19231,0,20000,0.9616,7,20-30%,3887.008182
0.202152,0,5481,0,70000,0.0783,7,20-30%,1107.995112
0.202179,0,17358,0,30000,0.5786,7,20-30%,3509.423082
0.202202,0,0,-2,160000,-0.0032,7,20-30%,0.0
0.202358,0,16350,0,20000,0.8175,7,20-30%,3308.5533
0.202756,0,0,1,280000,-0.0077,7,20-30%,0.0
0.202873,0,28986,0,70000,0.4141,7,20-30%,5880.476778
0.202882,0,77245,0,250000,0.309,7,20-30%,15671.62009
0.202954,0,10587,0,50000,0.2117,7,20-30%,2148.6739979999998
0.203039,0,3671,-1,10000,0.3671,7,20-30%,745.356169
0.203062,0,396,-1,210000,0.0019,7,20-30%,80.41255199999999
0.203138,0,39056,0,100000,0.3906,7,20-30%,7933.7577280000005
0.20322,0,50680,-2,50000,1.0136,7,20-30%,10299.1896
0.203273,0,836,-1,130000,0.0064,7,20-30%,169.936228
0.203432,0,169625,0,170000,0.9978,7,20-30%,34507.153
0.203526,0,19849,0,20000,0.9924,7,20-30%,4039.7875740000004
0.203531,0,138657,0,220000,0.6303,7,20-30%,28220.997867
0.203581,0,325839,0,360000,0.9051,7,20-30%,66334.629459
0.203612,0,256,-2,260000,0.001,7,20-30%,52.124672
0.203621,0,4561,0,20000,0.228,7,20-30%,928.715381
0.203732,0,19667,0,20000,0.9834,7,20-30%,4006.797244
0.203925,0,20340,0,30000,0.678,7,20-30%,4147.8345
0.203967,0,0,1,280000,0.0,7,20-30%,0.0
0.204111,0,169225,0,180000,0.9401,7,20-30%,34540.683975
0.204131,0,0,1,60000,0.0,7,20-30%,0.0
0.204256,0,0,1,120000,0.0,7,20-30%,0.0
0.204267,1,9592,0,10000,0.9592,7,20-30%,1959.329064
0.204293,0,1396,-1,60000,0.0233,7,20-30%,285.193028
0.204347,0,0,1,500000,0.0,7,20-30%,0.0
0.204446,1,15972,0,20000,0.7986,7,20-30%,3265.4115119999997
0.204449,0,2285,-1,300000,0.0076,7,20-30%,467.16596499999997
0.204547,0,17191,0,20000,0.8596,7,20-30%,3516.3674770000002
0.204548,1,308105,0,310000,0.9939,7,20-30%,63022.26154
0.204729,0,263,-1,170000,0.0015,7,20-30%,53.843727
0.204759,0,784,-1,30000,0.0261,7,20-30%,160.531056
0.204806,0,18649,0,20000,0.9324,7,20-30%,3819.4270939999997
0.20488,0,8003,0,50000,0.1601,7,20-30%,1639.65464
0.204941,1,442291,0,460000,0.9615,7,20-30%,90643.559831
0.205465,0,813,-1,160000,0.0051,7,20-30%,167.043045
0.205483,0,19594,0,30000,0.6531,7,20-30%,4026.233902
0.205501,0,1443,-1,210000,0.0069,7,20-30%,296.537943
0.205656,0,0,1,100000,0.0,7,20-30%,0.0
0.205849,0,958,-1,20000,0.0479,7,20-30%,197.203342
0.205985,0,7434,0,20000,0.3717,7,20-30%,1531.29249
0.206048,0,29336,0,50000,0.5867,7,20-30%,6044.624128
0.206555,0,1572,-1,20000,0.0786,7,20-30%,324.70446
0.206646,0,50784,0,50000,1.0157,7,20-30%,10494.310464
0.206764,0,15036,0,20000,0.7518,7,20-30%,3108.903504
0.20681,0,0,-2,130000,0.0,7,20-30%,0.0
0.206827,0,76,-1,260000,0.0003,7,20-30%,15.718852
0.206933,0,114797,0,150000,0.7653,7,20-30%,23755.287601
0.206961,0,236767,0,240000,0.9865,7,20-30%,49001.535087000004
0.207076,1,49401,0,50000,0.988,7,20-30%,10229.761476
0.207102,1,4138,-1,200000,0.0207,7,20-30%,856.988076
0.207227,0,6146,-1,150000,0.041,7,20-30%,1273.617142
0.207258,1,0,1,60000,-0.0018,7,20-30%,0.0
0.20741,1,3454,-1,230000,0.015,7,20-30%,716.39414
0.207417,0,75451,0,90000,0.8383,7,20-30%,15649.820066999999
0.207516,1,0,1,250000,0.0,7,20-30%,0.0
0.207601,0,0,1,260000,0.0,7,20-30%,0.0
0.207604,1,19624,0,20000,0.9812,7,20-30%,4074.020896
0.207625,0,1326,-1,300000,0.0044,7,20-30%,275.31075
0.207632,0,25451,0,20000,1.2726,7,20-30%,5284.442032
0.208172,0,0,1,230000,0.0,7,20-30%,0.0
0.208184,0,19111,0,20000,0.9556,7,20-30%,3978.604424
0.208259,1,17441,0,20000,0.872,7,20-30%,3632.245219
0.208325,0,0,1,440000,0.0,7,20-30%,0.0
0.208436,0,290,-1,30000,0.0097,7,20-30%,60.44644
0.208657,0,56045,0,60000,0.9341,7,20-30%,11694.181565
0.20869,0,0,1,150000,-0.0013,7,20-30%,0.0
0.208759,0,15193,0,350000,0.0434,7,20-30%,3171.675487
0.208788,0,15760,0,20000,0.788,7,20-30%,3290.49888
0.208824,1,1198,-1,80000,0.015,7,20-30%,250.171152
0.208935,0,1895,-1,500000,0.0038,7,20-30%,395.931825
0.209004,0,1853,-1,50000,0.0371,7,20-30%,387.284412
0.209011,1,118131,0,120000,0.9844,7,20-30%,24690.678441
0.209076,0,733,-1,210000,0.0035,7,20-30%,153.252708
0.20944,0,289463,0,150000,1.9298,7,20-30%,60625.130719999994
0.209486,0,2419,0,100000,0.0242,7,20-30%,506.74663400000003
0.209519,0,78032,0,80000,0.9754,7,20-30%,16349.186608
0.209648,0,666,-1,180000,0.0037,7,20-30%,139.625568
0.209682,0,9172,0,50000,0.1834,7,20-30%,1923.2033040000001
0.210065,0,390,-2,140000,0.0028,7,20-30%,81.92535
0.21008,0,0,1,80000,0.0,7,20-30%,0.0
0.210432,0,1246,-1,300000,0.0042,7,20-30%,262.19827200000003
0.210438,0,1983,-1,20000,0.0992,7,20-30%,417.29855399999997
0.21065,0,326,-1,120000,0.0027,7,20-30%,68.67190000000001
0.210693,0,20710,0,20000,1.0355,7,20-30%,4363.4520299999995
0.210865,0,0,-2,30000,0.0,7,20-30%,0.0
0.21088,0,1383,-1,50000,0.0277,7,20-30%,291.64704
0.211016,0,0,1,290000,0.0,7,20-30%,0.0
0.211094,0,0,-1,30000,-0.0285,7,20-30%,0.0
0.211134,0,82238,0,100000,0.8224,7,20-30%,17363.237891999997
0.211395,0,0,1,100000,0.0,7,20-30%,0.0
0.212013,0,17676,0,20000,0.8838,7,20-30%,3747.541788
0.212103,0,1473,0,100000,0.0147,7,20-30%,312.427719
0.212118,0,19157,0,20000,0.9578,7,20-30%,4063.544526
0.212172,0,278,-2,250000,0.0011,7,20-30%,58.983816
0.212183,0,200,-1,200000,0.001,7,20-30%,42.4366
0.212197,0,0,-2,130000,0.0,7,20-30%,0.0
0.212213,0,19030,0,20000,0.9515,7,20-30%,4038.41339
0.212371,1,776,-1,120000,0.0065,7,20-30%,164.799896
0.212645,0,3995,-1,80000,0.0499,7,20-30%,849.516775
0.213005,1,6350,0,50000,0.127,7,20-30%,1352.58175
0.213036,0,396,-2,180000,0.0022,7,20-30%,84.362256
0.213121,0,0,-2,50000,0.0,7,20-30%,0.0
0.213235,0,41073,1,90000,0.4564,7,20-30%,8758.201155
0.213257,0,0,1,250000,-0.0001,7,20-30%,0.0
0.213279,0,396,-1,250000,0.0016,7,20-30%,84.458484
0.213286,1,2030,0,400000,0.0051,7,20-30%,432.97058
0.213294,0,1672,-1,160000,0.0104,7,20-30%,356.627568
0.213314,0,136518,0,150000,0.9101,7,20-30%,29121.200652
0.213342,0,66203,0,80000,0.8275,7,20-30%,14123.880426
0.213531,0,0,1,390000,0.0,7,20-30%,0.0
0.213545,0,0,-2,200000,0.0,7,20-30%,0.0
0.213555,0,220,-1,40000,0.0055,7,20-30%,46.982099999999996
0.213619,0,1110,-1,180000,0.0062,7,20-30%,237.11709
0.213661,1,65349,0,60000,1.0892,7,20-30%,13962.532689
0.213667,0,20604,0,150000,0.1374,7,20-30%,4402.394868
0.213695,0,8858,0,10000,0.8858,7,20-30%,1892.91031
0.21378,0,56672,0,50000,1.1334,7,20-30%,12115.34016
0.213788,0,1305,-1,80000,0.0163,7,20-30%,278.99334
0.213926,0,0,1,70000,-0.0004,7,20-30%,0.0
0.214132,0,1350,-1,260000,0.0052,7,20-30%,289.0782
0.214187,1,16370,0,50000,0.3274,7,20-30%,3506.2411899999997
0.214216,0,15415,0,20000,0.7708,7,20-30%,3302.13964
0.214227,0,390,-2,160000,0.0024,7,20-30%,83.54853
0.214235,0,50425,0,50000,1.0085,7,20-30%,10802.799875
0.214252,0,13201,0,100000,0.132,7,20-30%,2828.340652
0.214282,0,3963,-1,30000,0.1321,7,20-30%,849.199566
0.214461,1,20831,0,50000,0.4166,7,20-30%,4467.437091000001
0.214473,0,0,-2,200000,0.0,7,20-30%,0.0
0.214598,0,13936,-1,180000,0.0774,7,20-30%,2990.637728
0.214615,0,132105,0,130000,1.0162,7,20-30%,28351.714575
0.214841,0,8847,0,20000,0.4424,7,20-30%,1900.698327
0.214937,0,390,-1,210000,0.0019,7,20-30%,83.82543
0.21502,1,0,-2,340000,0.0,7,20-30%,0.0
0.21518,0,0,-2,30000,-0.0067,7,20-30%,0.0
0.215186,0,296349,0,260000,1.1398,7,20-30%,63770.155913999995
0.215446,0,25801,-1,50000,0.516,7,20-30%,5558.722246
0.215521,0,0,1,180000,0.0,7,20-30%,0.0
0.215588,0,51897,0,70000,0.7414,7,20-30%,11188.370436
0.215593,0,0,1,200000,0.0,7,20-30%,0.0
0.216007,1,48481,0,50000,0.9696,7,20-30%,10472.235367
0.216108,0,20821,0,50000,0.4164,7,20-30%,4499.5846679999995
0.216119,1,78415,0,80000,0.9802,7,20-30%,16946.971385
0.216134,0,32526,0,100000,0.3253,7,20-30%,7029.974483999999
0.216139,1,27764,0,90000,0.3085,7,20-30%,6000.883196
0.216199,1,50679,0,50000,1.0136,7,20-30%,10956.749121
0.216289,0,65932,0,110000,0.5994,7,20-30%,14260.366348000001
0.216361,1,94228,0,50000,1.8846,7,20-30%,20387.264307999998
0.216617,0,360546,0,370000,0.9744,7,20-30%,78100.392882
0.216759,0,11449,0,20000,0.5724,7,20-30%,2481.673791
0.216901,0,34422,0,50000,0.6884,7,20-30%,7466.166222000001
0.216936,0,110757,0,210000,0.5274,7,20-30%,24027.180551999998
0.216944,0,1330,-1,80000,0.0166,7,20-30%,288.53552
0.216985,0,59959,0,60000,0.9993,7,20-30%,13010.203615
0.217134,0,0,1,400000,0.0,7,20-30%,0.0
0.21718,0,0,1,210000,0.0,7,20-30%,0.0
0.217226,0,63368,0,80000,0.7921,7,20-30%,13765.177168
0.217309,0,65542,1,150000,0.4369,7,20-30%,14242.866478
0.21748,0,48726,0,50000,0.9745,7,20-30%,10596.93048
0.217655,1,308361,0,210000,1.4684,7,20-30%,67116.313455
0.21776,0,1051,-1,240000,0.0044,7,20-30%,228.86576000000002
0.217776,0,277884,0,320000,0.8684,7,20-30%,60516.465984
0.217796,0,430,-1,210000,0.002,7,20-30%,93.65227999999999
0.217809,0,0,-2,180000,0.0,7,20-30%,0.0
0.217832,0,0,-2,180000,0.0,7,20-30%,0.0
0.218158,0,9112,-1,270000,0.0337,7,20-30%,1987.8556959999999
0.218458,0,270248,0,360000,0.7507,7,20-30%,59037.837584
0.218487,0,0,1,50000,0.0,7,20-30%,0.0
0.218492,0,13778,0,50000,0.2756,7,20-30%,3010.382776
0.2185,0,18435,1,180000,0.1024,7,20-30%,4028.0475
0.218568,0,28138,0,30000,0.9379,7,20-30%,6150.066384000001
0.218719,0,429169,0,360000,1.1921,7,20-30%,93867.414511
0.21875,0,35232,0,90000,0.3915,7,20-30%,7707.0
0.218883,0,396,-1,290000,0.0014,7,20-30%,86.677668
0.218926,0,295,-1,20000,0.0148,7,20-30%,64.58317000000001
0.218979,0,2946,0,20000,0.1473,7,20-30%,645.112134
0.219138,0,32206,0,50000,0.6441,7,20-30%,7057.558428
0.219453,0,35738,0,80000,0.4467,7,20-30%,7842.8113140000005
0.219537,1,47405,0,50000,0.9481,7,20-30%,10407.151485
0.219665,0,84171,0,120000,0.7014,7,20-30%,18489.422715
0.219685,0,0,1,260000,-0.0042,7,20-30%,0.0
0.21969,0,112336,0,120000,0.9361,7,20-30%,24679.095839999998
0.21976,0,49078,0,50000,0.9816,7,20-30%,10785.381280000001
0.219941,0,64525,0,70000,0.9218,7,20-30%,14191.693025
0.220186,0,574,-1,50000,0.0115,7,20-30%,126.386764
0.220368,0,60987,0,60000,1.0164,7,20-30%,13439.583216
0.220535,1,14658,0,160000,0.0916,7,20-30%,3232.60203
0.220625,0,769,-1,220000,0.0035,7,20-30%,169.66062499999998
0.220806,1,711,-1,120000,0.0059,7,20-30%,156.993066
0.220876,0,858,-1,200000,0.0043,7,20-30%,189.511608
0.220943,0,390,-2,80000,0.0049,7,20-30%,86.16777
0.221031,0,15982,0,30000,0.5327,7,20-30%,3532.5174420000003
0.221358,0,8866,0,10000,0.8866,7,20-30%,1962.560028
0.221362,0,416,-1,170000,0.0024,7,20-30%,92.086592
0.221484,1,2480,-1,20000,0.124,7,20-30%,549.28032
0.221581,0,0,-2,230000,0.0,7,20-30%,0.0
0.221608,1,1500,-1,50000,0.03,7,20-30%,332.412
0.221655,0,102292,0,160000,0.6393,7,20-30%,22673.53326
0.221903,1,100963,0,100000,1.0096,7,20-30%,22403.992588999998
0.222018,0,31634,1,60000,0.5272,7,20-30%,7023.317411999999
0.222106,0,0,-2,230000,0.0,7,20-30%,0.0
0.222107,0,20852,1,390000,0.0535,7,20-30%,4631.375164
0.222164,0,11325,0,20000,0.5662,7,20-30%,2516.0073
0.22226,0,0,1,380000,0.0,7,20-30%,0.0
0.222278,0,24070,0,30000,0.8023,7,20-30%,5350.23146
0.22252,0,0,1,20000,0.0,7,20-30%,0.0
0.22262,1,183800,0,290000,0.6338,7,20-30%,40917.556000000004
0.22277,1,514,-1,300000,0.0017,7,20-30%,114.50377999999999
0.222845,0,120290,0,120000,1.0024,7,20-30%,26806.02505
0.222884,0,1296,-1,500000,0.0026,7,20-30%,288.857664
0.223002,0,0,-2,160000,-0.0014,7,20-30%,0.0
0.223088,0,11156,0,20000,0.5578,7,20-30%,2488.769728
0.223114,0,9045,1,60000,0.1508,7,20-30%,2018.0661300000002
0.223188,0,9159,0,10000,0.9159,7,20-30%,2044.178892
0.223295,1,671,-1,180000,0.0037,7,20-30%,149.83094499999999
0.223578,0,39716,0,140000,0.2837,7,20-30%,8879.623848
0.223583,1,776,-1,40000,0.0194,7,20-30%,173.500408
0.223687,1,17103,0,70000,0.2443,7,20-30%,3825.718761
0.223824,0,399,-1,200000,0.002,7,20-30%,89.305776
0.22384,0,316,-1,320000,0.001,7,20-30%,70.73344
0.224064,0,18641,0,100000,0.1864,7,20-30%,4176.777024
0.224095,1,16435,0,130000,0.1264,7,20-30%,3683.0013249999997
0.224127,0,113247,0,50000,2.2649,7,20-30%,25381.710369
0.224463,1,8660,0,10000,0.866,7,20-30%,1943.84958
0.224465,1,233637,0,200000,1.1682,7,20-30%,52443.329205
0.224792,0,20258,-1,50000,0.4052,7,20-30%,4553.836335999999
0.224806,0,1989,-1,310000,0.0064,7,20-30%,447.139134
0.225097,0,8283,0,10000,0.8283,7,20-30%,1864.478451
0.225142,0,380,-1,100000,0.0038,7,20-30%,85.55396
0.225158,1,138901,0,140000,0.9922,7,20-30%,31274.671358
0.225262,0,8014,0,10000,0.8014,7,20-30%,1805.249668
0.225273,1,8109,0,10000,0.8109,7,20-30%,1826.738757
0.225493,0,324,-2,450000,0.0007,7,20-30%,73.059732
0.22558,1,61762,0,70000,0.8823,7,20-30%,13932.27196
0.225622,0,223211,0,300000,0.744,7,20-30%,50361.312242
0.225728,0,15429,0,20000,0.7714,7,20-30%,3482.757312
0.225754,1,36014,0,100000,0.3601,7,20-30%,8130.304556
0.225804,1,0,-2,230000,-0.0001,7,20-30%,0.0
0.226042,0,13605,0,20000,0.6802,7,20-30%,3075.30141
0.2261,0,0,1,20000,0.0,7,20-30%,0.0
0.226334,1,37082,0,100000,0.3708,7,20-30%,8392.917388
0.226376,0,780,-1,100000,0.0078,7,20-30%,176.57327999999998
0.226398,0,19000,0,20000,0.95,7,20-30%,4301.562
0.226426,1,16621,0,50000,0.3324,7,20-30%,3763.4265459999997
0.226529,0,0,1,230000,-0.0001,7,20-30%,0.0
0.226584,0,29035,0,20000,1.4518,7,20-30%,6578.86644
0.226592,0,885,-2,150000,0.0059,7,20-30%,200.53392
0.226909,1,305823,0,290000,1.0546,7,20-30%,69393.991107
0.227061,0,221,-2,150000,0.0015,7,20-30%,50.180481
0.227087,0,0,1,200000,0.0,7,20-30%,0.0
0.227169,0,0,-2,80000,0.0,7,20-30%,0.0
0.227578,0,15907,0,20000,0.7954,7,20-30%,3620.083246
0.227701,0,9101,-1,50000,0.182,7,20-30%,2072.3068009999997
0.227705,0,0,1,360000,-0.0,7,20-30%,0.0
0.227842,0,1245,-1,110000,0.0113,7,20-30%,283.66328999999996
0.228052,0,34617,0,50000,0.6923,7,20-30%,7894.476084
0.228314,0,0,1,500000,0.0,7,20-30%,0.0
0.228357,0,0,1,50000,0.0,7,20-30%,0.0
0.228526,1,30633,0,160000,0.1915,7,20-30%,7000.436958
0.228708,1,207128,1,230000,0.9006,7,20-30%,47371.830624
0.22871,0,48934,0,50000,0.9787,7,20-30%,11191.69514
0.228713,0,60250,0,60000,1.0042,7,20-30%,13779.95825
0.228953,1,819,-1,50000,0.0164,7,20-30%,187.512507
0.22934,0,47990,0,50000,0.9598,7,20-30%,11006.0266
0.229357,0,60000,0,60000,1.0,7,20-30%,13761.42
0.229431,0,0,-2,120000,0.0,7,20-30%,0.0
0.229439,1,250708,0,310000,0.8087,7,20-30%,57522.192812
0.229941,0,72930,0,60000,1.2155,7,20-30%,16769.597130000002
0.230008,0,27742,0,30000,0.9247,7,20-30%,6380.881936
0.230625,0,168858,0,170000,0.9933,7,20-30%,38942.87625
0.230741,0,51146,0,100000,0.5115,7,20-30%,11801.479186
0.230743,0,170,-1,20000,0.0085,7,20-30%,39.22631
0.231597,1,0,1,100000,0.0,7,20-30%,0.0
0.231665,0,2785,-2,230000,0.0121,7,20-30%,645.1870250000001
0.232118,0,0,1,140000,0.0,7,20-30%,0.0
0.232177,0,3161,-1,10000,0.3161,7,20-30%,733.9114969999999
0.232249,0,5353,-1,210000,0.0255,7,20-30%,1243.228897
0.232488,0,77111,0,80000,0.9639,7,20-30%,17927.382168
0.232496,1,66447,0,70000,0.9492,7,20-30%,15448.661712000001
0.232597,0,58300,0,50000,1.166,7,20-30%,13560.4051
0.232795,0,40732,0,230000,0.1771,7,20-30%,9482.20594
0.232886,1,28916,0,30000,0.9639,7,20-30%,6734.131576000001
0.232945,0,17172,0,20000,0.8586,7,20-30%,4000.1315400000003
0.232988,0,0,1,320000,0.0,7,20-30%,0.0
0.233058,0,10400,-1,20000,0.52,7,20-30%,2423.8032
0.23327,0,626,-1,240000,0.0026,7,20-30%,146.02702
0.23336,0,199,-1,260000,0.0008,7,20-30%,46.43864
0.233459,0,3640,-1,310000,0.0117,7,20-30%,849.79076
0.233477,0,0,-2,140000,-0.0013,7,20-30%,0.0
0.233502,1,19805,0,20000,0.9902,7,20-30%,4624.50711
0.233518,1,3675,-1,20000,0.1838,7,20-30%,858.1786500000001
0.2336,0,449790,0,460000,0.9778,7,20-30%,105070.944
0.23363,0,840,-1,200000,0.0042,7,20-30%,196.2492
0.233708,0,240394,1,300000,0.8013,7,20-30%,56182.000952
0.233892,0,6930,0,10000,0.693,7,20-30%,1620.8715599999998
0.233896,0,1271,-1,240000,0.0053,7,20-30%,297.281816
0.23401,0,12237,0,20000,0.6118,7,20-30%,2863.58037
0.23412,0,50528,0,50000,1.0106,7,20-30%,11829.61536
0.234412,0,6500,-1,400000,0.0162,7,20-30%,1523.678
0.2346,0,0,1,90000,-0.0021,7,20-30%,0.0
0.234987,1,1261,-1,160000,0.0079,7,20-30%,296.318607
0.235072,0,780,-1,200000,0.0039,7,20-30%,183.35616
0.235126,0,148234,0,130000,1.1403,8,20-30%,34853.667484
0.235587,1,37651,0,50000,0.753,8,20-30%,8870.086137
0.23581,0,4983,-1,20000,0.2492,8,20-30%,1175.04123
0.235991,0,35651,0,20000,1.7826,8,20-30%,8413.315141000001
0.236129,1,5586,0,20000,0.2793,8,20-30%,1319.016594
0.23634,0,2108,-1,240000,0.0088,8,20-30%,498.20472
0.236398,0,5994,-1,80000,0.0749,8,20-30%,1416.9696119999999
0.236554,0,387,-1,220000,0.0018,8,20-30%,91.546398
0.236796,0,121018,0,120000,1.0085,8,20-30%,28656.578328
0.237041,0,326,-1,230000,0.0014,8,20-30%,77.275366
0.237071,1,0,-2,150000,0.0,8,20-30%,0.0
0.237202,0,0,1,150000,0.0,8,20-30%,0.0
0.23734,0,0,-2,200000,0.0,8,20-30%,0.0
0.237353,1,416,-1,180000,0.0023,8,20-30%,98.738848
0.237783,0,7188,0,190000,0.0378,8,20-30%,1709.184204
0.237836,0,390,-1,80000,0.0049,8,20-30%,92.75604
0.237838,0,0,1,180000,-0.002,8,20-30%,0.0
0.237885,0,476,-1,230000,0.0021,8,20-30%,113.23326
0.23792,0,100,-2,180000,0.0006,8,20-30%,23.791999999999998
0.237996,0,0,1,390000,0.0,8,20-30%,0.0
0.238031,0,8134,0,20000,0.4067,8,20-30%,1936.1441539999998
0.23813,0,390,-1,20000,0.0195,8,20-30%,92.8707
0.238156,0,776,-1,110000,0.0071,8,20-30%,184.809056
0.238165,0,26845,1,210000,0.1278,8,20-30%,6393.539425
0.238338,1,64494,0,70000,0.9213,8,20-30%,15371.370971999999
0.238344,1,0,-2,180000,0.0,8,20-30%,0.0
0.238344,0,0,-2,180000,0.0,8,20-30%,0.0
0.238441,1,332,-1,120000,0.0028,8,20-30%,79.16241199999999
0.238495,0,501,-1,50000,0.01,8,20-30%,119.485995
0.238619,0,604,-1,80000,0.0076,8,20-30%,144.125876
0.23862,0,0,1,160000,0.0,8,20-30%,0.0
0.23865,0,6066,0,50000,0.1213,8,20-30%,1447.6509
0.238766,0,66759,0,70000,0.9537,8,20-30%,15939.779394000001
0.238793,0,0,-2,40000,0.0,8,20-30%,0.0
0.238891,0,20729,0,60000,0.3455,8,20-30%,4951.971539
0.239192,0,276,-1,360000,0.0008,8,20-30%,66.016992
0.23945,0,0,-2,320000,0.0,8,20-30%,0.0
0.239503,1,16944,0,10000,1.6944,8,20-30%,4058.138832
0.239506,1,396,-1,500000,0.0008,8,20-30%,94.844376
0.23964,0,53113,0,110000,0.4828,8,20-30%,12727.999319999999
0.239752,1,7886,0,10000,0.7886,8,20-30%,1890.684272
0.239765,1,26582,1,130000,0.2045,8,20-30%,6373.433230000001
0.239846,0,0,-2,210000,0.0,8,20-30%,0.0
0.240052,0,390,-1,150000,0.0026,8,20-30%,93.62028
0.240096,1,429392,0,410000,1.0473,8,20-30%,103095.301632
0.240392,0,14124,0,20000,0.7062,8,20-30%,3395.296608
0.240552,1,14822,0,20000,0.7411,8,20-30%,3565.4617439999997
0.240936,0,2392,-1,160000,0.015,8,20-30%,576.3189120000001
0.241144,0,2360,-1,210000,0.0112,8,20-30%,569.09984
0.24117,0,0,-2,450000,-0.0084,8,20-30%,0.0
0.241222,1,1319,-1,230000,0.0057,8,20-30%,318.171818
0.241259,0,0,-2,200000,0.0,8,20-30%,0.0
0.241412,0,0,-2,90000,0.0,8,20-30%,0.0
0.241677,1,0,1,160000,-0.0003,8,20-30%,0.0
0.241981,0,188,-1,260000,0.0007,8,20-30%,45.492428000000004
0.242047,0,51076,0,50000,1.0215,8,20-30%,12362.792572
0.242193,0,390,-1,150000,0.0026,8,20-30%,94.45527
0.2423,0,0,-1,200000,0.0,8,20-30%,0.0
0.242621,0,0,1,360000,0.0,8,20-30%,0.0
0.242682,0,9334,0,110000,0.0849,8,20-30%,2265.193788
0.24275,0,4676,-1,180000,0.026,8,20-30%,1135.099
0.242928,0,95310,0,140000,0.6808,8,20-30%,23153.46768
0.24306,1,79958,0,80000,0.9995,8,20-30%,19434.59148
0.243524,0,58844,0,60000,0.9807,8,20-30%,14329.926255999999
0.243609,0,27284,0,30000,0.9095,8,20-30%,6646.627955999999
0.243667,0,1118,-1,80000,0.014,8,20-30%,272.419706
0.243712,1,0,1,170000,0.0,8,20-30%,0.0
0.24373,0,47378,0,50000,0.9476,8,20-30%,11547.43994
0.243821,0,0,1,20000,0.0,8,20-30%,0.0
0.244149,0,102488,0,240000,0.427,8,20-30%,25022.342712
0.24426,0,628,-1,220000,0.0029,8,20-30%,153.39528
0.244442,0,299,-1,200000,0.0015,8,20-30%,73.08815799999999
0.24467,0,37003,0,90000,0.4111,8,20-30%,9053.52401
0.245011,0,211808,1,240000,0.8825,8,20-30%,51895.289888
0.245185,0,2500,-1,20000,0.125,8,20-30%,612.9625
0.245275,0,42391,0,50000,0.8478,8,20-30%,10397.452525
0.245291,0,27762,0,30000,0.9254,8,20-30%,6809.768742
0.245389,0,0,1,60000,-0.0257,8,20-30%,0.0
0.245392,1,10550,0,30000,0.3517,8,20-30%,2588.8856
0.245758,0,27101,0,30000,0.9034,8,20-30%,6660.287558
0.245843,0,193,-1,130000,0.0015,8,20-30%,47.447699
0.245883,0,326,-2,170000,0.0019,8,20-30%,80.15785799999999
0.245939,0,250,-1,300000,0.0008,8,20-30%,61.48475
0.245977,0,2912,-1,20000,0.1456,8,20-30%,716.285024
0.246365,0,0,-2,40000,0.0,8,20-30%,0.0
0.246496,0,188,-1,260000,0.0007,8,20-30%,46.341248
0.246537,0,22479,0,30000,0.7493,8,20-30%,5541.905223
0.246607,0,153829,1,200000,0.7691,8,20-30%,37935.308203
0.246644,1,2811,-1,60000,0.0468,8,20-30%,693.316284
0.24719,1,0,-2,190000,0.0,8,20-30%,0.0
0.247199,0,48797,0,50000,0.9759,8,20-30%,12062.569603
0.247936,0,6077,1,300000,0.0203,8,20-30%,1506.707072
0.248077,0,0,-2,230000,0.0,8,20-30%,0.0
0.248082,0,12278,0,20000,0.6139,8,20-30%,3045.950796
0.24821,0,55397,0,50000,1.1079,8,20-30%,13750.08937
0.248311,0,0,1,20000,-0.1305,8,20-30%,0.0
0.248458,1,28518,0,70000,0.4074,8,20-30%,7085.525244
0.248607,0,389,-1,200000,0.0019,8,20-30%,96.708123
0.248611,0,25081,0,30000,0.836,8,20-30%,6235.412491
0.248615,0,23309,0,30000,0.777,8,20-30%,5794.967035
0.248727,0,80681,0,80000,1.0085,8,20-30%,20067.543087000002
0.248944,0,0,-2,170000,-0.0047,8,20-30%,0.0
0.248999,0,578,-1,180000,0.0032,8,20-30%,143.921422
0.249223,0,27990,0,30000,0.933,8,20-30%,6975.75177
0.249394,0,2155,-1,230000,0.0094,8,20-30%,537.44407
0.249495,0,160,-1,160000,0.001,8,20-30%,39.9192
0.249524,0,37540,0,40000,0.9385,8,20-30%,9367.13096
0.249598,0,0,-2,500000,-0.0064,8,20-30%,0.0
0.249712,0,500,-2,240000,0.0021,8,20-30%,124.856
0.249739,1,4767,-1,170000,0.028,8,20-30%,1190.505813
0.249855,0,0,1,150000,0.0,8,20-30%,0.0
0.249887,1,12174,0,90000,0.1353,8,20-30%,3042.124338
0.250108,0,996,-1,230000,0.0043,8,20-30%,249.107568
0.250136,0,0,1,260000,0.0,8,20-30%,0.0
0.250511,0,19629,0,30000,0.6543,8,20-30%,4917.280419
0.250592,0,82391,0,80000,1.0299,8,20-30%,20646.525471999998
0.250874,0,390,-1,30000,0.013,8,20-30%,97.84085999999999
0.250893,0,0,1,270000,0.0,8,20-30%,0.0
0.251146,0,1275,-1,80000,0.0159,8,20-30%,320.21115
0.251454,0,71195,1,360000,0.1978,8,20-30%,17902.26753
0.25147,0,223,-2,20000,0.0112,8,20-30%,56.07781000000001
0.251564,0,326,-1,260000,0.0013,8,20-30%,82.00986400000001
0.25195,0,0,-2,210000,0.0,8,20-30%,0.0
0.251993,0,0,1,360000,-0.0,8,20-30%,0.0
0.252109,0,396,-1,200000,0.002,8,20-30%,99.835164
0.252311,0,505128,0,500000,1.0103,8,20-30%,127449.350808
0.252409,0,0,-2,80000,0.0,8,20-30%,0.0
0.25248,0,108,-1,180000,0.0006,8,20-30%,27.26784
0.252575,0,3485,-1,60000,0.0581,8,20-30%,880.223875
0.25262,0,0,1,360000,0.0,8,20-30%,0.0
0.252666,0,686,-1,120000,0.0057,8,20-30%,173.328876
0.252719,0,0,-2,280000,-0.0023,8,20-30%,0.0
0.252751,1,7955,0,10000,0.7955,8,20-30%,2010.634205
0.252851,1,0,-2,150000,0.0,8,20-30%,0.0
0.252903,0,291,-1,350000,0.0008,8,20-30%,73.594773
0.253198,1,39092,0,40000,0.9773,8,20-30%,9898.016216
0.253258,1,0,1,50000,0.0,8,20-30%,0.0
0.253315,1,0,1,210000,0.0,8,20-30%,0.0
0.253401,0,0,1,170000,0.0,8,20-30%,0.0
0.253425,0,0,1,180000,0.0,8,20-30%,0.0
0.253449,0,1580,-1,50000,0.0316,8,20-30%,400.44942
0.253453,0,26538,0,50000,0.5308,8,20-30%,6726.135714
0.253571,0,0,-2,120000,0.0,8,20-30%,0.0
0.253571,1,0,-2,140000,0.0,8,20-30%,0.0
0.253583,1,21173,0,30000,0.7058,8,20-30%,5369.112859
0.253783,0,0,-2,160000,-0.0001,8,20-30%,0.0
0.253806,0,17569,0,50000,0.3514,8,20-30%,4459.117614
0.253912,0,3740,0,30000,0.1247,8,20-30%,949.63088
0.254075,0,30518,0,30000,1.0173,8,20-30%,7753.86085
0.254089,0,0,1,180000,0.0,8,20-30%,0.0
0.254246,1,46239,0,50000,0.9248,8,20-30%,11756.080794000001
0.254391,1,1749,0,200000,0.0087,8,20-30%,444.92985899999996
0.254528,0,632,-1,160000,0.004,8,20-30%,160.861696
0.254681,0,0,1,300000,0.0,8,20-30%,0.0
0.254788,0,497,-1,120000,0.0041,8,20-30%,126.629636
0.25479,1,0,1,120000,0.0,8,20-30%,0.0
0.254985,0,8152,0,20000,0.4076,8,20-30%,2078.63772
0.255005,0,206430,1,250000,0.8257,8,20-30%,52640.68214999999
0.255023,0,0,-2,80000,0.0,8,20-30%,0.0
0.255746,0,49718,0,50000,0.9944,8,20-30%,12715.179627999998
0.255956,0,18100,0,20000,0.905,8,20-30%,4632.8036
0.255981,1,4024,0,160000,0.0252,8,20-30%,1030.067544
0.255999,0,1152,-1,80000,0.0144,8,20-30%,294.910848
0.256106,0,119692,0,140000,0.8549,8,20-30%,30653.839352
0.256245,0,140933,0,140000,1.0067,8,20-30%,36113.376585
0.256328,0,316,-1,230000,0.0014,8,20-30%,80.999648
0.257061,1,0,-2,210000,0.0,8,20-30%,0.0
0.257061,1,0,-2,200000,0.0,8,20-30%,0.0
0.257332,0,440,-1,250000,0.0018,8,20-30%,113.22608
0.257635,0,85435,0,100000,0.8544,8,20-30%,22011.046225000002
0.257774,0,0,1,160000,0.0,8,20-30%,0.0
0.257885,0,390,-1,160000,0.0024,8,20-30%,100.57515
0.257976,0,0,1,250000,0.0,8,20-30%,0.0
0.258433,1,35676,0,50000,0.7135,8,20-30%,9219.855708000001
0.258471,0,4341,0,20000,0.217,8,20-30%,1122.022611
0.258531,1,165637,0,170000,0.9743,8,20-30%,42822.299247
0.258765,1,5433,-1,50000,0.1087,8,20-30%,1405.870245
0.258821,0,0,-2,180000,0.0,8,20-30%,0.0
0.258831,1,0,-2,230000,0.0,8,20-30%,0.0
0.25906,1,42867,1,110000,0.3897,8,20-30%,11105.125020000001
0.259062,0,0,-2,210000,0.0,8,20-30%,0.0
0.259211,1,416,-1,20000,0.0208,8,20-30%,107.831776
0.259225,0,2946,-1,80000,0.0368,8,20-30%,763.67685
0.259304,0,50332,0,50000,1.0066,8,20-30%,13051.288927999998
0.259485,0,780,-1,20000,0.039,8,20-30%,202.3983
0.259524,0,2946,-1,20000,0.1473,8,20-30%,764.557704
0.259614,0,28522,0,50000,0.5704,8,20-30%,7404.710508
0.259767,0,13429,0,20000,0.6714,8,20-30%,3488.4110430000005
0.259788,0,17214,0,20000,0.8607,8,20-30%,4471.990632
0.259881,0,2522,-1,20000,0.1261,8,20-30%,655.4198819999999
0.260434,0,25156,0,30000,0.8385,8,20-30%,6551.477704
0.260918,0,2389,0,50000,0.0478,8,20-30%,623.3331019999999
0.260923,0,0,1,300000,-0.0,8,20-30%,0.0
0.261188,1,3893,-1,450000,0.0087,8,20-30%,1016.8048839999999
0.261279,0,9782,0,80000,0.1223,8,20-30%,2555.831178
0.261332,0,0,1,150000,0.0,8,20-30%,0.0
0.261613,0,19451,1,230000,0.0846,8,20-30%,5088.634462999999
0.261674,0,0,1,500000,0.0,8,20-30%,0.0
0.261713,0,0,1,100000,0.0,8,20-30%,0.0
0.26173,0,0,1,260000,0.0,8,20-30%,0.0
0.261783,1,0,1,240000,0.0,8,20-30%,0.0
0.261897,0,2828,-1,30000,0.0943,8,20-30%,740.644716
0.262164,0,7418,0,10000,0.7418,8,20-30%,1944.7325520000002
0.262401,0,16735,0,20000,0.8368,8,20-30%,4391.280735
0.262473,1,0,1,30000,0.0,8,20-30%,0.0
0.262541,0,24345,0,70000,0.3478,8,20-30%,6391.5606450000005
0.262543,0,0,-2,300000,0.0,8,20-30%,0.0
0.262543,1,0,-2,300000,0.0,8,20-30%,0.0
0.262601,0,1443,-1,230000,0.0063,8,20-30%,378.93324299999995
0.262893,0,0,-2,230000,0.0,8,20-30%,0.0
0.263356,0,83831,0,100000,0.8383,8,20-30%,22077.396836
0.263453,0,45429,1,250000,0.1817,8,20-30%,11968.406337
0.263636,0,61785,0,150000,0.4119,8,20-30%,16288.750259999999
0.263664,0,1596,0,30000,0.0532,8,20-30%,420.807744
0.263698,0,380,-1,240000,0.0016,8,20-30%,100.20523999999999
0.263985,0,6677,-1,200000,0.0334,8,20-30%,1762.6278450000002
0.264278,0,1473,-1,360000,0.0041,8,20-30%,389.281494
0.264288,1,0,-2,200000,0.0,8,20-30%,0.0
0.264321,0,0,1,200000,0.0,8,20-30%,0.0
0.264794,0,390,-1,10000,0.039,8,20-30%,103.26965999999999
0.264902,0,1261,-1,10000,0.1261,8,20-30%,334.041422
0.264913,1,0,-2,330000,-0.0,8,20-30%,0.0
0.265067,0,1478,2,130000,0.0114,8,20-30%,391.769026
0.265405,0,18603,0,20000,0.9302,8,20-30%,4937.329215
0.265771,0,0,-2,200000,0.0,8,20-30%,0.0
0.265821,1,2004,0,20000,0.1002,8,20-30%,532.7052839999999
0.265901,1,325,-1,240000,0.0014,8,20-30%,86.417825
0.265917,0,29230,0,30000,0.9743,8,20-30%,7772.75391
0.265922,1,0,-2,180000,0.0,8,20-30%,0.0
0.265941,0,0,-2,300000,0.0,8,20-30%,0.0
0.265963,0,416,-1,80000,0.0052,8,20-30%,110.640608
0.266045,1,12721,0,20000,0.636,8,20-30%,3384.358445
0.266106,0,0,1,200000,0.0,8,20-30%,0.0
0.2662,0,142043,0,140000,1.0146,8,20-30%,37811.8466
0.266205,0,294475,0,290000,1.0154,8,20-30%,78390.71737500001
0.266284,1,0,1,160000,0.0,8,20-30%,0.0
0.26645,1,0,1,200000,-0.0,8,20-30%,0.0
0.266744,0,1659,-1,30000,0.0553,8,20-30%,442.52829599999995
0.266744,1,5552,0,100000,0.0555,8,20-30%,1480.9626879999998
0.266983,0,0,-2,230000,0.0,8,20-30%,0.0
0.267037,0,26742,0,30000,0.8914,8,20-30%,7141.103454000001
0.2672,0,30852,0,110000,0.2805,8,20-30%,8243.6544
0.267336,0,137671,0,130000,1.059,8,20-30%,36804.414456000006
0.267914,0,0,-2,240000,0.0,8,20-30%,0.0
0.267983,0,520,2,170000,0.0031,8,20-30%,139.35116000000002
0.26803,0,792,-1,120000,0.0066,8,20-30%,212.27975999999998
0.268164,0,0,1,230000,0.0,8,20-30%,0.0
0.268283,0,8802,0,10000,0.8802,8,20-30%,2361.426966
0.268503,0,34084,0,40000,0.8521,8,20-30%,9151.656251999999
0.268549,1,7806,0,10000,0.7806,8,20-30%,2096.293494
0.268559,1,0,-2,330000,0.0,8,20-30%,0.0
0.268607,0,0,-2,170000,0.0,8,20-30%,0.0
0.26913,0,134,-1,200000,0.0007,8,20-30%,36.06342
0.269234,0,110198,0,110000,1.0018,8,20-30%,29669.048332
0.269515,0,396,-1,160000,0.0025,8,20-30%,106.72794
0.269559,0,255,1,20000,0.0127,8,20-30%,68.737545
0.269778,0,0,1,160000,0.0,8,20-30%,0.0
0.269923,0,9633,0,70000,0.1376,8,20-30%,2600.168259
0.269949,0,16135,0,240000,0.0672,8,20-30%,4355.627115
0.270047,0,1156,-1,50000,0.0231,8,20-30%,312.174332
0.270133,0,47872,0,50000,0.9574,8,20-30%,12931.806976
0.270202,0,190,-1,200000,0.001,8,20-30%,51.33838
0.270252,1,123,-1,100000,0.0012,8,20-30%,33.240995999999996
0.270386,0,165,-1,200000,0.0008,8,20-30%,44.613690000000005
0.270481,0,0,1,200000,0.0,8,20-30%,0.0
0.27051,1,16294,0,20000,0.8147,8,20-30%,4407.689939999999
0.270799,0,0,-2,160000,0.0,8,20-30%,0.0
0.271008,0,6553,-1,120000,0.0546,8,20-30%,1775.9154240000003
0.271033,0,2841,-1,200000,0.0142,8,20-30%,770.004753
0.271054,0,30734,1,30000,1.0245,8,20-30%,8330.573636000001
0.271323,0,316,-1,110000,0.0029,8,20-30%,85.738068
0.271408,0,792,-1,290000,0.0027,8,20-30%,214.95513599999998
0.271505,0,7684,0,20000,0.3842,8,20-30%,2086.24442
0.27171,0,20415,1,20000,1.0208,8,20-30%,5546.95965
0.272006,1,0,-2,350000,0.0,8,20-30%,0.0
0.272027,0,177535,0,140000,1.2681,8,20-30%,48294.313445
0.272241,0,6161,0,50000,0.1232,8,20-30%,1677.276801
0.272287,0,6287,0,360000,0.0175,8,20-30%,1711.868369
0.272362,1,51741,-2,50000,1.0348,8,20-30%,14092.282242
0.272432,0,111864,0,110000,1.0169,8,20-30%,30475.333248000003
0.272458,0,34448,0,50000,0.689,8,20-30%,9385.633183999998
0.272545,0,0,-2,210000,0.0,8,20-30%,0.0
0.27272,0,7111,1,200000,0.0356,8,20-30%,1939.31192
0.27272,0,56701,0,50000,1.134,8,20-30%,15463.496720000001
0.272775,0,58102,1,50000,1.162,8,20-30%,15848.77305
0.272952,0,252,2,80000,0.0032,8,20-30%,68.78390399999999
0.272968,0,325,-1,350000,0.0009,8,20-30%,88.71459999999999
0.273126,1,1923,-1,250000,0.0077,8,20-30%,525.2212979999999
0.273209,0,0,1,180000,0.0,8,20-30%,0.0
0.273654,1,0,1,210000,0.0,8,20-30%,0.0
0.273746,1,60560,1,60000,1.0093,8,20-30%,16578.05776
0.273865,1,18646,-1,20000,0.9323,8,20-30%,5106.486790000001
0.273995,0,661,-2,250000,0.0026,8,20-30%,181.110695
0.274106,1,0,1,100000,0.0,8,20-30%,0.0
0.274342,1,12485,0,30000,0.4162,8,20-30%,3425.1598699999995
0.274448,1,34733,0,60000,0.5789,8,20-30%,9532.402384
0.274747,0,78672,0,80000,0.9834,8,20-30%,21614.895984000002
0.274857,1,0,1,360000,0.0,8,20-30%,0.0
0.275174,1,0,-2,230000,0.0,8,20-30%,0.0
0.275337,0,12518,0,20000,0.6259,8,20-30%,3446.668566
0.275484,1,481,-1,170000,0.0028,8,20-30%,132.507804
0.275554,1,326,-1,160000,0.002,8,20-30%,89.83060400000001
0.27557,0,5411,0,20000,0.2706,8,20-30%,1491.10927
0.276124,1,0,-2,360000,0.0,8,20-30%,0.0
0.276332,1,12188,0,20000,0.6094,8,20-30%,3367.934416
0.276728,0,2804,-1,420000,0.0067,8,20-30%,775.945312
0.27693,0,76395,0,90000,0.8488,8,20-30%,21156.06735
0.277406,0,3139,-1,180000,0.0174,8,20-30%,870.777434
0.277486,0,21316,0,50000,0.4263,8,20-30%,5914.891576
0.277529,0,46628,1,230000,0.2027,8,20-30%,12940.622212000002
0.277635,0,0,-2,80000,0.0,8,20-30%,0.0
0.27795,1,0,-2,300000,0.0,8,20-30%,0.0
0.278005,0,0,1,140000,0.0,8,20-30%,0.0
0.27806,1,34904,0,100000,0.349,8,20-30%,9705.406239999998
0.278331,0,0,1,170000,0.0,8,20-30%,0.0
0.278628,0,6548,-1,160000,0.0409,8,20-30%,1824.456144
0.278761,0,0,1,150000,0.0,8,20-30%,0.0
0.278792,0,3199,-1,80000,0.04,8,20-30%,891.855608
0.278995,0,5300,0,10000,0.53,8,20-30%,1478.6734999999999
0.279369,0,0,1,100000,0.0,8,20-30%,0.0
0.279427,0,99,-1,130000,0.0008,8,20-30%,27.663272999999997
0.279451,0,396,-1,20000,0.0198,8,20-30%,110.66259600000001
0.279519,1,0,1,180000,-0.0001,8,20-30%,0.0
0.279631,1,0,-2,290000,0.0,8,20-30%,0.0
0.27979,0,5444,0,130000,0.0419,8,20-30%,1523.1767599999998
0.279897,0,577,-1,200000,0.0029,8,20-30%,161.500569
0.279966,1,0,1,120000,-0.0017,8,20-30%,0.0
0.28029,0,390,-1,20000,0.0195,8,20-30%,109.31309999999999
0.280292,0,0,1,130000,0.0,8,20-30%,0.0
0.280437,0,379,-1,20000,0.019,8,20-30%,106.285623
0.280638,0,52108,1,50000,1.0422,8,20-30%,14623.484904
0.280657,1,6393,0,60000,0.1066,8,20-30%,1794.2402009999998
0.280689,1,9035,0,10000,0.9035,8,20-30%,2536.0251150000004
0.28101,0,263,-1,260000,0.001,8,20-30%,73.90563
0.281051,0,238,-1,160000,0.0015,8,20-30%,66.890138
0.281135,0,167358,0,200000,0.8368,8,20-30%,47050.19133
0.281175,0,0,1,130000,0.0,8,20-30%,0.0
0.281768,1,4810,-1,200000,0.024,8,20-30%,1355.30408
0.282392,0,326,-1,210000,0.0016,8,20-30%,92.05979199999999
0.282702,0,27862,0,30000,0.9287,8,20-30%,7876.643124
0.282755,1,519,-1,230000,0.0023,8,20-30%,146.749845
0.283177,0,390,-1,80000,0.0049,8,20-30%,110.43903
0.283208,0,95799,0,130000,0.7369,8,20-30%,27131.043192
0.283546,0,5975,1,300000,0.0199,8,20-30%,1694.1873500000002
0.28383,0,0,-2,30000,0.0,8,20-30%,0.0
0.283858,0,0,-2,360000,0.0,8,20-30%,0.0
0.283993,0,15675,0,20000,0.7837,8,20-30%,4451.590275
0.28407,0,339,-1,130000,0.0026,8,20-30%,96.29973
0.28429,0,73958,1,70000,1.0565,8,20-30%,21025.519819999998
0.28459,1,24061,0,30000,0.802,8,20-30%,6847.51999
0.284633,1,780,-1,100000,0.0078,8,20-30%,222.01374
0.284877,0,0,-2,20000,0.0,8,20-30%,0.0
0.284947,0,513,-1,180000,0.0028,8,20-30%,146.177811
0.285024,0,157,-1,70000,0.0022,8,20-30%,44.748768
0.285067,0,10540,0,30000,0.3513,8,20-30%,3004.60618
0.285132,0,0,-2,220000,0.0,8,20-30%,0.0
0.285379,0,0,-2,140000,0.0,8,20-30%,0.0
0.285379,1,0,-2,120000,0.0,8,20-30%,0.0
0.285487,1,63144,-1,80000,0.7893,8,20-30%,18026.791128
0.285661,1,17679,0,20000,0.884,8,20-30%,5050.200819
0.285903,0,88345,0,130000,0.6796,8,20-30%,25258.100535
0.286074,1,97190,0,50000,1.9438,8,20-30%,27803.532059999998
0.286272,0,0,-2,360000,0.0,8,20-30%,0.0
0.286278,0,5319,0,180000,0.0296,8,20-30%,1522.7126819999999
0.286838,1,115,-1,490000,0.0002,8,20-30%,32.98637
0.286863,0,0,1,150000,-0.0019,8,20-30%,0.0
0.286961,0,6618,0,50000,0.1324,8,20-30%,1899.1078980000002
0.28697,0,0,-2,260000,0.0,8,20-30%,0.0
0.287128,0,396,-1,250000,0.0016,8,20-30%,113.702688
0.287177,0,169117,1,500000,0.3382,8,20-30%,48566.512709
0.287377,0,0,-2,360000,-0.0,8,20-30%,0.0
0.287513,1,1381,2,250000,0.0055,8,20-30%,397.055453
0.287856,0,390,-1,30000,0.013,8,20-30%,112.26384
0.288345,0,424244,1,390000,1.0878,8,20-30%,122328.63618
0.288402,1,0,-2,150000,0.0,8,20-30%,0.0
0.288413,1,0,-2,360000,0.0,8,20-30%,0.0
0.288464,1,0,1,30000,0.0,8,20-30%,0.0
0.288818,0,0,-2,260000,0.0,8,20-30%,0.0
0.289502,1,389,-1,200000,0.0019,8,20-30%,112.616278
0.289653,1,17723,-1,160000,0.1108,8,20-30%,5133.520119
0.28967,0,203843,0,420000,0.4853,8,20-30%,59047.20181
0.289671,1,0,1,120000,0.0,8,20-30%,0.0
0.289732,0,10440,1,30000,0.348,8,20-30%,3024.80208
0.290027,0,0,-2,290000,0.0,8,20-30%,0.0
0.290035,1,0,1,160000,0.0,8,20-30%,0.0
0.290291,1,53213,1,100000,0.5321,8,20-30%,15447.254983
0.290618,1,0,1,80000,0.0,8,20-30%,0.0
0.290621,0,2711,-1,360000,0.0075,8,20-30%,787.8735310000001
0.290625,0,978,-1,240000,0.0041,8,20-30%,284.23125000000005
0.290946,0,3437,-1,60000,0.0573,8,20-30%,999.9814019999999
0.291066,1,24422,0,30000,0.8141,8,20-30%,7108.413852
0.291079,0,0,1,190000,0.0,8,20-30%,0.0
0.29121,0,15442,1,60000,0.2574,8,20-30%,4496.864820000001
0.29138,0,264,-1,360000,0.0007,8,20-30%,76.92432
0.291526,0,1131,-1,100000,0.0113,8,20-30%,329.715906
0.291596,0,317,-1,240000,0.0013,8,20-30%,92.43593200000001
0.292214,1,15969,0,20000,0.7984,8,20-30%,4666.365366
0.292233,0,390,-1,30000,0.013,8,20-30%,113.97087
0.292754,0,16982,-1,160000,0.1061,8,20-30%,4971.548428
0.292973,1,12452,0,30000,0.4151,8,20-30%,3648.099796
0.293203,0,17439,0,20000,0.872,8,20-30%,5113.167117
0.293427,1,1179,-1,160000,0.0074,8,20-30%,345.950433
0.293902,0,15013,0,30000,0.5004,8,20-30%,4412.350726
0.29394,0,95,1,240000,0.0004,8,20-30%,27.9243
0.293976,1,390,-1,120000,0.0032,8,20-30%,114.65064000000001
0.294019,1,3100,0,10000,0.31,8,20-30%,911.4589
0.294174,0,0,-2,360000,0.0,8,20-30%,0.0
0.294469,0,0,1,140000,0.0,8,20-30%,0.0
0.294694,1,124233,1,180000,0.6902,8,20-30%,36610.719702
0.295142,0,0,1,260000,-0.0021,8,20-30%,0.0
0.295223,1,0,-2,120000,0.0,8,20-30%,0.0
0.295545,0,0,-2,440000,0.0,8,20-30%,0.0
0.295568,1,652,-1,40000,0.0163,8,20-30%,192.710336
0.29558,0,0,1,240000,-0.0,8,20-30%,0.0
0.295612,1,632,-2,250000,0.0025,8,20-30%,186.826784
0.29571,1,9928,0,60000,0.1655,8,20-30%,2935.8088799999996
0.295782,1,0,1,320000,-0.0188,8,20-30%,0.0
0.29619,0,0,-2,310000,-0.0005,8,20-30%,0.0
0.296582,0,16354,0,20000,0.8177,8,20-30%,4850.302028
0.29696,1,62080,0,70000,0.8869,8,20-30%,18435.2768
0.297118,0,7357,0,20000,0.3678,8,20-30%,2185.897126
0.297216,0,0,-2,340000,0.0,8,20-30%,0.0
0.297324,0,0,1,130000,0.0,8,20-30%,0.0
0.297412,0,7340,-1,200000,0.0367,8,20-30%,2183.00408
0.297918,1,0,1,180000,0.0,8,20-30%,0.0
0.298464,1,0,1,200000,0.0,8,20-30%,0.0
0.298752,0,6300,1,50000,0.126,8,20-30%,1882.1376
0.298825,0,0,-2,360000,0.0,8,20-30%,0.0
0.299004,0,882,-2,150000,0.0059,8,20-30%,263.721528
0.299187,0,39466,1,60000,0.6578,8,20-30%,11807.714141999999
0.299191,0,165,-1,120000,0.0014,8,20-30%,49.366515
0.299361,0,316,-1,160000,0.002,8,20-30%,94.59807599999999
0.299391,1,0,-2,200000,0.0,8,20-30%,0.0
0.299559,0,123,-2,400000,0.0003,8,20-30%,36.845757
0.299684,0,11672,0,20000,0.5836,8,20-30%,3497.9116480000002
0.299833,1,83760,1,90000,0.9307,8,20-30%,25114.01208
0.299834,0,8424,-1,20000,0.4212,8,20-30%,2525.8016159999997
0.299962,1,942,-1,50000,0.0188,8,20-30%,282.564204
0.300583,1,0,-2,360000,0.0,8,30-50%,0.0
0.300651,0,26855,0,80000,0.3357,8,30-50%,8073.982605
0.300904,0,21101,0,30000,0.7034,8,30-50%,6349.375304
0.300981,0,172,-1,290000,0.0006,8,30-50%,51.768732
0.301193,0,17062,0,20000,0.8531,8,30-50%,5138.954966
0.30173,1,6988,0,20000,0.3494,8,30-50%,2108.48924
0.302483,0,11359,-1,30000,0.3786,8,30-50%,3435.9043970000002
0.302748,1,5450,0,180000,0.0303,8,30-50%,1649.9766000000002
0.302809,1,625,-1,20000,0.0312,8,30-50%,189.255625
0.302839,1,416,2,120000,0.0035,8,30-50%,125.981024
0.303166,0,238094,1,280000,0.8503,8,30-50%,72182.00560399999
0.303378,0,1102,-1,90000,0.0122,8,30-50%,334.32255599999996
0.303529,0,18910,0,30000,0.6303,8,30-50%,5739.73339
0.303672,0,2178,-1,100000,0.0218,8,30-50%,661.397616
0.30374,0,107,-2,310000,0.0003,8,30-50%,32.50018
0.303798,0,63654,1,140000,0.4547,8,30-50%,19337.957892000002
0.303825,0,38302,0,50000,0.766,8,30-50%,11637.105150000001
0.303902,0,15100,1,240000,0.0629,8,30-50%,4588.9202000000005
0.304152,1,5714,1,270000,0.0212,8,30-50%,1737.9245279999998
0.304812,1,107594,0,130000,0.8276,8,30-50%,32795.942328000005
0.304951,0,0,1,360000,-0.0007,8,30-50%,0.0
0.305028,0,0,-2,360000,0.0,8,30-50%,0.0
0.305042,0,834,-1,230000,0.0036,8,30-50%,254.405028
0.305114,0,6827,0,10000,0.6827,8,30-50%,2083.013278
0.306039,0,13660,0,20000,0.683,8,30-50%,4180.49274
0.306107,1,42932,1,150000,0.2862,8,30-50%,13141.785724000001
0.30623,0,0,1,230000,0.0,8,30-50%,0.0
0.306765,0,2501,-1,380000,0.0066,8,30-50%,767.2192650000001
0.306861,0,228610,1,240000,0.9525,8,30-50%,70151.49321
0.307695,0,115056,1,190000,0.6056,8,30-50%,35402.15592
0.307741,0,214450,1,150000,1.4297,8,30-50%,65995.05745
0.308024,1,264,-1,30000,0.0088,8,30-50%,81.318336
0.308296,1,0,1,120000,0.0,8,30-50%,0.0
0.308383,1,390,-1,10000,0.039,8,30-50%,120.26937000000001
0.308823,1,9589,0,20000,0.4794,8,30-50%,2961.303747
0.308954,0,106932,1,110000,0.9721,8,30-50%,33037.069128
0.308954,0,24635,1,70000,0.3519,8,30-50%,7611.08179
0.309035,0,5857,0,10000,0.5857,8,30-50%,1810.017995
0.309346,0,2178,-1,60000,0.0363,8,30-50%,673.755588
0.309511,0,0,1,300000,-0.0201,8,30-50%,0.0
0.310005,0,111,-1,290000,0.0004,8,30-50%,34.410554999999995
0.310266,0,0,-2,360000,0.0,8,30-50%,0.0
0.310294,0,7196,1,500000,0.0144,8,30-50%,2232.8756240000002
0.310327,0,52419,1,50000,1.0484,8,30-50%,16267.031013000002
0.310449,0,30607,1,30000,1.0202,8,30-50%,9501.912542999999
0.310785,1,387192,1,450000,0.8604,8,30-50%,120333.46572
0.311052,0,0,-2,270000,0.0,8,30-50%,0.0
0.31111,0,1500,-1,120000,0.0125,8,30-50%,466.665
0.311317,1,264,-1,60000,0.0044,8,30-50%,82.18768800000001
0.311608,0,12936,0,30000,0.4312,8,30-50%,4030.961088
0.311742,0,550,-1,450000,0.0012,8,30-50%,171.4581
0.311845,0,51072,1,600000,0.0851,8,30-50%,15926.54784
0.312521,1,83367,1,80000,1.0421,8,30-50%,26053.938207
0.312823,0,0,1,80000,0.0,8,30-50%,0.0
0.313003,0,258364,0,260000,0.9937,8,30-50%,80868.707092
0.313134,0,0,-2,20000,0.0,8,30-50%,0.0
0.313546,0,2610,0,170000,0.0154,8,30-50%,818.35506
0.31357,1,390,-1,110000,0.0035,8,30-50%,122.29230000000001
0.313807,1,0,1,200000,-0.0106,8,30-50%,0.0
0.313915,0,0,1,270000,-0.0,8,30-50%,0.0
0.314335,1,4975,0,50000,0.0995,8,30-50%,1563.816625
0.314578,0,931,-1,210000,0.0044,8,30-50%,292.872118
0.314611,0,403,-1,450000,0.0009,8,30-50%,126.78823299999999
0.31467,0,35215,0,50000,0.7043,8,30-50%,11081.10405
0.315094,0,20367,0,30000,0.6789,8,30-50%,6417.519498
0.31541,0,155963,1,150000,1.0398,8,30-50%,49192.28983
0.31544,0,0,1,50000,-0.0004,8,30-50%,0.0
0.315654,1,358895,1,350000,1.0254,8,30-50%,113286.64233
0.315796,0,390,-1,130000,0.003,8,30-50%,123.16044000000001
0.315976,0,0,1,280000,-0.0,8,30-50%,0.0
0.31656,0,0,1,150000,-0.0001,8,30-50%,0.0
0.316881,0,1240,0,130000,0.0095,8,30-50%,392.93244000000004
0.316991,0,11693,0,140000,0.0835,8,30-50%,3706.5757630000003
0.317005,0,326,-1,230000,0.0014,8,30-50%,103.34362999999999
0.317438,0,42067,0,50000,0.8413,8,30-50%,13353.664346
0.317539,0,58518,1,90000,0.6502,8,30-50%,18581.747202000002
0.317853,0,0,1,190000,-0.0005,8,30-50%,0.0
0.318119,0,0,1,180000,0.0,8,30-50%,0.0
0.318134,1,52439,-1,200000,0.2622,8,30-50%,16682.628826
0.319234,1,10994,0,20000,0.5497,8,30-50%,3509.658596
0.319251,0,253072,1,270000,0.9373,8,30-50%,80793.489072
0.319396,0,174,2,30000,0.0058,8,30-50%,55.574904000000004
0.319724,1,14495,0,30000,0.4832,8,30-50%,4634.39938
0.319789,0,11401,0,50000,0.228,8,30-50%,3645.914389
0.320065,1,29678,1,30000,0.9893,8,30-50%,9498.88907
0.321447,1,836,-1,50000,0.0167,8,30-50%,268.729692
0.321574,0,1605,-1,360000,0.0045,8,30-50%,516.1262700000001
0.322339,1,0,-2,360000,0.0,8,30-50%,0.0
0.322418,0,316,-1,180000,0.0018,8,30-50%,101.88408799999999
0.322747,0,390,-1,200000,0.002,8,30-50%,125.87133
0.322844,0,39768,0,110000,0.3615,8,30-50%,12838.860192
0.323032,0,326,-1,180000,0.0018,8,30-50%,105.308432
0.323142,1,0,1,140000,-0.0,8,30-50%,0.0
0.323566,0,0,-2,200000,0.0,8,30-50%,0.0
0.32366,0,415,-1,30000,0.0138,8,30-50%,134.3189
0.323673,1,71927,2,50000,1.4385,8,30-50%,23280.827870999998
0.323715,0,948,-1,230000,0.0041,8,30-50%,306.88181999999995
0.323837,1,374,-1,300000,0.0012,8,30-50%,121.115038
0.324557,1,0,1,180000,0.0,8,30-50%,0.0
0.324999,0,390,-1,240000,0.0016,8,30-50%,126.74960999999999
0.325906,0,0,-2,360000,0.0,8,30-50%,0.0
0.326127,1,0,1,200000,0.0,8,30-50%,0.0
0.326181,0,47350,0,60000,0.7892,8,30-50%,15444.67035
0.326246,0,25347,0,50000,0.5069,8,30-50%,8269.357361999999
0.326267,0,496,-1,20000,0.0248,8,30-50%,161.828432
0.326703,1,8090,0,30000,0.2697,8,30-50%,2643.02727
0.326836,0,20579,1,50000,0.4116,8,30-50%,6725.958044
0.326855,1,105348,1,220000,0.4789,8,30-50%,34433.52054
0.327057,0,0,1,260000,0.0,8,30-50%,0.0
0.327379,0,0,-2,310000,0.0,8,30-50%,0.0
0.327411,0,0,1,180000,0.0,8,30-50%,0.0
0.327411,1,0,1,180000,0.0,8,30-50%,0.0
0.327549,0,13835,0,20000,0.6918,8,30-50%,4531.640415
0.327657,1,33300,1,30000,1.11,8,30-50%,10910.978099999998
0.327823,0,43648,0,50000,0.873,8,30-50%,14308.818303999999
0.328297,0,1490,-1,100000,0.0149,8,30-50%,489.16253
0.328467,0,0,1,20000,0.0,8,30-50%,0.0
0.328575,0,91662,1,500000,0.1833,8,30-50%,30117.841650000002
0.328644,0,390,-1,20000,0.0195,8,30-50%,128.17116
0.329395,0,8558,0,50000,0.1712,8,30-50%,2818.96241
0.329478,0,9410,0,20000,0.4705,8,30-50%,3100.38798
0.329604,0,5473,0,20000,0.2736,8,30-50%,1803.922692
0.330169,1,0,-2,360000,0.0,8,30-50%,0.0
0.330801,0,19904,0,30000,0.6635,8,30-50%,6584.263104000001
0.330867,0,41468,1,50000,0.8294,8,30-50%,13720.392756000001
0.330964,0,390,-1,70000,0.0056,8,30-50%,129.07595999999998
0.331047,0,390,-1,30000,0.013,8,30-50%,129.10833
0.331056,0,0,1,160000,0.0,8,30-50%,0.0
0.33145,0,6991,0,10000,0.6991,8,30-50%,2317.1669500000003
0.331476,0,18099,1,290000,0.0624,8,30-50%,5999.384124
0.331697,0,45948,0,50000,0.919,8,30-50%,15240.813756000001
0.331865,0,82399,0,130000,0.6338,8,30-50%,27345.344135000003
0.331953,1,27666,0,100000,0.2767,8,30-50%,9183.811698
0.333015,1,1273,2,500000,0.0025,8,30-50%,423.928095
0.33307,0,180373,1,180000,1.0021,8,30-50%,60076.83510999999
0.333126,1,7527,0,30000,0.2509,8,30-50%,2507.439402
0.333967,1,61291,1,60000,1.0215,8,30-50%,20469.171397000002
0.334069,0,204212,1,200000,1.0211,8,30-50%,68220.898628
0.334348,0,744,-1,250000,0.003,8,30-50%,248.754912
0.334447,0,0,1,130000,-0.0068,8,30-50%,0.0
0.334658,0,836,-1,30000,0.0279,8,30-50%,279.774088
0.334658,0,411,-1,30000,0.0137,8,30-50%,137.544438
0.334689,1,1522,-1,20000,0.0761,8,30-50%,509.396658
0.334702,0,59379,1,140000,0.4241,8,30-50%,19874.270058
0.335355,0,19214,-1,20000,0.9607,8,30-50%,6443.51097
0.335475,0,3775,1,180000,0.021,8,30-50%,1266.4181250000001
0.335718,0,0,-2,250000,0.0,8,30-50%,0.0
0.336087,0,0,1,20000,-0.015,8,30-50%,0.0
0.336165,1,80867,1,80000,1.0108,8,30-50%,27184.655055
0.336279,1,178,-1,30000,0.0059,8,30-50%,59.857662
0.336995,0,0,1,50000,0.0,8,30-50%,0.0
0.33733,0,0,1,140000,0.0,8,30-50%,0.0
0.337343,1,60188,1,120000,0.5016,8,30-50%,20304.000484
0.337366,0,0,-2,360000,0.0,8,30-50%,0.0
0.337611,0,0,1,90000,0.0,8,30-50%,0.0
0.33768,1,316,-1,120000,0.0026,8,30-50%,106.70688
0.338147,0,390,-1,200000,0.002,8,30-50%,131.87733
0.338576,1,0,1,210000,0.0,8,30-50%,0.0
0.338579,1,184,-1,200000,0.0009,8,30-50%,62.298536000000006
0.33888,1,56166,0,60000,0.9361,8,30-50%,19033.53408
0.338908,1,30724,1,30000,1.0241,8,30-50%,10412.609392
0.338979,1,13225,0,20000,0.6612,9,30-50%,4482.997275
0.338984,0,34069,1,50000,0.6814,9,30-50%,11548.845896
0.339171,1,9545,0,150000,0.0636,9,30-50%,3237.387195
0.340175,0,0,1,200000,-0.004,9,30-50%,0.0
0.3407,0,0,1,150000,0.0,9,30-50%,0.0
0.341101,0,1382,-1,50000,0.0276,9,30-50%,471.40158199999996
0.341257,0,0,1,50000,0.0,9,30-50%,0.0
0.341682,0,3780,-1,100000,0.0378,9,30-50%,1291.5579599999999
0.341747,1,58679,1,110000,0.5334,9,30-50%,20053.372213000002
0.341824,0,147560,1,140000,1.054,9,30-50%,50439.54944
0.341992,0,82345,0,160000,0.5147,9,30-50%,28161.331240000003
0.342235,0,0,-2,220000,0.0,9,30-50%,0.0
0.342254,0,0,1,260000,0.0,9,30-50%,0.0
0.342726,0,27660,0,30000,0.922,9,30-50%,9479.801159999999
0.342935,0,25667,1,50000,0.5133,9,30-50%,8802.112645
0.343032,0,0,1,120000,0.0,9,30-50%,0.0
0.343451,0,40048,0,70000,0.5721,9,30-50%,13754.525648
0.34362,0,6274,1,20000,0.3137,9,30-50%,2155.8718799999997
0.343649,1,48047,1,50000,0.9609,9,30-50%,16511.303503
0.343749,0,0,-2,250000,0.0,9,30-50%,0.0
0.344036,0,38811,1,50000,0.7762,9,30-50%,13352.381196
0.344412,0,12745,0,40000,0.3186,9,30-50%,4389.53094
0.344724,1,38430,1,40000,0.9608,9,30-50%,13247.74332
0.344906,0,413,-1,120000,0.0034,9,30-50%,142.446178
0.34501,0,15220,0,50000,0.3044,9,30-50%,5251.0522
0.345126,1,0,1,50000,0.0,9,30-50%,0.0
0.345133,0,322,2,60000,0.0054,9,30-50%,111.13282600000001
0.345138,0,99012,0,140000,0.7072,9,30-50%,34172.803656
0.345392,1,13817,0,20000,0.6908,9,30-50%,4772.281263999999
0.345676,0,0,1,200000,0.0,9,30-50%,0.0
0.345861,0,0,1,50000,0.0,9,30-50%,0.0
0.345862,0,3389,-1,150000,0.0226,9,30-50%,1172.126318
0.345965,0,0,1,140000,0.0,9,30-50%,0.0
0.346119,1,67328,-1,80000,0.8416,9,30-50%,23303.500032
0.346197,0,24709,0,30000,0.8236,9,30-50%,8554.181673
0.346494,0,0,1,50000,0.0,9,30-50%,0.0
0.346494,0,0,1,50000,0.0,9,30-50%,0.0
0.346522,0,991,-1,180000,0.0055,9,30-50%,343.403302
0.346696,0,19901,1,20000,0.995,9,30-50%,6899.597096
0.346943,1,360,-1,120000,0.003,9,30-50%,124.89948
0.347045,0,15703,0,20000,0.7852,9,30-50%,5449.647635
0.347117,1,0,1,90000,0.0,9,30-50%,0.0
0.347171,0,30771,1,30000,1.0257,9,30-50%,10682.798841
0.347658,0,49612,1,50000,0.9922,9,30-50%,17248.008696
0.34767,1,123184,1,120000,1.0265,9,30-50%,42827.381279999994
0.347808,0,2139,-1,140000,0.0153,9,30-50%,743.961312
0.348241,1,6395,0,290000,0.0221,9,30-50%,2227.0011950000003
0.348844,0,316,-1,110000,0.0029,9,30-50%,110.234704
0.348924,0,0,1,360000,0.0,9,30-50%,0.0
0.3493,0,16616,1,270000,0.0615,9,30-50%,5803.9688
0.34934,0,104492,1,60000,1.7415,9,30-50%,36503.23528
0.349658,0,0,1,200000,0.0,9,30-50%,0.0
0.349737,0,9721,0,10000,0.9721,9,30-50%,3399.7933770000004
0.350138,0,17868,1,240000,0.0744,9,30-50%,6256.265784
0.350333,1,47765,0,80000,0.5971,9,30-50%,16733.655745
0.351326,1,0,1,210000,0.0,9,30-50%,0.0
0.351386,0,138628,0,190000,0.7296,9,30-50%,48711.938407999995
0.351414,1,7845,-1,160000,0.049,9,30-50%,2756.84283
0.351521,1,156387,1,150000,1.0426,9,30-50%,54973.31462699999
0.351635,0,3836,0,30000,0.1279,9,30-50%,1348.87186
0.351688,0,27332,1,30000,0.9111,9,30-50%,9612.336416
0.351698,0,6128,0,20000,0.3064,9,30-50%,2155.205344
0.351854,1,8201,1,380000,0.0216,9,30-50%,2885.554654
0.351877,0,0,1,140000,0.0,9,30-50%,0.0
0.352386,0,14965,1,430000,0.0348,9,30-50%,5273.45649
0.352611,0,10805,0,30000,0.3602,9,30-50%,3809.961855
0.352901,0,12699,0,50000,0.254,9,30-50%,4481.489799
0.353118,1,0,1,360000,-0.0008,9,30-50%,0.0
0.353127,1,0,1,20000,0.0,9,30-50%,0.0
0.353264,0,15912,0,20000,0.7956,9,30-50%,5621.136768
0.35346,0,6974,0,10000,0.6974,9,30-50%,2465.03004
0.353471,0,0,1,50000,0.0,9,30-50%,0.0
0.353665,0,10305,0,30000,0.3435,9,30-50%,3644.517825
0.353678,1,0,1,250000,0.0,9,30-50%,0.0
0.35379,1,292,-1,140000,0.0021,9,30-50%,103.30668
0.354048,0,390,-1,50000,0.0078,9,30-50%,138.07871999999998
0.354569,0,29676,1,30000,0.9892,9,30-50%,10522.189644
0.354954,0,77208,1,100000,0.7721,9,30-50%,27405.288431999998
0.355033,0,28651,1,50000,0.573,9,30-50%,10172.050482999999
0.355213,0,83480,1,90000,0.9276,9,30-50%,29653.18124
0.355568,0,0,-2,360000,0.0,9,30-50%,0.0
0.3559,0,6667,0,20000,0.3334,9,30-50%,2372.7853
0.35605,1,57503,0,110000,0.5228,9,30-50%,20473.94315
0.35607,1,5285,-1,30000,0.1762,9,30-50%,1881.82995
0.356127,0,780,-1,360000,0.0022,9,30-50%,277.77906
0.356273,1,0,1,230000,0.0,9,30-50%,0.0
0.356273,0,0,1,230000,0.0,9,30-50%,0.0
0.356723,0,7102,1,360000,0.0197,9,30-50%,2533.446746
0.356886,0,0,1,180000,0.0,9,30-50%,0.0
0.35736,1,1712,-1,140000,0.0122,9,30-50%,611.80032
0.357377,0,0,1,210000,0.0,9,30-50%,0.0
0.357776,0,0,1,130000,0.0,9,30-50%,0.0
0.357883,1,2049,-1,120000,0.0171,9,30-50%,733.302267
0.358091,0,0,1,160000,0.0,9,30-50%,0.0
0.358519,1,0,1,280000,0.0,9,30-50%,0.0
0.358533,0,13621,0,20000,0.681,9,30-50%,4883.577993
0.358598,0,30347,1,30000,1.0116,9,30-50%,10882.373506
0.358605,1,64839,0,70000,0.9263,9,30-50%,23251.589595
0.358868,0,0,1,360000,-0.0003,9,30-50%,0.0
0.358926,0,24091,1,50000,0.4818,9,30-50%,8646.886266000001
0.35971,0,40910,1,40000,1.0228,9,30-50%,14715.736099999998
0.359921,1,0,1,360000,0.0,9,30-50%,0.0
0.359921,1,0,1,360000,0.0,9,30-50%,0.0
0.360095,0,31089,1,30000,1.0363,9,30-50%,11194.993455
0.360129,1,2682,-1,120000,0.0223,9,30-50%,965.8659779999999
0.36061,1,10248,0,20000,0.5124,9,30-50%,3695.5312799999997
0.36075,0,10111,-1,200000,0.0506,9,30-50%,3647.54325
0.360944,1,0,-2,300000,0.0,9,30-50%,0.0
0.361065,0,176,-1,140000,0.0013,9,30-50%,63.54744
0.36117,1,0,1,240000,0.0,9,30-50%,0.0
0.361331,1,11564,0,20000,0.5782,9,30-50%,4178.431684
0.361575,0,6565,-1,20000,0.3282,9,30-50%,2373.7398749999998
0.361655,0,148305,1,140000,1.0593,9,30-50%,53635.244775
0.361839,1,0,1,490000,-0.0,9,30-50%,0.0
0.36198,0,6954,-1,130000,0.0535,9,30-50%,2517.20892
0.362015,0,322,2,290000,0.0011,9,30-50%,116.56882999999999
0.362347,1,5525,1,160000,0.0345,9,30-50%,2001.9671749999998
0.362366,1,19403,1,20000,0.9702,9,30-50%,7030.987498
0.36254,0,0,1,280000,0.0,9,30-50%,0.0
0.36316,0,316,-1,170000,0.0019,9,30-50%,114.75855999999999
0.363269,1,16098,0,30000,0.5366,9,30-50%,5847.904362
0.36339,0,836,-1,100000,0.0084,9,30-50%,303.79404
0.363788,1,390,-1,100000,0.0039,9,30-50%,141.87732
0.364183,0,0,1,200000,-0.002,9,30-50%,0.0
0.364339,0,79237,1,70000,1.132,9,30-50%,28869.129343
0.364405,0,0,1,200000,0.0,9,30-50%,0.0
0.364477,1,29304,1,30000,0.9768,9,30-50%,10680.634007999999
0.364584,0,47220,0,70000,0.6746,9,30-50%,17215.65648
0.364699,0,0,1,60000,0.0,9,30-50%,0.0
0.364958,0,0,1,480000,0.0,9,30-50%,0.0
0.36525,1,10142,0,20000,0.5071,9,30-50%,3704.3655000000003
0.365415,1,198128,0,240000,0.8255,9,30-50%,72398.94312
0.365428,1,0,1,360000,0.0,9,30-50%,0.0
0.365712,0,13176,0,50000,0.2635,9,30-50%,4818.621311999999
0.366037,0,0,1,360000,0.0,9,30-50%,0.0
0.366242,1,6336,0,20000,0.3168,9,30-50%,2320.509312
0.366406,1,71570,1,70000,1.0224,9,30-50%,26223.67742
0.366921,0,3391,-1,210000,0.0161,9,30-50%,1244.229111
0.367017,0,36838,1,400000,0.0921,9,30-50%,13520.172246
0.367077,0,7231,0,10000,0.7231,9,30-50%,2654.333787
0.367364,1,0,1,80000,0.0,9,30-50%,0.0
0.367366,1,0,1,260000,0.0,9,30-50%,0.0
0.36746,0,1083,0,10000,0.1083,9,30-50%,397.95918
0.367515,1,53746,-1,50000,1.0749,9,30-50%,19752.461189999998
0.367578,1,18185,0,100000,0.1819,9,30-50%,6684.40593
0.36783,1,0,1,120000,0.0,9,30-50%,0.0
0.367881,0,20583,1,20000,1.0292,9,30-50%,7572.094623
0.36793,0,2006,-1,200000,0.01,9,30-50%,738.0675799999999
0.368738,1,3492,1,100000,0.0349,9,30-50%,1287.633096
0.369347,0,0,-2,380000,0.0,9,30-50%,0.0
0.369981,0,21723,1,80000,0.2715,9,30-50%,8037.097263
0.370656,1,29956,1,30000,0.9985,9,30-50%,11103.371136
0.370869,0,137706,0,140000,0.9836,9,30-50%,51070.886514
0.37112,0,780,-1,50000,0.0156,9,30-50%,289.4736
0.371214,0,0,1,50000,0.0,9,30-50%,0.0
0.371327,1,15547,0,20000,0.7774,9,30-50%,5773.020869
0.371809,1,29883,0,30000,0.9961,9,30-50%,11110.768347
0.373028,1,29864,1,400000,0.0747,9,30-50%,11140.108192000002
0.373176,0,10426,0,50000,0.2085,9,30-50%,3890.7329760000002
0.373219,0,0,1,300000,0.0,9,30-50%,0.0
0.374032,0,0,1,150000,0.0,9,30-50%,0.0
0.374168,0,0,1,360000,0.0,9,30-50%,0.0
0.374507,1,12932,0,20000,0.6466,9,30-50%,4843.124524
0.374651,0,23709,1,30000,0.7903,9,30-50%,8882.600559
0.374658,0,27609,0,30000,0.9203,9,30-50%,10343.932722
0.375688,0,104264,2,100000,1.0426,9,30-50%,39170.733632
0.375934,1,0,1,320000,0.0,9,30-50%,0.0
0.375958,1,632,-1,120000,0.0053,9,30-50%,237.605456
0.37659,0,32134,1,50000,0.6427,9,30-50%,12101.34306
0.376864,1,74850,1,500000,0.1497,9,30-50%,28208.270399999998
0.376909,1,152519,-2,200000,0.7626,9,30-50%,57485.783771
0.377015,0,0,1,100000,0.0,9,30-50%,0.0
0.377064,0,2145,-1,330000,0.0065,9,30-50%,808.80228
0.37721,0,50867,1,50000,1.0173,9,30-50%,19187.54107
0.377281,0,29002,1,30000,0.9667,9,30-50%,10941.903562
0.377907,0,0,1,290000,0.0,9,30-50%,0.0
0.378389,0,172618,1,240000,0.7192,9,30-50%,65316.752402
0.378395,0,148211,0,170000,0.8718,9,30-50%,56082.301345
0.378847,0,2489,-1,90000,0.0277,9,30-50%,942.9501829999999
0.379766,1,0,1,400000,0.0,9,30-50%,0.0
0.380111,1,8348,0,30000,0.2783,9,30-50%,3173.166628
0.380969,0,20079,1,20000,1.0039,9,30-50%,7649.476551
0.380983,1,28054,0,80000,0.3507,9,30-50%,10688.097082
0.381221,0,47262,1,60000,0.7877,9,30-50%,18017.266902
0.381347,0,20887,1,230000,0.0908,9,30-50%,7965.194789
0.382233,1,200,-1,120000,0.0017,9,30-50%,76.4466
0.382373,0,2869,-1,210000,0.0137,9,30-50%,1097.028137
0.382379,0,0,1,240000,0.0,9,30-50%,0.0
0.382708,1,2273,0,30000,0.0758,9,30-50%,869.895284
0.383686,0,0,1,400000,0.0,9,30-50%,0.0
0.383882,1,0,1,360000,0.0,9,30-50%,0.0
0.384426,1,13470,0,20000,0.6735,9,30-50%,5178.21822
0.384916,0,52180,1,50000,1.0436,9,30-50%,20084.91688
0.385749,0,289508,0,320000,0.9047,9,30-50%,111677.42149200001
0.385781,0,390,-1,50000,0.0078,9,30-50%,150.45459
0.385969,0,2415,-1,120000,0.0201,9,30-50%,932.115135
0.387141,0,314,2,180000,0.0017,9,30-50%,121.562274
0.387453,1,0,1,230000,0.0,9,30-50%,0.0
0.387765,0,106271,0,130000,0.8175,9,30-50%,41208.174315000004
0.387786,1,168708,1,280000,0.6025,9,30-50%,65422.600488000004
0.387819,0,0,1,110000,0.0,9,30-50%,0.0
0.388734,0,0,1,100000,0.0,9,30-50%,0.0
0.388921,1,43343,1,50000,0.8669,9,30-50%,16857.002903
0.38922,0,9736,-1,30000,0.3245,9,30-50%,3789.44592
0.389552,1,189697,1,190000,0.9984,9,30-50%,73896.845744
0.389776,0,14619,0,20000,0.731,9,30-50%,5698.135344
0.39003,0,4112,1,50000,0.0822,9,30-50%,1603.8033599999999
0.390358,1,0,1,420000,0.0,9,30-50%,0.0
0.390421,0,8982,0,150000,0.0599,9,30-50%,3506.761422
0.390694,0,0,1,100000,0.0,9,30-50%,0.0
0.391258,1,0,1,60000,0.0,9,30-50%,0.0
0.391312,1,390,2,50000,0.0078,9,30-50%,152.61168
0.391352,0,11310,1,40000,0.2828,9,30-50%,4426.1911199999995
0.391654,0,17816,1,180000,0.099,9,30-50%,6977.7076640000005
0.391821,0,0,1,300000,0.0,9,30-50%,0.0
0.392132,0,13168,0,20000,0.6584,9,30-50%,5163.594176
0.392464,1,25265,0,30000,0.8422,9,30-50%,9915.60296
0.392836,0,0,1,30000,0.0,9,30-50%,0.0
0.392902,0,0,1,220000,-0.0195,9,30-50%,0.0
0.392904,0,62847,1,50000,1.2569,9,30-50%,24692.837688
0.393503,0,17845,1,20000,0.8922,9,30-50%,7022.061035
0.393648,1,8102,-1,100000,0.081,9,30-50%,3189.336096
0.393776,1,32226,1,90000,0.3581,9,30-50%,12689.825376
0.393902,0,0,1,260000,0.0,9,30-50%,0.0
0.393982,1,50638,1,50000,1.0128,9,30-50%,19950.460516
0.394887,1,118107,1,260000,0.4543,9,30-50%,46638.918909
0.395352,0,6620,0,20000,0.331,9,30-50%,2617.23024
0.395358,1,10301,0,20000,0.515,9,30-50%,4072.582758
0.395958,0,117328,2,180000,0.6518,9,30-50%,46456.960223999995
0.396092,0,0,1,30000,0.0,9,30-50%,0.0
0.39617,0,10568,0,30000,0.3523,9,30-50%,4186.724560000001
0.396602,1,390,2,20000,0.0195,9,30-50%,154.67478
0.397144,0,390,-1,170000,0.0023,9,30-50%,154.88616
0.397214,0,236136,1,210000,1.1245,9,30-50%,93796.525104
0.397311,1,0,1,300000,0.0,9,30-50%,0.0
0.398293,0,0,1,210000,-0.0001,9,30-50%,0.0
0.398532,0,172505,1,180000,0.9584,9,30-50%,68748.76266
0.398547,1,72763,2,200000,0.3638,9,30-50%,28999.475360999997
0.39905,0,146549,1,180000,0.8142,9,30-50%,58480.378450000004
0.399064,0,20733,1,20000,1.0366,9,30-50%,8273.793912
0.399077,1,9841,1,10000,0.9841,9,30-50%,3927.316757
0.399125,0,655,-1,360000,0.0018,9,30-50%,261.426875
0.399216,0,61401,1,70000,0.8772,9,30-50%,24512.261616
0.399366,0,20042,2,350000,0.0573,9,30-50%,8004.093372
0.400029,0,8009,0,30000,0.267,9,30-50%,3203.832261
0.400335,0,9811,0,20000,0.4906,9,30-50%,3927.686685
0.400426,0,18743,0,20000,0.9372,9,30-50%,7505.184518
0.400726,0,350341,0,380000,0.922,9,30-50%,140390.747566
0.401234,1,343248,1,370000,0.9277,9,30-50%,137722.768032
0.401347,1,2081,-1,140000,0.0149,9,30-50%,835.203107
0.40216,0,0,1,100000,0.0,9,30-50%,0.0
0.402626,1,37017,0,70000,0.5288,9,30-50%,14904.006642
0.40263,1,390,-1,20000,0.0195,9,30-50%,157.0257
0.402887,0,326,-1,100000,0.0033,9,30-50%,131.341162
0.40294,0,47963,1,60000,0.7994,9,30-50%,19326.21122
0.402995,1,0,1,180000,0.0,9,30-50%,0.0
0.403363,0,0,1,390000,0.0,9,30-50%,0.0
0.403482,1,11332,0,70000,0.1619,9,30-50%,4572.258024
0.403684,0,77389,1,80000,0.9674,9,30-50%,31240.701075999998
0.404013,0,0,1,220000,0.0,9,30-50%,0.0
0.404206,1,126701,1,130000,0.9746,9,30-50%,51213.304406
0.404249,1,44487,0,50000,0.8897,9,30-50%,17983.825263000002
0.404254,1,41641,0,50000,0.8328,9,30-50%,16833.540814
0.405119,0,1959,-1,50000,0.0392,9,30-50%,793.628121
0.405285,0,81635,1,80000,1.0204,9,30-50%,33085.440975
0.405591,0,39826,1,40000,0.9956,9,30-50%,16153.067165999999
0.405874,1,24166,8,20000,1.2083,9,30-50%,9808.351084
0.405981,1,5412,1,70000,0.0773,9,30-50%,2197.169172
0.406039,1,0,1,80000,0.0,9,30-50%,0.0
0.406721,0,1877,-1,150000,0.0125,9,30-50%,763.415317
0.408092,0,263,-1,50000,0.0053,9,30-50%,107.328196
0.408298,0,0,1,300000,0.0,9,30-50%,0.0
0.408771,0,44531,1,50000,0.8906,9,30-50%,18202.981401
0.408896,0,0,1,280000,0.0,9,30-50%,0.0
0.409516,0,1381,2,260000,0.0053,9,30-50%,565.541596
0.409808,0,27369,1,50000,0.5474,9,30-50%,11216.035152
0.409827,0,0,1,290000,0.0,9,30-50%,0.0
0.411181,1,81606,1,80000,1.0201,9,30-50%,33554.836686
0.411389,0,18455,1,20000,0.9228,9,30-50%,7592.183995
0.412787,0,29095,1,30000,0.9698,9,30-50%,12010.037765000001
0.413196,0,19029,1,50000,0.3806,9,30-50%,7862.706684
0.413304,1,25123,0,50000,0.5025,9,30-50%,10383.436392
0.413342,1,390,-1,20000,0.0195,9,30-50%,161.20337999999998
0.413344,1,650,1,120000,0.0054,9,30-50%,268.67359999999996
0.413417,0,48657,1,50000,0.9731,9,30-50%,20115.630968999998
0.414988,1,9,-1,360000,0.0,9,30-50%,3.7348920000000003
0.415218,0,360,2,170000,0.0021,9,30-50%,149.47848
0.415664,0,6226,1,50000,0.1245,9,30-50%,2587.924064
0.415837,1,390,2,90000,0.0043,9,30-50%,162.17643
0.416033,1,0,1,140000,0.0,9,30-50%,0.0
0.416483,1,16289,1,20000,0.8144,9,30-50%,6784.091587
0.416714,0,30349,1,30000,1.0116,9,30-50%,12646.853185999998
0.417133,1,29201,1,30000,0.9734,9,30-50%,12180.700733
0.417449,1,0,1,360000,0.0,9,30-50%,0.0
0.417449,1,0,1,360000,0.0,9,30-50%,0.0
0.417777,0,10562,0,30000,0.3521,9,30-50%,4412.560674
0.417885,0,20036,1,20000,1.0018,9,30-50%,8372.74386
0.418313,0,40712,1,160000,0.2544,9,30-50%,17030.358856
0.418483,0,15945,0,20000,0.7972,9,30-50%,6672.711435
0.418582,0,1170,-1,170000,0.0069,9,30-50%,489.74094
0.419005,0,17207,1,180000,0.0956,9,30-50%,7209.819035
0.41904,1,0,1,180000,0.0,9,30-50%,0.0
0.419593,1,23165,1,50000,0.4633,9,30-50%,9719.871845
0.420041,0,3975,0,20000,0.1988,9,30-50%,1669.662975
0.420216,1,29147,1,30000,0.9716,9,30-50%,12248.035752
0.420384,1,1857,-1,160000,0.0116,9,30-50%,780.6530879999999
0.421291,0,29846,1,30000,0.9949,9,30-50%,12573.851186000002
0.421326,0,0,1,10000,0.0,9,30-50%,0.0
0.421606,1,581,2,30000,0.0194,9,30-50%,244.95308599999998
0.421642,0,4060,0,10000,0.406,9,30-50%,1711.86652
0.421696,0,0,1,370000,0.0,9,30-50%,0.0
0.421754,0,51086,1,50000,1.0217,9,30-50%,21545.724844
0.42182,0,3286,0,20000,0.1643,9,30-50%,1386.10052
0.423015,0,85738,1,80000,1.0717,9,30-50%,36268.46007
0.423333,0,49617,1,50000,0.9923,9,30-50%,21004.513461000002
0.423483,1,71237,0,70000,1.0177,9,30-50%,30167.658471
0.424423,1,103307,1,100000,1.0331,9,30-50%,43845.866861
0.424949,1,124425,1,240000,0.5184,9,30-50%,52874.279325
0.425561,0,11574,0,100000,0.1157,9,30-50%,4925.443014
0.426189,0,115027,2,80000,1.4378,9,30-50%,49023.242103
0.427141,1,93658,1,150000,0.6244,9,30-50%,40005.171777999996
0.427248,1,0,1,40000,-0.0038,9,30-50%,0.0
0.428086,0,1782,3,180000,0.0099,9,30-50%,762.8492520000001
0.428412,1,0,1,230000,0.0,9,30-50%,0.0
0.428518,0,196192,1,250000,0.7848,9,30-50%,84071.80345600001
0.42857,1,4400,0,20000,0.22,9,30-50%,1885.708
0.429732,0,56340,1,80000,0.7042,9,30-50%,24211.10088
0.429771,0,310392,1,310000,1.0013,9,30-50%,133397.480232
0.429953,1,99679,1,100000,0.9968,9,30-50%,42857.285087
0.430754,0,390,2,30000,0.013,9,30-50%,167.99406000000002
0.431124,1,650,-1,220000,0.003,9,30-50%,280.2306
0.431911,0,143673,1,140000,1.0262,9,30-50%,62053.949103
0.432277,0,5397,1,20000,0.2698,9,30-50%,2332.998969
0.43249,1,0,1,140000,0.0,9,30-50%,0.0
0.432531,1,8720,0,20000,0.436,9,30-50%,3771.67032
0.432937,1,84720,1,80000,1.059,9,30-50%,36678.422640000004
0.433144,0,26624,1,210000,0.1268,9,30-50%,11532.025856
0.43355,1,49206,1,50000,0.9841,9,30-50%,21333.2613
0.433604,1,24238,0,30000,0.8079,9,30-50%,10509.693752
0.433952,0,0,1,220000,0.0,9,30-50%,0.0
0.434343,1,582,-1,130000,0.0045,9,30-50%,252.787626
0.434794,1,390,-1,20000,0.0195,9,30-50%,169.56966
0.434846,1,16747,1,50000,0.3349,9,30-50%,7282.365962
0.435333,0,110593,1,110000,1.0054,9,30-50%,48144.782469000005
0.436001,0,0,1,20000,0.0,9,30-50%,0.0
0.436326,1,27231,1,50000,0.5446,9,30-50%,11881.593306
0.436672,1,74328,1,80000,0.9291,9,30-50%,32456.956416
0.436859,0,0,1,250000,0.0,9,30-50%,0.0
0.43708,1,181339,1,200000,0.9067,9,30-50%,79259.65012
0.437233,1,47731,1,50000,0.9546,9,30-50%,20869.568323
0.437719,1,5945,0,20000,0.2972,9,30-50%,2602.2394550000004
0.438055,0,34443,1,50000,0.6889,9,30-50%,15087.928365000002
0.4382,0,2905,-1,200000,0.0145,9,30-50%,1272.971
0.438319,1,26461,0,40000,0.6615,9,30-50%,11598.359059
0.439016,1,10448,1,110000,0.095,9,30-50%,4586.839168
0.439082,0,15226,0,20000,0.7613,9,30-50%,6685.462532
0.439116,0,18623,0,20000,0.9312,9,30-50%,8177.657268
0.439898,1,10560,0,60000,0.176,9,30-50%,4645.32288
0.439984,1,0,1,360000,0.0,9,30-50%,0.0
0.440171,0,29628,1,30000,0.9876,9,30-50%,13041.386387999999
0.44059,0,34954,1,90000,0.3884,9,30-50%,15400.38286
0.441189,0,199417,1,200000,0.9971,9,30-50%,87980.586813
0.441602,1,152699,1,160000,0.9544,9,30-50%,67432.183798
0.442603,0,100364,1,160000,0.6273,9,30-50%,44421.407492000006
0.442959,1,54977,1,300000,0.1833,9,30-50%,24352.556943
0.444123,0,8393,1,10000,0.8393,9,30-50%,3727.524339
0.444162,0,3730,1,120000,0.0311,9,30-50%,1656.72426
0.444285,1,0,1,360000,0.0,9,30-50%,0.0
0.444781,0,17040,1,20000,0.852,9,30-50%,7579.06824
0.445039,0,18534,1,20000,0.9267,9,30-50%,8248.352826
0.446054,1,0,1,300000,0.0,9,30-50%,0.0
0.446366,0,780,-1,20000,0.039,9,30-50%,348.16548
0.446629,0,5186,0,10000,0.5186,9,30-50%,2316.217994
0.447881,1,7128,1,110000,0.0648,9,30-50%,3192.4957679999998
0.44823,0,30175,1,70000,0.4311,9,30-50%,13525.340250000001
0.449179,1,46868,2,30000,1.5623,9,30-50%,21052.121372
0.449304,0,136183,1,140000,0.9727,9,30-50%,61187.566631999995
0.450306,1,0,1,130000,0.0,9,30-50%,0.0
0.450625,0,139058,1,140000,0.9933,9,30-50%,62663.01125
0.450682,0,1978,-1,40000,0.0494,9,30-50%,891.4489960000001
0.450951,0,2673,-2,80000,0.0334,9,30-50%,1205.3920229999999
0.451066,0,652,-1,120000,0.0054,9,30-50%,294.095032
0.451255,1,21397,0,50000,0.4279,9,30-50%,9655.503235
0.452009,0,26921,1,30000,0.8974,9,30-50%,12168.534289
0.452507,0,0,1,710000,0.0,9,30-50%,0.0
0.452585,0,11106,-1,140000,0.0793,9,30-50%,5026.40901
0.452671,1,19109,1,20000,0.9554,9,30-50%,8650.090139
0.452763,1,1835,-1,120000,0.0153,9,30-50%,830.820105
0.45321,0,259,-1,80000,0.0032,9,30-50%,117.38139
0.453283,0,20544,1,60000,0.3424,9,30-50%,9312.245952
0.453669,0,0,1,20000,0.0,9,30-50%,0.0
0.454284,0,5741,-1,20000,0.2871,9,30-50%,2608.044444
0.455207,0,0,1,20000,0.0,9,30-50%,0.0
0.455372,1,150,3,60000,0.0025,9,30-50%,68.3058
0.455661,1,19698,1,20000,0.9849,9,30-50%,8975.610378
0.455791,1,31708,1,100000,0.3171,9,30-50%,14452.221028
0.455842,0,48518,1,50000,0.9704,9,30-50%,22116.542156
0.455898,1,49808,1,60000,0.8301,9,30-50%,22707.367584
0.457252,0,26026,1,30000,0.8675,9,30-50%,11900.440552
0.457399,0,203385,1,200000,1.0169,9,30-50%,93028.095615
0.457809,0,3610,0,60000,0.0602,9,30-50%,1652.6904900000002
0.458178,1,0,1,360000,0.0,9,30-50%,0.0
0.458209,1,1156,-1,70000,0.0165,9,30-50%,529.6896039999999
0.458888,0,39772,1,90000,0.4419,9,30-50%,18250.893536
0.458939,1,26957,1,50000,0.5391,9,30-50%,12371.618623
0.460338,1,31529,1,140000,0.2252,9,30-50%,14513.996802000001
0.460815,1,0,1,360000,0.0,9,30-50%,0.0
0.461841,0,14757,0,20000,0.7378,9,30-50%,6815.387637
0.461887,0,32578,1,60000,0.543,9,30-50%,15047.354686
0.462253,0,5420,1,140000,0.0387,9,30-50%,2505.4112600000003
0.462707,0,11271,0,20000,0.5636,9,30-50%,5215.170596999999
0.462759,0,13135,0,30000,0.4378,9,30-50%,6078.339465
0.462982,0,919,-1,180000,0.0051,9,30-50%,425.480458
0.463034,1,32755,5,30000,1.0918,9,30-50%,15166.67867
0.463243,1,5713,-1,50000,0.1143,9,30-50%,2646.507259
0.463272,0,26690,1,30000,0.8897,9,30-50%,12364.72968
0.463317,1,7127,1,100000,0.0713,9,30-50%,3302.060259
0.46384,1,108580,1,180000,0.6032,9,30-50%,50363.7472
0.464066,0,28037,1,30000,0.9346,9,30-50%,13011.018441999999
0.465531,0,10171,1,10000,1.0171,9,30-50%,4734.915801
0.465531,0,12060,1,20000,0.603,9,30-50%,5614.30386
0.466711,1,298343,1,320000,0.9323,9,30-50%,139239.95987299999
0.466998,1,72652,1,100000,0.7265,9,30-50%,33928.338696
0.466999,0,9600,-1,30000,0.32,9,30-50%,4483.1904
0.467615,0,199,-1,280000,0.0007,9,30-50%,93.055385
0.469251,1,28084,1,30000,0.9361,9,30-50%,13178.445083999999
0.469666,1,61245,2,400000,0.1531,9,30-50%,28764.69417
0.470099,0,0,1,180000,0.0,9,30-50%,0.0
0.470919,1,0,1,360000,0.0,9,30-50%,0.0
0.471225,0,18551,1,20000,0.9276,9,30-50%,8741.694975
0.471483,0,21769,1,20000,1.0884,9,30-50%,10263.713426999999
0.471567,0,18953,1,20000,0.9476,9,30-50%,8937.609351000001
0.471739,0,31986,1,30000,1.0662,9,30-50%,15089.043654000001
0.471793,1,203108,1,200000,1.0155,9,30-50%,95824.932644
0.473199,1,78976,1,90000,0.8775,9,30-50%,37371.364224
0.473325,0,173564,1,290000,0.5985,9,30-50%,82152.18029999999
0.474336,1,30997,1,80000,0.3875,9,30-50%,14702.992992
0.475473,1,465,-1,50000,0.0093,9,30-50%,221.094945
0.475517,0,25932,1,50000,0.5186,9,30-50%,12331.106844
0.47573,0,142,-1,30000,0.0047,9,30-50%,67.55366
0.476174,1,0,1,500000,0.0,9,30-50%,0.0
0.47644,1,51345,1,100000,0.5134,9,30-50%,24462.8118
0.476639,1,13473,-1,50000,0.2695,9,30-50%,6421.757247
0.476992,0,13012,1,30000,0.4337,9,30-50%,6206.619904
0.477226,1,31273,5,30000,1.0424,9,30-50%,14924.288698
0.477543,1,5607,1,150000,0.0374,9,30-50%,2677.583601
0.478507,0,0,1,90000,0.0,9,30-50%,0.0
0.47853,1,631,1,250000,0.0025,9,30-50%,301.95243
0.478951,0,0,1,130000,0.0,9,30-50%,0.0
0.479881,0,1728,-1,180000,0.0096,9,30-50%,829.234368
0.480136,1,4040,1,50000,0.0808,9,30-50%,1939.74944
0.480168,0,19276,1,20000,0.9638,9,30-50%,9255.718368
0.480826,1,0,1,120000,0.0,9,30-50%,0.0
0.480952,1,68423,1,80000,0.8553,9,30-50%,32908.178696
0.481417,1,61584,1,90000,0.6843,9,30-50%,29647.584528
0.481606,1,130215,1,140000,0.9301,9,30-50%,62712.32529
0.481974,1,40624,1,50000,0.8125,9,30-50%,19579.711776
0.482288,0,18649,1,20000,0.9324,9,30-50%,8994.188912
0.483755,1,57285,1,60000,0.9548,9,30-50%,27711.905175
0.484368,0,291,-1,190000,0.0015,9,30-50%,140.951088
0.484639,1,17629,1,20000,0.8814,9,30-50%,8543.700931
0.484868,1,1536,2,140000,0.011,9,30-50%,744.757248
0.484946,0,776,2,140000,0.0055,9,30-50%,376.31809599999997
0.485942,0,21151,5,20000,1.0576,9,30-50%,10278.159242
0.487064,1,16332,1,20000,0.8166,9,30-50%,7954.729248
0.487521,0,217638,2,220000,0.9893,9,30-50%,106103.09539799999
0.487811,0,10361,1,300000,0.0345,9,30-50%,5054.209771
0.488212,0,5620,0,50000,0.1124,9,30-50%,2743.75144
0.488261,0,48212,1,50000,0.9642,9,30-50%,23540.039332
0.488334,0,42053,1,80000,0.5257,9,30-50%,20535.909702
0.488477,0,15214,1,50000,0.3043,9,30-50%,7431.689078
0.488492,0,52623,1,120000,0.4385,9,30-50%,25705.914516
0.490464,1,3635,-1,70000,0.0519,9,30-50%,1782.83664
0.491187,0,8315,0,10000,0.8315,9,30-50%,4084.219905
0.492541,1,27044,1,100000,0.2704,9,30-50%,13320.278804
0.493203,0,20065,1,50000,0.4013,9,30-50%,9896.118195000001
0.493793,0,9958,1,40000,0.249,9,30-50%,4917.190694
0.494414,1,19328,1,20000,0.9664,9,30-50%,9556.033792
0.495446,1,12190,-1,120000,0.1016,9,30-50%,6039.48674
0.496158,1,15399,1,20000,0.77,9,30-50%,7640.337042
0.496576,0,18548,1,20000,0.9274,9,30-50%,9210.491648000001
0.496713,0,97002,1,100000,0.97,9,30-50%,48182.154426
0.497139,1,1989,2,160000,0.0124,9,30-50%,988.809471
0.497357,1,129497,1,140000,0.925,9,30-50%,64406.239429
0.497379,0,24095,1,30000,0.8032,9,30-50%,11984.347005
0.497526,0,31529,2,30000,1.051,9,30-50%,15686.497254
0.498047,1,0,1,20000,-0.0056,9,30-50%,0.0
0.498089,1,9352,1,20000,0.4676,9,30-50%,4658.128328
0.499081,1,14181,1,20000,0.709,9,30-50%,7077.467661
0.499094,1,67046,1,80000,0.8381,9,30-50%,33462.256324
0.499145,0,9462,1,230000,0.0411,9,30-50%,4722.90999
0.5002,0,91296,1,140000,0.6521,9,50%+,45666.2592
0.5006,0,26330,1,30000,0.8777,9,50%+,13180.798
0.501815,1,25193,1,30000,0.8398,9,50%+,12642.225295
0.502327,0,60707,2,60000,1.0118,9,50%+,30494.765188999998
0.504674,0,103181,2,140000,0.737,9,50%+,52072.767993999994
0.505248,1,112662,8,90000,1.2518,9,50%+,56922.250176
0.505581,1,6056,1,100000,0.0606,9,50%+,3061.798536
0.505629,1,12564,1,20000,0.6282,9,50%+,6352.722756
0.506173,0,22212,1,60000,0.3702,9,50%+,11243.114676
0.506872,0,3144,1,100000,0.0314,9,50%+,1593.605568
0.50762,1,15189,0,20000,0.7594,9,50%+,7710.24018
0.50972,0,21047,1,70000,0.3007,9,50%+,10728.07684
0.510221,1,3677,0,20000,0.1839,9,50%+,1876.082617
0.510742,1,51300,4,50000,1.026,9,50%+,26201.0646
0.510785,0,4867,1,130000,0.0374,9,50%+,2485.990595
0.511965,0,109636,1,110000,0.9967,9,50%+,56129.79474
0.512427,0,46657,1,110000,0.4242,9,50%+,23908.306538999997
0.512558,0,35771,1,40000,0.8943,9,50%+,18334.712217999997
0.513088,1,189724,1,230000,0.8249,9,50%+,97345.107712
0.514004,0,85997,1,90000,0.9555,9,50%+,44202.801988
0.515307,1,25907,1,30000,0.8636,9,50%+,13350.058448999998
0.515696,0,23132,1,90000,0.257,9,50%+,11929.079872
0.516499,0,25933,1,40000,0.6483,9,50%+,13394.368567000001
0.516608,1,14960,1,70000,0.2137,9,50%+,7728.455679999999
0.517734,0,8347,-1,30000,0.2782,9,50%+,4321.525698
0.518,0,16354,1,70000,0.2336,9,50%+,8471.372
0.518495,0,3213,1,30000,0.1071,9,50%+,1665.9244350000001
0.51962,1,24135,1,50000,0.4827,9,50%+,12541.028699999999
0.520041,1,74453,2,170000,0.438,9,50%+,38718.612573
0.52014,0,40527,1,50000,0.8105,9,50%+,21079.713780000002
0.520397,1,6025,1,20000,0.3012,9,50%+,3135.391925
0.520776,0,26915,1,50000,0.5383,9,50%+,14016.68604
0.521397,1,18590,1,20000,0.9295,9,50%+,9692.77023
0.521687,0,11391,0,20000,0.5696,9,50%+,5942.536617
0.521758,0,6898,1,10000,0.6898,9,50%+,3599.0866840000003
0.522219,0,20985,1,30000,0.6995,9,50%+,10958.765715
0.522361,1,17775,1,30000,0.5925,9,50%+,9284.966774999999
0.52296,1,10033,1,30000,0.3344,9,50%+,5246.85768
0.523465,0,18544,1,50000,0.3709,9,50%+,9707.13496
0.523811,0,632,-1,20000,0.0316,9,50%+,331.04855200000003
0.524029,1,1033,2,150000,0.0069,9,50%+,541.321957
0.524375,0,1123,-1,30000,0.0374,9,50%+,588.8731250000001
0.52448,0,16063,1,30000,0.5354,9,50%+,8424.72224
0.524495,0,104307,1,200000,0.5215,9,50%+,54708.499965
0.524674,1,31336,1,50000,0.6267,9,50%+,16441.184463999998
0.524741,0,5942,0,70000,0.0849,9,50%+,3118.011022
0.524862,0,28864,1,30000,0.9621,9,50%+,15149.616768000002
0.524958,0,17970,1,20000,0.8985,9,50%+,9433.495260000002
0.525132,0,54084,2,50000,1.0817,9,50%+,28401.239088000002
0.5254,0,6681,1,90000,0.0742,9,50%+,3510.1974
0.526038,0,0,1,80000,0.0,9,50%+,0.0
0.526457,1,33181,6,30000,1.106,9,50%+,17468.369716999998
0.5303,1,24921,1,30000,0.8307,9,50%+,13215.6063
0.530534,1,146023,1,140000,1.043,9,50%+,77470.16628199999
0.530912,1,19649,1,50000,0.393,9,50%+,10431.889888000002
0.530927,1,10248,1,20000,0.5124,9,50%+,5440.939896000001
0.531599,0,19369,2,20000,0.9684,9,50%+,10296.541031
0.53224,1,37647,8,50000,0.7529,9,50%+,20037.23928
0.532461,0,5909,0,20000,0.2954,9,50%+,3146.3120489999997
0.534056,0,8846,1,10000,0.8846,9,50%+,4724.259376
0.534791,0,12088,1,70000,0.1727,9,50%+,6464.553608
0.535085,1,11691,0,20000,0.5846,9,50%+,6255.678735
0.53538,1,200,2,50000,0.004,9,50%+,107.076
0.537407,1,25547,1,60000,0.4258,9,50%+,13729.136628999999
0.537439,1,1137,-1,440000,0.0026,9,50%+,611.068143
0.53837,1,390,2,50000,0.0078,9,50%+,209.9643
0.538755,0,14123,0,20000,0.7062,9,50%+,7608.836865
0.539091,1,21031,1,50000,0.4206,9,50%+,11337.622820999999
0.539464,1,32814,1,50000,0.6563,9,50%+,17701.971696
0.539511,0,19388,1,20000,0.9694,9,50%+,10460.039267999999
0.540342,1,57396,2,50000,1.1479,9,50%+,31013.469431999998
0.540475,0,0,1,20000,0.0,9,50%+,0.0
0.540612,0,3413,-1,20000,0.1706,9,50%+,1845.1087559999999
0.540725,1,13890,1,30000,0.463,9,50%+,7510.67025
0.541508,1,33991,1,50000,0.6798,9,50%+,18406.398428
0.541508,1,51814,1,50000,1.0363,9,50%+,28057.695512
0.5416,1,598,-1,160000,0.0037,9,50%+,323.8768
0.541753,0,216657,2,500000,0.4333,9,50%+,117374.579721
0.542927,0,234069,2,200000,1.1703,9,50%+,127082.37996300001
0.545726,0,16253,1,60000,0.2709,9,50%+,8869.684678000001
0.546218,0,10330,-1,30000,0.3443,9,50%+,5642.4319399999995
0.546711,0,16217,1,50000,0.3243,9,50%+,8866.012287
0.546905,0,2700,2,70000,0.0386,9,50%+,1476.6435
0.547146,1,1472,1,20000,0.0736,9,50%+,805.398912
0.547684,1,2496,0,10000,0.2496,9,50%+,1367.0192639999998
0.548503,0,46750,5,50000,0.935,9,50%+,25642.515249999997
0.54938,1,7384,0,20000,0.3692,9,50%+,4056.62192
0.550869,1,43356,1,60000,0.7226,9,50%+,23883.476364000002
0.551019,1,55028,2,50000,1.1006,9,50%+,30321.473532000004
0.552309,0,116344,1,120000,0.9695,9,50%+,64257.83829600001
0.552619,1,75222,2,80000,0.9403,9,50%+,41569.106417999996
0.553551,1,11223,1,30000,0.3741,9,50%+,6212.502873
0.553752,0,2887,-1,10000,0.2887,9,50%+,1598.682024
0.55483,0,17654,1,50000,0.3531,9,50%+,9794.96882
0.55564,1,303926,1,320000,0.9498,9,50%+,168873.44264
0.557224,1,51264,2,50000,1.0253,9,50%+,28565.531136
0.558232,1,10211,1,30000,0.3404,9,50%+,5700.106951999999
0.55879,1,50136,2,50000,1.0027,9,50%+,28015.49544
0.5598,0,71501,3,70000,1.0214,9,50%+,40026.2598
0.56052,1,11167,1,30000,0.3722,9,50%+,6259.326840000001
0.560705,0,30562,4,30000,1.0187,9,50%+,17136.26621
0.56096,0,2183,2,130000,0.0168,9,50%+,1224.57568
0.562254,1,52156,2,50000,1.0431,9,50%+,29324.919624000002
0.562431,1,11763,1,50000,0.2353,9,50%+,6615.8758530000005
0.564008,1,92033,2,70000,1.3148,9,50%+,51907.34826399999
0.564111,0,67607,2,70000,0.9658,9,50%+,38137.852377
0.564243,1,106989,2,100000,1.0699,9,50%+,60367.794327
0.564936,0,24724,2,50000,0.4945,9,50%+,13967.477664
0.565011,0,99568,2,30000,3.0,10,50%+,56257.015248
0.565041,0,15526,1,20000,0.7763,10,50%+,8772.826566
0.565051,1,10774,1,20000,0.5387,10,50%+,6087.859474
0.565057,1,14008,1,50000,0.2802,10,50%+,7915.318456000001
0.565107,0,23031,1,30000,0.7677,10,50%+,13014.979317000001
0.565403,1,133424,1,180000,0.7412,10,50%+,75438.329872
0.565539,1,4697,1,20000,0.2348,10,50%+,2656.336683
0.565805,1,23751,1,50000,0.475,10,50%+,13438.434555
0.565952,1,13708,2,80000,0.1714,10,50%+,7758.070016000001
0.566275,1,16335,1,20000,0.8168,10,50%+,9250.102125
0.566356,1,47349,2,50000,0.947,10,50%+,26816.390244
0.568092,1,28852,2,30000,0.9617,10,50%+,16390.590384000003
0.568145,0,48690,2,50000,0.9738,10,50%+,27662.980050000002
0.568277,0,76414,2,80000,0.9552,10,50%+,43424.318678
0.568638,1,96343,-1,110000,0.8758,10,50%+,54784.290834
0.568675,1,153364,1,190000,0.8072,10,50%+,87214.2727
0.569027,0,89595,2,110000,0.8145,10,50%+,50981.974064999995
0.569498,1,1310,2,180000,0.0073,10,50%+,746.04238
0.57126,0,17292,1,50000,0.3458,10,50%+,9878.22792
0.571599,1,8055,1,30000,0.2685,10,50%+,4604.229945
0.573202,0,303719,1,200000,1.5186,10,50%+,174092.338238
0.573389,1,8917,1,50000,0.1783,10,50%+,5112.909713
0.573839,1,506515,2,280000,1.809,10,50%+,290658.061085
0.574605,1,22007,1,60000,0.3668,10,50%+,12645.332235
0.574983,0,38001,2,30000,1.2667,10,50%+,21849.928983
0.575255,1,25179,1,90000,0.2798,10,50%+,14484.345645
0.575899,1,23421,2,30000,0.7807,10,50%+,13488.130479000001
0.577462,1,48259,2,50000,0.9652,10,50%+,27867.738658000002
0.580197,0,2013,1,20000,0.1006,10,50%+,1167.936561
0.583934,1,29742,2,30000,0.9914,10,50%+,17367.365028
0.585375,1,204297,2,190000,1.0752,10,50%+,119590.35637499999
0.585406,0,170485,2,170000,1.0029,10,50%+,99802.94191
0.585498,1,61143,2,50000,1.2229,10,50%+,35799.104214
0.58618,1,11586,1,20000,0.5793,10,50%+,6791.48148
0.587778,1,58934,2,80000,0.7367,10,50%+,34640.108652
0.587885,1,3717,1,10000,0.3717,10,50%+,2185.168545
0.587956,1,38228,1,70000,0.5461,10,50%+,22476.381968
0.588195,1,136308,2,140000,0.9736,10,50%+,80175.68406
0.588569,1,59748,2,60000,0.9958,10,50%+,35165.820612
0.589812,1,18355,2,20000,0.9178,10,50%+,10825.99926
0.590323,1,150,3,50000,0.003,10,50%+,88.54845
0.590946,1,90476,2,150000,0.6032,10,50%+,53466.430296
0.591397,1,8557,1,20000,0.4278,10,50%+,5060.584129
0.592407,0,108180,2,110000,0.9835,10,50%+,64086.58926
0.593457,0,20155,2,20000,1.0078,10,50%+,11961.125835
0.593666,0,9303,1,30000,0.3101,10,50%+,5522.874798
0.594593,0,1660,3,30000,0.0553,10,50%+,987.0243800000001
0.596957,0,1742,-1,30000,0.0581,10,50%+,1039.8990939999999
0.597533,0,17301,1,30000,0.5767,10,50%+,10337.918432999999
0.59756,1,47987,2,50000,0.9597,10,50%+,28675.11172
0.598098,1,90226,2,90000,1.0025,10,50%+,53963.990148000004
0.598101,1,90822,5,100000,0.9082,10,50%+,54320.729022
0.598258,0,56251,2,50000,1.125,10,50%+,33652.610757999995
0.598778,0,7979,1,20000,0.399,10,50%+,4777.649662
0.598782,1,29774,3,30000,0.9925,10,50%+,17828.135268
0.600357,0,27954,2,30000,0.9318,10,50%+,16782.379578
0.602013,0,9080,1,20000,0.454,10,50%+,5466.27804
0.602341,1,79629,2,80000,0.9954,10,50%+,47963.811489
0.603062,0,49946,2,50000,0.9989,10,50%+,30120.534652
0.604676,1,17781,2,20000,0.889,10,50%+,10751.743956
0.604902,0,7189,1,20000,0.3594,10,50%+,4348.640478
0.605168,0,58850,2,80000,0.7356,10,50%+,35614.1368
0.605174,1,16942,8,20000,0.8471,10,50%+,10252.857908
0.606908,1,8357,1,10000,0.8357,10,50%+,5071.930156
0.607033,0,54506,4,60000,0.9084,10,50%+,33086.940698000006
0.608268,1,49873,2,50000,0.9975,10,50%+,30336.149964
0.610087,1,139983,2,160000,0.8749,10,50%+,85401.80852100001
0.61061,1,78874,2,50000,1.5775,10,50%+,48161.25314
0.611666,1,35991,2,30000,1.1997,10,50%+,22014.471006
0.61183,0,9670,1,100000,0.0967,10,50%+,5916.3961
0.612278,0,38741,2,40000,0.9685,10,50%+,23720.261997999998
0.612287,1,100304,2,100000,1.003,10,50%+,61414.835248
0.613349,0,29944,4,30000,0.9981,10,50%+,18366.122456
0.613379,1,27548,2,50000,0.551,10,50%+,16897.364692
0.613418,1,52062,2,80000,0.6508,10,50%+,31935.767916
0.613705,1,32202,2,60000,0.5367,10,50%+,19762.52841
0.614994,1,11074,1,40000,0.2768,10,50%+,6810.443556
0.615613,1,15557,1,20000,0.7778,10,50%+,9577.091440999999
0.616403,0,95926,2,100000,0.9593,10,50%+,59129.074178
0.616507,0,24054,2,400000,0.0601,10,50%+,14829.459378000001
0.617064,0,14380,1,20000,0.719,10,50%+,8873.380319999998
0.61729,1,5699,1,10000,0.5699,10,50%+,3517.93571
0.61794,1,19401,2,20000,0.97,10,50%+,11988.65394
0.619598,1,4231,1,10000,0.4231,10,50%+,2621.519138
0.620192,0,56685,2,60000,0.9448,10,50%+,35155.58352
0.620552,0,300,2,30000,0.01,10,50%+,186.16559999999998
0.620592,1,155351,2,100000,1.5535,10,50%+,96409.587792
0.621065,0,160189,2,170000,0.9423,10,50%+,99487.78128499999
0.621174,0,1000,2,450000,0.0022,10,50%+,621.174
0.621352,0,69707,2,30000,2.3236,10,50%+,43312.583864
0.621453,0,5931,1,50000,0.1186,10,50%+,3685.837743
0.621957,1,5613,1,20000,0.2806,10,50%+,3491.044641
0.621971,1,225995,2,380000,0.5947,10,50%+,140562.336145
0.622231,1,70659,2,70000,1.0094,10,50%+,43966.220229
0.622275,1,20014,4,20000,1.0007,10,50%+,12454.21185
0.622676,1,50345,2,50000,1.0069,10,50%+,31348.62322
0.622822,1,81712,2,80000,1.0214,10,50%+,50892.031264
0.622907,1,30324,2,30000,1.0108,10,50%+,18889.031868
0.623684,0,19175,2,20000,0.9588,10,50%+,11959.1407
0.623763,1,38370,2,80000,0.4796,10,50%+,23933.78631
0.624245,1,48283,2,50000,0.9657,10,50%+,30140.421335000003
0.624394,0,84630,2,220000,0.3847,10,50%+,52842.46422
0.624514,0,29608,2,30000,0.9869,10,50%+,18490.610512
0.624572,0,25274,2,20000,1.2637,10,50%+,15785.432728
0.624799,1,234752,1,270000,0.8695,10,50%+,146672.814848
0.624946,1,1500,2,160000,0.0094,10,50%+,937.419
0.62622,1,4743,1,30000,0.1581,10,50%+,2970.16146
0.627517,1,3177,2,80000,0.0397,10,50%+,1993.621509
0.629205,1,55337,2,150000,0.3689,10,50%+,34818.317085
0.629777,1,499024,2,470000,1.0618,10,50%+,314273.83764800004
0.629882,0,46224,2,150000,0.3082,10,50%+,29115.665568000004
0.630052,0,20549,2,20000,1.0274,10,50%+,12946.938547999998
0.630137,1,15794,2,20000,0.7897,10,50%+,9952.383778
0.630297,1,27783,2,30000,0.9261,10,50%+,17511.541551
0.630346,1,266270,2,310000,0.8589,10,50%+,167842.22942
0.630765,1,120844,2,130000,0.9296,10,50%+,76224.16566
0.630895,0,46913,2,50000,0.9383,10,50%+,29597.177134999998
0.631314,0,5016,2,50000,0.1003,10,50%+,3166.671024
0.631415,1,97531,2,290000,0.3363,10,50%+,61582.53636499999
0.631511,0,43533,2,60000,0.7256,10,50%+,27491.568363000002
0.631961,0,18275,2,50000,0.3655,10,50%+,11549.087275
0.632538,1,77142,2,80000,0.9643,10,50%+,48795.246396
0.632696,0,256402,3,270000,0.9496,10,50%+,162224.519792
0.633474,0,8352,1,10000,0.8352,10,50%+,5290.774848
0.633498,0,50583,2,50000,1.0117,10,50%+,32044.229334
0.633578,0,168501,2,160000,1.0531,10,50%+,106758.52657799999
0.634057,1,26627,2,30000,0.8876,10,50%+,16883.035739
0.634164,0,49444,2,50000,0.9889,10,50%+,31355.604816
0.634214,1,228443,2,260000,0.8786,10,50%+,144881.74880200002
0.634214,1,123248,2,150000,0.8217,10,50%+,78165.60707200001
0.635846,0,30573,2,30000,1.0191,10,50%+,19439.719758
0.635947,1,31097,2,50000,0.6219,10,50%+,19776.043859
0.635972,0,1248,2,120000,0.0104,10,50%+,793.693056
0.637678,1,112900,2,110000,1.0264,10,50%+,71993.8462
0.637686,1,30028,2,30000,1.0009,10,50%+,19148.435208
0.637826,1,14728,1,30000,0.4909,10,50%+,9393.901328
0.638075,1,11501,1,20000,0.575,10,50%+,7338.500574999999
0.638525,1,48510,2,50000,0.9702,10,50%+,30974.84775
0.638638,1,100000,2,100000,1.0,10,50%+,63863.8
0.638657,1,101429,2,100000,1.0143,10,50%+,64778.340853
0.638871,1,25999,2,30000,0.8666,10,50%+,16610.007128999998
0.63905,1,102064,2,310000,0.3292,10,50%+,65223.9992
0.639066,1,31087,4,30000,1.0362,10,50%+,19866.644742
0.639492,1,76896,2,80000,0.9612,10,50%+,49174.376831999994
0.640638,0,151664,2,150000,1.0111,10,50%+,97161.721632
0.640644,1,29412,2,30000,0.9804,10,50%+,18842.621328
0.642186,0,26412,2,30000,0.8804,10,50%+,16961.416632
0.642495,1,48668,2,50000,0.9734,10,50%+,31268.94666
0.642551,1,67505,2,70000,0.9644,10,50%+,43375.405255
0.642761,0,3192,2,280000,0.0114,10,50%+,2051.693112
0.644324,1,48381,2,50000,0.9676,10,50%+,31173.039444000002
0.64452,1,31746,2,30000,1.0582,10,50%+,20460.93192
0.645183,1,80934,2,80000,1.0117,10,50%+,52217.240922
0.645213,0,150,2,110000,0.0014,10,50%+,96.78195000000001
0.645398,1,34470,2,40000,0.8618,10,50%+,22246.86906
0.645833,0,60406,2,60000,1.0068,10,50%+,39012.188197999996
0.645889,1,48785,2,50000,0.9757,10,50%+,31509.694865
0.647253,1,48537,2,50000,0.9707,10,50%+,31415.718860999998
0.647352,1,185147,2,280000,0.6612,10,50%+,119855.280744
0.647736,1,68398,2,200000,0.342,10,50%+,44303.846928
0.648046,1,73954,2,80000,0.9244,10,50%+,47925.593884
0.648259,0,63977,2,170000,0.3763,10,50%+,41473.666043000005
0.648795,1,24524,2,30000,0.8175,10,50%+,15911.04858
0.648922,1,178878,2,240000,0.7453,10,50%+,116077.869516
0.650259,0,68394,2,420000,0.1628,10,50%+,44473.814046
0.650385,0,37594,2,150000,0.2506,10,50%+,24450.57369
0.650472,1,29078,3,30000,0.9693,10,50%+,18914.424816000002
0.65064,1,69852,3,70000,0.9979,10,50%+,45448.50528
0.652143,1,18796,2,30000,0.6265,10,50%+,12257.679828
0.652174,1,6277,-1,10000,0.6277,10,50%+,4093.696198
0.652763,1,60717,2,60000,1.0119,10,50%+,39633.811071
0.653954,1,118348,2,150000,0.789,10,50%+,77394.147992
0.654288,1,22364,2,30000,0.7455,10,50%+,14632.496831999999
0.654655,1,29657,3,30000,0.9886,10,50%+,19415.103335
0.654778,0,188553,2,200000,0.9428,10,50%+,123460.35623399999
0.654872,1,125270,2,230000,0.5447,10,50%+,82035.81544
0.655431,0,186797,2,190000,0.9831,10,50%+,122432.544507
0.65657,1,113394,2,110000,1.0309,10,50%+,74451.09858
0.656721,1,24756,2,80000,0.3094,10,50%+,16257.785076
0.657166,0,186806,2,200000,0.934,10,50%+,122762.551796
0.657171,0,172094,2,130000,1.3238,10,50%+,113095.186074
0.657579,1,106321,2,110000,0.9666,10,50%+,69914.456859
0.658902,1,121409,2,130000,0.9339,10,50%+,79996.632918
0.658972,0,834,2,390000,0.0021,10,50%+,549.582648
0.659295,0,38757,2,120000,0.323,10,50%+,25552.296315
0.659569,1,11744,2,50000,0.2349,10,50%+,7745.978335999999
0.660234,1,24081,2,30000,0.8027,10,50%+,15899.094954
0.66204,0,40087,2,50000,0.8017,10,50%+,26539.19748
0.663524,0,16923,2,20000,0.8462,10,50%+,11228.816652
0.663976,0,20433,2,20000,1.0216,10,50%+,13567.021608000001
0.66468,1,96249,2,90000,1.0694,10,50%+,63974.78532
0.665136,0,10732,2,30000,0.3577,10,50%+,7138.239551999999
0.665475,1,288585,5,150000,1.9239,10,50%+,192046.102875
0.665606,1,50817,2,50000,1.0163,10,50%+,33824.100102000004
0.666211,1,1200,2,80000,0.015,10,50%+,799.4532
0.666243,1,135419,2,170000,0.7966,10,50%+,90221.960817
0.666503,0,9075,2,10000,0.9075,10,50%+,6048.514725
0.666818,0,94635,2,120000,0.7886,10,50%+,63104.32143
0.666937,1,49307,2,70000,0.7044,10,50%+,32884.662659
0.666967,1,2500,2,240000,0.0104,10,50%+,1667.4175
0.667284,1,47585,2,50000,0.9517,10,50%+,31752.70914
0.667308,0,1140,2,80000,0.0142,10,50%+,760.73112
0.667462,1,56483,2,60000,0.9414,10,50%+,37700.256146
0.668693,1,20745,2,20000,1.0372,10,50%+,13872.036285
0.668906,1,19017,2,20000,0.9508,10,50%+,12720.585402
0.669227,0,46191,2,50000,0.9238,10,50%+,30912.264357
0.669489,1,66963,2,120000,0.558,10,50%+,44830.991907
0.669752,1,88072,2,90000,0.9786,10,50%+,58986.398144
0.670116,1,2500,2,450000,0.0056,10,50%+,1675.2900000000002
0.67045,1,613860,2,500000,1.2277,10,50%+,411562.437
0.671344,0,34970,2,70000,0.4996,10,50%+,23476.899680000002
0.671457,0,137582,2,140000,0.9827,10,50%+,92380.396974
0.671512,0,147710,2,160000,0.9232,10,50%+,99189.03752
0.671614,0,78489,2,80000,0.9811,10,50%+,52714.311246000005
0.672741,1,18278,2,20000,0.9139,10,50%+,12296.359998
0.67295,1,109241,2,110000,0.9931,10,50%+,73513.73095000001
0.673179,1,61743,2,60000,1.029,10,50%+,41564.090997
0.673907,0,11338,1,20000,0.5669,10,50%+,7640.757566
0.673986,0,191869,2,190000,1.0098,10,50%+,129317.01983399999
0.674162,1,27458,2,30000,0.9153,10,50%+,18511.140196
0.674195,1,54866,2,50000,1.0973,10,50%+,36990.38287
0.67508,0,71528,2,80000,0.8941,10,50%+,48287.122240000004
0.675652,0,103389,3,150000,0.6893,10,50%+,69854.984628
0.675847,0,8613,2,80000,0.1077,10,50%+,5821.070211
0.675939,0,135805,2,130000,1.0447,10,50%+,91795.895895
0.676663,1,23741,2,70000,0.3392,10,50%+,16064.656283
0.676985,1,37350,2,50000,0.747,10,50%+,25285.38975
0.677196,0,9159,2,50000,0.1832,10,50%+,6202.438164
0.677911,1,2500,2,200000,0.0125,10,50%+,1694.7775000000001
0.678055,0,18781,3,20000,0.939,10,50%+,12734.550954999999
0.678452,1,115785,2,210000,0.5514,10,50%+,78554.56482
0.679181,0,2500,2,360000,0.0069,10,50%+,1697.9525
0.679428,0,113348,2,120000,0.9446,10,50%+,77011.804944
0.680067,1,27223,2,30000,0.9074,10,50%+,18513.463940999998
0.680699,0,18244,3,20000,0.9122,10,50%+,12418.672556000001
0.681268,1,8631,2,10000,0.8631,10,50%+,5880.024108
0.682802,1,38527,2,50000,0.7705,10,50%+,26306.312654
0.683116,1,130549,2,280000,0.4662,10,50%+,89180.110684
0.683189,1,94257,2,100000,0.9426,10,50%+,64395.345573000006
0.68344,0,5601,1,60000,0.0934,10,50%+,3827.9474400000004
0.683487,0,137723,2,150000,0.9182,10,50%+,94131.88010099999
0.683781,0,26795,2,30000,0.8932,10,50%+,18321.911894999997
0.68392,1,33811,2,40000,0.8453,10,50%+,23124.01912
0.684053,0,18996,2,20000,0.9498,10,50%+,12994.270788
0.684432,0,54921,2,130000,0.4225,10,50%+,37589.689872
0.685305,1,291410,2,360000,0.8095,10,50%+,199704.73005
0.685917,0,38449,2,110000,0.3495,10,50%+,26372.822733
0.68617,1,16219,2,20000,0.8109,10,50%+,11128.99123
0.68745,1,30372,2,30000,1.0124,10,50%+,20879.2314
0.687487,0,7568,2,10000,0.7568,10,50%+,5202.901616
0.687644,1,85753,2,90000,0.9528,10,50%+,58967.535932000006
0.688726,1,17790,2,150000,0.1186,10,50%+,12252.435539999999
0.689042,1,79425,3,80000,0.9928,10,50%+,54727.16085
0.690109,0,22147,2,30000,0.7382,10,50%+,15283.844023
0.690355,1,76062,2,70000,1.0866,10,50%+,52509.78201
0.69145,0,11533,2,50000,0.2307,10,50%+,7974.4928500000005
0.69188,1,17511,2,80000,0.2189,10,50%+,12115.510680000001
0.692393,1,1473,2,50000,0.0295,10,50%+,1019.894889
0.692441,1,137564,2,150000,0.9171,10,50%+,95254.95372399999
0.693424,1,12720,2,20000,0.636,10,50%+,8820.353280000001
0.693835,0,28484,2,30000,0.9495,10,50%+,19763.19614
0.693958,1,116928,2,150000,0.7795,10,50%+,81143.121024
0.694507,1,13461,3,30000,0.4487,10,50%+,9348.758727
0.694822,1,2500,2,240000,0.0104,10,50%+,1737.055
0.695524,1,39986,2,60000,0.6664,10,50%+,27811.222664
0.695544,1,28224,2,30000,0.9408,10,50%+,19631.033856000002
0.69555,1,158629,2,160000,0.9914,10,50%+,110334.40095
0.696157,1,70002,2,80000,0.875,10,50%+,48732.382314
0.696556,1,26836,2,30000,0.8945,10,50%+,18692.776815999998
0.69705,1,53023,2,80000,0.6628,10,50%+,36959.68215
0.69751,1,90632,2,140000,0.6474,10,50%+,63216.726319999994
0.698015,1,160106,2,200000,0.8005,10,50%+,111756.38959
0.698289,1,131297,2,210000,0.6252,10,50%+,91683.25083300001
0.698532,1,28189,2,30000,0.9396,10,50%+,19690.918548
0.69898,1,2500,2,240000,0.0104,10,50%+,1747.45
0.699624,1,17942,2,60000,0.299,10,50%+,12552.653808000001
0.69966,0,183360,2,240000,0.764,10,50%+,128289.65759999999
0.699955,1,450,3,140000,0.0032,10,50%+,314.97975
0.699991,1,520651,2,320000,1.627,10,50%+,364451.014141
0.700327,1,14091,2,50000,0.2818,10,50%+,9868.307757
0.700583,1,26580,2,30000,0.886,10,50%+,18621.49614
0.700868,0,76540,2,80000,0.9568,10,50%+,53644.436720000005
0.701405,1,186895,2,180000,1.0383,10,50%+,131089.08747499998
0.701729,1,13747,2,20000,0.6874,10,50%+,9646.668563000001
0.702226,1,96604,2,100000,0.966,10,50%+,67837.840504
0.702638,0,177646,2,100000,1.7765,10,50%+,124820.830148
0.702824,1,76620,3,100000,0.7662,10,50%+,53850.37488
0.702966,1,30542,4,70000,0.4363,10,50%+,21469.987572
0.704145,0,19830,2,30000,0.661,10,50%+,13963.19535
0.704333,1,9220,2,270000,0.0341,10,50%+,6493.95026
0.705616,0,17761,2,20000,0.888,10,50%+,12532.445776
0.706293,1,62281,2,80000,0.7785,10,50%+,43988.634332999995
0.70645,0,2500,2,360000,0.0069,10,50%+,1766.125
0.706826,1,6100,2,10000,0.61,10,50%+,4311.638599999999
0.707397,1,106341,2,280000,0.3798,10,50%+,75225.30437700001
0.707618,0,15662,2,20000,0.7831,10,50%+,11082.713115999999
0.707713,1,548551,2,550000,0.9974,10,50%+,388216.673863
0.708696,0,36656,2,300000,0.1222,10,50%+,25977.960576
0.708921,1,45870,2,50000,0.9174,10,50%+,32518.206270000002
0.709809,0,98606,2,130000,0.7585,10,50%+,69991.426254
0.709934,0,339410,2,440000,0.7714,10,50%+,240958.69893999997
0.710649,1,48597,2,80000,0.6075,10,50%+,34535.409453
0.710663,1,66852,2,80000,0.8356,10,50%+,47509.242876000004
0.710686,0,57076,2,80000,0.7134,10,50%+,40563.114136000004
0.710779,0,2922,2,30000,0.0974,10,50%+,2076.8962380000003
0.713488,0,86014,2,90000,0.9557,10,50%+,61369.956832
0.713688,0,18733,2,80000,0.2342,10,50%+,13369.517303999999
0.714294,0,15899,2,50000,0.318,10,50%+,11356.560306
0.714482,1,56002,3,100000,0.56,10,50%+,40012.420964
0.715237,1,19775,2,50000,0.3955,10,50%+,14143.811675
0.716841,1,21767,2,30000,0.7256,10,50%+,15603.478046999999
0.717386,1,33866,3,60000,0.5644,10,50%+,24294.994275999998
0.717472,1,16478,2,20000,0.8239,10,50%+,11822.503616
0.717816,0,10070,2,180000,0.0559,10,50%+,7228.40712
0.71807,0,34542,3,50000,0.6908,10,50%+,24803.57394
0.718686,1,22440,2,30000,0.748,10,50%+,16127.31384
0.71928,1,9985,2,30000,0.3328,10,50%+,7182.0108
0.719288,1,65312,2,160000,0.4082,10,50%+,46978.137856
0.719648,1,36152,2,110000,0.3287,10,50%+,26016.714495999997
0.719878,1,74860,2,80000,0.9358,10,50%+,53890.06708
0.720061,1,20091,2,130000,0.1545,10,50%+,14466.745550999998
0.720151,1,28073,2,30000,0.9358,10,50%+,20216.799023
0.720218,1,18292,2,20000,0.9146,10,50%+,13174.227656000001
0.72061,1,96638,2,100000,0.9664,10,50%+,69638.30918
0.720674,0,41174,2,50000,0.8235,10,50%+,29673.031276
0.721056,1,88728,2,100000,0.8873,10,50%+,63977.856768000005
0.721226,0,11403,2,30000,0.3801,10,50%+,8224.140078
0.721386,0,140327,2,200000,0.7016,10,50%+,101229.93322199999
0.721648,1,196979,2,200000,0.9849,10,50%+,142149.501392
0.72181,1,2500,3,360000,0.0069,10,50%+,1804.5249999999999
0.72246,1,27975,2,30000,0.9325,10,50%+,20210.8185
0.723024,1,72385,3,80000,0.9048,10,50%+,52336.09224
0.723035,1,28206,2,90000,0.3134,10,50%+,20393.92521
0.72313,0,34440,3,50000,0.6888,10,50%+,24904.5972
0.723222,1,2500,3,250000,0.01,10,50%+,1808.055
0.723464,0,42080,3,80000,0.526,10,50%+,30443.36512
0.723711,0,9799,2,30000,0.3266,10,50%+,7091.644089
0.723918,0,2989,2,50000,0.0598,10,50%+,2163.7909019999997
0.724885,1,126749,2,130000,0.975,10,50%+,91878.448865
0.72514,1,2729,2,110000,0.0248,10,50%+,1978.90706
0.725328,1,25368,2,30000,0.8456,10,50%+,18400.120704
0.725372,0,47009,2,50000,0.9402,10,50%+,34099.012348000004
0.726193,1,232044,2,230000,1.0089,10,50%+,168508.728492
0.727398,1,104651,2,140000,0.7475,10,50%+,76122.928098
0.727455,0,144255,2,160000,0.9016,10,50%+,104939.021025
0.729015,1,8823,2,50000,0.1765,10,50%+,6432.099345
0.729658,0,7486,2,10000,0.7486,10,50%+,5462.219788
0.729707,0,72674,2,80000,0.9084,10,50%+,53030.726518
0.730102,0,26163,2,30000,0.8721,10,50%+,19101.658626
0.730331,1,33999,2,50000,0.68,10,50%+,24830.523669
0.730658,0,190672,2,200000,0.9534,10,50%+,139316.022176
0.730777,0,3227,3,150000,0.0215,10,50%+,2358.217379
0.731046,1,23064,2,30000,0.7688,10,50%+,16860.844944
0.731374,1,124716,3,140000,0.8908,10,50%+,91214.039784
0.731579,1,16726,2,20000,0.8363,10,50%+,12236.390354
0.732051,1,15073,2,20000,0.7536,10,50%+,11034.204723
0.734901,1,46389,2,60000,0.7732,10,50%+,34091.322489
0.735124,0,185111,2,390000,0.4746,10,50%+,136079.538764
0.735496,0,28607,4,30000,0.9536,10,50%+,21040.334072
0.735637,0,129728,3,180000,0.7207,10,50%+,95432.716736
0.736014,1,1662,2,80000,0.0208,10,50%+,1223.255268
0.736193,1,25741,2,40000,0.6435,10,50%+,18950.344012999998
0.73656,1,25161,2,30000,0.8387,10,50%+,18532.58616
0.736985,1,105167,2,360000,0.2921,10,50%+,77506.501495
0.737066,1,147260,3,150000,0.9817,10,50%+,108540.33916
0.737573,0,54313,2,80000,0.6789,10,50%+,40059.802349000005
0.737708,1,33699,2,40000,0.8425,10,50%+,24860.021892
0.738454,1,26042,2,30000,0.8681,10,50%+,19230.819068
0.738578,0,49961,3,100000,0.4996,10,50%+,36900.095457999996
0.738765,1,6743,2,10000,0.6743,10,50%+,4981.492395
0.738882,1,16509,2,20000,0.8254,10,50%+,12198.202938
0.739908,1,96898,2,110000,0.8809,10,50%+,71695.605384
0.740573,1,191137,2,240000,0.7964,10,50%+,141550.90150100001
0.740785,1,2730,2,20000,0.1365,10,50%+,2022.3430500000002
0.74084,1,87199,2,120000,0.7267,10,50%+,64600.50716000001
0.741108,0,26343,2,30000,0.8781,10,50%+,19523.008044
0.741246,1,3983,2,10000,0.3983,10,50%+,2952.382818
0.741416,1,2097,2,10000,0.2097,10,50%+,1554.7493519999998
0.742755,0,77096,2,80000,0.9637,10,50%+,57263.43948
0.743314,1,75444,2,80000,0.943,10,50%+,56078.581416
0.74392,0,56272,2,80000,0.7034,10,50%+,41861.86624
0.74401,1,100094,2,180000,0.5561,10,50%+,74470.93694
0.744073,1,1200,3,20000,0.06,10,50%+,892.8876
0.744696,1,54933,2,90000,0.6104,10,50%+,40908.385368
0.744701,0,24874,2,30000,0.8291,10,50%+,18523.692673999998
0.74473,0,222418,2,220000,1.011,10,50%+,165641.35714
0.744869,1,34359,2,140000,0.2454,10,50%+,25592.953971
0.7455,1,100247,2,150000,0.6683,10,50%+,74734.1385
0.745802,0,37570,4,50000,0.7514,10,50%+,28019.78114
0.745936,1,12894,2,80000,0.1612,10,50%+,9618.098784
0.746046,0,23687,2,30000,0.7896,10,50%+,17671.591602
0.746169,0,400,3,50000,0.008,10,50%+,298.4676
0.746306,1,30615,2,30000,1.0205,10,50%+,22848.158190000002
0.746423,1,71586,2,70000,1.0227,10,50%+,53433.43687799999
0.746577,1,192654,2,220000,0.8757,10,50%+,143831.045358
0.746919,0,101430,2,160000,0.6339,10,50%+,75759.99417
0.747061,1,2500,3,260000,0.0096,10,50%+,1867.6525
0.747395,0,42883,2,50000,0.8577,10,50%+,32050.539785
0.748008,0,130819,3,130000,1.0063,10,50%+,97853.65855200001
0.748011,1,42304,2,50000,0.8461,10,50%+,31643.857344
0.748038,1,304040,2,300000,1.0135,10,50%+,227433.47352
0.74858,1,193112,2,230000,0.8396,10,50%+,144559.78096
0.74881,1,10145,3,20000,0.5072,10,50%+,7596.67745
0.750454,1,17497,2,100000,0.175,10,50%+,13130.693637999999
0.752351,1,4695,3,220000,0.0213,10,50%+,3532.287945
0.753176,1,53849,2,100000,0.5385,10,50%+,40557.774423999996
0.753226,0,27669,3,30000,0.9223,10,50%+,20841.010194
0.755034,1,170487,2,200000,0.8524,10,50%+,128723.481558
0.755074,0,18199,2,20000,0.91,10,50%+,13741.591726
0.755281,1,14328,2,20000,0.7164,10,50%+,10821.666168
0.755903,0,13335,2,20000,0.6667,10,50%+,10079.966505
0.756526,1,29086,2,250000,0.1163,10,50%+,22004.315236000002
0.756554,1,79950,2,80000,0.9994,10,50%+,60486.4923
0.75685,1,67206,2,80000,0.8401,10,50%+,50864.8611
0.759163,1,25561,2,40000,0.639,10,50%+,19404.965443
0.759323,1,50033,2,130000,0.3849,10,50%+,37991.207659
0.75964,1,9123,2,130000,0.0702,10,50%+,6930.19572
0.759801,1,153798,2,250000,0.6152,10,50%+,116855.87419799999
0.761513,1,39589,2,50000,0.7918,10,50%+,30147.538157
0.761927,0,386301,2,390000,0.9905,10,50%+,294333.162027
0.762551,1,80987,2,130000,0.623,10,50%+,61756.717837
0.763296,1,12480,4,20000,0.624,10,50%+,9525.934079999999
0.763615,1,7129,2,40000,0.1782,10,50%+,5443.811335
0.763763,0,108879,2,130000,0.8375,10,50%+,83157.751677
0.764828,1,184761,2,220000,0.8398,10,50%+,141310.38610799998
0.76511,1,16132,3,20000,0.8066,10,50%+,12342.754519999999
0.765165,1,17893,2,150000,0.1193,10,50%+,13691.097345
0.765237,1,16381,2,20000,0.819,10,50%+,12535.347296999998
0.765367,1,16771,2,20000,0.8386,10,50%+,12835.969957000001
0.765427,1,33152,2,40000,0.8288,10,50%+,25375.435903999998
0.766498,1,44619,2,170000,0.2625,10,50%+,34200.374262
0.766559,1,21986,3,70000,0.3141,10,50%+,16853.566174
0.767046,1,76308,2,200000,0.3815,10,50%+,58531.746168
0.767388,1,19341,2,60000,0.3224,10,50%+,14842.051308
0.767968,0,5171,3,50000,0.1034,10,50%+,3971.162528
0.769241,0,41755,2,50000,0.8351,10,50%+,32119.657955
0.77025,1,11337,2,20000,0.5668,10,50%+,8732.32425
0.770326,1,33598,2,60000,0.56,10,50%+,25881.412947999997
0.771904,1,159734,2,150000,1.0649,10,50%+,123299.313536
0.77284,1,24898,2,60000,0.415,10,50%+,19242.17032
0.773858,1,14750,2,20000,0.7375,10,50%+,11414.4055
0.77392,1,57477,2,80000,0.7185,10,50%+,44482.59984
0.774061,1,6078,2,20000,0.3039,10,50%+,4704.742758
0.774257,1,87057,3,120000,0.7255,10,50%+,67404.491649
0.774533,0,117277,2,230000,0.5099,10,50%+,90834.90664100001
0.774855,1,21534,2,50000,0.4307,10,50%+,16685.72757
0.776001,0,19921,2,60000,0.332,10,50%+,15458.715921
0.776012,1,124780,2,250000,0.4991,10,50%+,96830.77736000001
0.776041,1,131909,2,170000,0.7759,10,50%+,102366.792269
0.776333,0,296665,2,300000,0.9889,10,50%+,230310.829445
0.777305,1,41740,2,50000,0.8348,10,50%+,32444.7107
0.777359,1,1950,3,30000,0.065,10,50%+,1515.85005
0.777777,1,131864,2,170000,0.7757,10,50%+,102560.786328
0.77786,1,74298,2,170000,0.437,10,50%+,57793.44228
0.77837,1,22613,3,50000,0.4523,10,50%+,17601.28081
0.778549,1,38050,2,60000,0.6342,10,50%+,29623.78945
0.778573,1,14301,2,20000,0.715,10,50%+,11134.372473
0.77871,1,16549,4,20000,0.8274,10,50%+,12886.871790000001
0.778905,0,75619,2,90000,0.8402,10,50%+,58900.017195
0.778905,1,85016,3,100000,0.8502,10,50%+,66219.38747999999
0.7793,1,56761,2,80000,0.7095,10,50%+,44233.8473
0.779518,1,41757,2,90000,0.464,10,50%+,32550.333126
0.779731,1,53797,2,140000,0.3843,10,50%+,41947.188607
0.780149,1,20347,2,60000,0.3391,10,50%+,15873.691703
0.780341,1,20801,2,30000,0.6934,10,50%+,16231.873140999998
0.78075,1,45740,2,70000,0.6534,10,50%+,35711.505000000005
0.78124,1,142903,2,150000,0.9527,10,50%+,111641.53972
0.782547,0,135949,2,140000,0.9711,10,50%+,106386.482103
0.782684,1,29778,2,100000,0.2978,10,50%+,23306.764152
0.782944,1,40654,2,80000,0.5082,10,50%+,31829.805376
0.783158,1,138180,2,200000,0.6909,10,50%+,108216.77244
0.783277,1,66548,2,130000,0.5119,10,50%+,52125.517796
0.784087,1,2400,2,30000,0.08,10,50%+,1881.8088
0.785798,1,3462,4,10000,0.3462,10,50%+,2720.432676
0.786547,1,35610,2,230000,0.1548,10,50%+,28008.93867
0.787059,1,19932,3,30000,0.6644,10,50%+,15687.659988
0.7878,0,37530,2,50000,0.7506,10,50%+,29566.134
0.787867,0,15355,2,100000,0.1536,10,50%+,12097.697785
0.788275,1,10846,4,30000,0.3615,10,50%+,8549.63065
0.788749,1,2500,2,360000,0.0069,10,50%+,1971.8725000000002
0.788999,0,56528,2,140000,0.4038,10,50%+,44600.535472
0.789058,1,49201,3,70000,0.7029,10,50%+,38822.442658
0.789135,0,26319,3,30000,0.8773,10,50%+,20769.244065000003
0.789651,1,22001,2,80000,0.275,10,50%+,17373.111651
0.790146,1,12324,2,30000,0.4108,10,50%+,9737.759304000001
0.790443,1,32899,2,50000,0.658,10,50%+,26004.784257
0.790465,1,26782,2,60000,0.4464,10,50%+,21170.23363
0.790614,1,7510,2,30000,0.2503,10,50%+,5937.5111400000005
0.79093,1,44489,2,50000,0.8898,10,50%+,35187.68477
0.792037,1,405366,7,400000,1.0134,10,50%+,321064.870542
0.793001,1,138379,2,140000,0.9884,10,50%+,109734.68537899999
0.793681,1,48298,2,80000,0.6037,10,50%+,38333.204937999995
0.794248,1,39634,2,50000,0.7927,10,50%+,31479.225231999997
0.794332,0,50747,2,400000,0.1269,10,50%+,40309.966004
0.794396,1,94903,2,140000,0.6779,10,50%+,75390.563588
0.794477,1,270131,2,290000,0.9315,10,50%+,214612.866487
0.794499,0,30076,2,100000,0.3008,10,50%+,23895.351924
0.795686,1,600,2,110000,0.0055,10,50%+,477.4116
0.795779,1,23268,2,50000,0.4654,10,50%+,18516.185772
0.795816,0,14549,2,20000,0.7274,10,50%+,11578.326984
0.79587,1,9340,3,30000,0.3113,10,50%+,7433.4258
0.79634,0,13552,2,20000,0.6776,10,50%+,10791.99968
0.797008,1,18585,3,30000,0.6195,10,50%+,14812.393680000001
0.797589,0,16066,3,20000,0.8033,10,50%+,12814.064874
0.798298,1,68859,2,140000,0.4918,10,50%+,54970.001981999994
0.799095,1,54404,2,110000,0.4946,10,50%+,43473.96438
0.799313,1,9884,2,30000,0.3295,10,50%+,7900.409692
0.80024,1,54251,2,70000,0.775,10,50%+,43413.82024
0.800419,1,175904,2,400000,0.4398,10,50%+,140796.903776
0.800682,1,23078,2,110000,0.2098,10,50%+,18478.139196
0.801167,1,27458,2,80000,0.3432,10,50%+,21998.443486
0.801267,1,12237,4,80000,0.153,10,50%+,9805.104279
0.8014,1,5804,2,50000,0.1161,10,50%+,4651.3256
0.801578,1,44347,2,70000,0.6335,10,50%+,35547.579566
0.80166,0,75406,2,160000,0.4713,10,50%+,60449.97396
0.802808,1,110819,3,160000,0.6926,10,50%+,88966.379752
0.805926,1,70428,2,140000,0.5031,10,50%+,56759.756328
0.806083,1,50241,2,70000,0.7177,10,50%+,40498.416003
0.806733,1,2550,2,50000,0.051,10,50%+,2057.16915
0.806994,1,2400,2,50000,0.048,10,50%+,1936.7856
0.807179,0,74032,2,100000,0.7403,10,50%+,59757.075727999996
0.807245,0,296573,2,470000,0.631,10,50%+,239407.071385
0.807291,1,88069,2,380000,0.2318,10,50%+,71097.31107899999
0.807593,1,41795,2,130000,0.3215,10,50%+,33753.349435000004
0.807852,1,6186,3,20000,0.3093,10,50%+,4997.372472
0.808558,0,2590,2,50000,0.0518,10,50%+,2094.16522
0.808574,1,7180,2,50000,0.1436,10,50%+,5805.56132
0.808866,0,8880,2,20000,0.444,10,50%+,7182.730079999999
0.808866,1,97719,3,150000,0.6515,10,50%+,79041.576654
0.809851,0,9744,3,60000,0.1624,10,50%+,7891.188144
0.810126,1,2400,2,20000,0.12,10,50%+,1944.3024
0.810886,1,82172,2,120000,0.6848,10,50%+,66632.124392
0.811184,1,12250,2,50000,0.245,10,50%+,9937.004
0.811442,1,37160,2,100000,0.3716,10,50%+,30153.18472
0.81209,1,42101,2,60000,0.7017,10,50%+,34189.80109
0.812698,1,78663,2,140000,0.5619,10,50%+,63929.262774
0.812706,1,5997,3,10000,0.5997,10,50%+,4873.797882
0.813588,1,2880,2,130000,0.0222,10,50%+,2343.13344
0.813633,1,2400,2,40000,0.06,10,50%+,1952.7192000000002
0.814496,1,28947,2,50000,0.5789,10,50%+,23577.215712
0.815157,1,38483,2,50000,0.7697,10,50%+,31369.686831
0.815393,1,45691,2,80000,0.5711,10,50%+,37256.121563
0.815823,1,17740,3,20000,0.887,10,50%+,14472.70002
0.815897,1,14408,2,40000,0.3602,10,50%+,11755.443976
0.816187,0,3167,2,60000,0.0528,10,50%+,2584.864229
0.816784,1,6015,3,20000,0.3008,10,50%+,4912.95576
0.816884,1,5766,2,20000,0.2883,10,50%+,4710.153144
0.816956,1,53016,2,110000,0.482,10,50%+,43311.739296
0.817598,1,73259,2,140000,0.5233,10,50%+,59896.411882
0.817608,0,73621,2,130000,0.5663,10,50%+,60193.118568
0.818086,1,6469,2,80000,0.0809,10,50%+,5292.198334
0.819139,1,62011,2,90000,0.689,10,50%+,50795.628528999994
0.819629,1,47243,2,100000,0.4724,10,50%+,38721.732847
0.821057,1,15006,2,50000,0.3001,10,50%+,12320.781342
0.822479,1,8893,3,30000,0.2964,10,50%+,7314.305746999999
0.822875,1,26441,2,50000,0.5288,10,50%+,21757.637875
0.82437,1,2395,2,30000,0.0798,10,50%+,1974.36615
0.825224,1,43357,2,70000,0.6194,10,50%+,35779.236968
0.825303,1,45088,3,80000,0.5636,10,50%+,37211.261664
0.825394,1,7283,3,20000,0.3641,10,50%+,6011.344502
0.82572,1,14871,2,70000,0.2124,10,50%+,12279.28212
0.8259,1,43314,2,70000,0.6188,10,50%+,35773.0326
0.82595,0,750,3,100000,0.0075,10,50%+,619.4625
0.827308,1,15335,2,30000,0.5112,10,50%+,12686.768180000001
0.828859,1,3206,2,20000,0.1603,10,50%+,2657.321954
0.829477,1,2500,2,200000,0.0125,10,50%+,2073.6925
0.829843,1,15955,2,30000,0.5318,10,50%+,13240.145065
0.830664,1,334394,2,370000,0.9038,10,50%+,277769.057616
0.830965,1,10512,2,20000,0.5256,10,50%+,8735.10408
0.832103,1,1050,2,20000,0.0525,10,50%+,873.70815
0.833812,1,25867,3,50000,0.5173,10,50%+,21568.215004
0.834793,1,10555,2,40000,0.2639,10,50%+,8811.240115
0.835914,1,12376,2,30000,0.4125,10,50%+,10345.271664
0.836383,1,12662,2,70000,0.1809,10,50%+,10590.281546
0.836385,1,64139,2,120000,0.5345,10,50%+,53644.897515000004
0.836636,1,2400,2,10000,0.24,10,50%+,2007.9264
0.836831,1,44207,2,70000,0.6315,10,50%+,36993.788017
0.836871,1,15246,2,30000,0.5082,10,50%+,12758.935266
0.836872,1,2400,2,50000,0.048,10,50%+,2008.4928
0.836933,1,186838,2,280000,0.6673,10,50%+,156370.887854
0.838645,1,17880,2,30000,0.596,10,50%+,14994.9726
0.841769,1,245193,2,300000,0.8173,10,50%+,206395.86641699998
0.843427,1,9095,3,30000,0.3032,10,50%+,7670.968565
0.844121,0,20195,2,60000,0.3366,10,50%+,17047.023595
0.849034,1,15089,2,90000,0.1677,10,50%+,12811.074026
0.85013,1,360023,2,360000,1.0001,10,50%+,306066.35299000004
0.850922,1,2300,3,10000,0.23,10,50%+,1957.1206
0.851156,1,20392,3,70000,0.2913,10,50%+,17356.773152
0.85146,1,2500,2,220000,0.0114,10,50%+,2128.65
0.854647,1,5000,2,300000,0.0167,10,50%+,4273.235000000001
0.855509,1,2487,2,250000,0.0099,10,50%+,2127.650883
0.856878,1,2400,3,20000,0.12,10,50%+,2056.5072
0.8573,1,2482,2,280000,0.0089,10,50%+,2127.8186
0.863134,1,2400,3,20000,0.12,10,50%+,2071.5216
0.86353,1,2500,2,200000,0.0125,10,50%+,2158.8250000000003
0.86522,1,2500,3,200000,0.0125,10,50%+,2163.05
0.867363,1,1050,3,20000,0.0525,10,50%+,910.73115
0.868379,1,5000,3,300000,0.0167,10,50%+,4341.895
0.869925,1,2400,3,20000,0.12,10,50%+,2087.8199999999997
0.876413,1,2500,3,200000,0.0125,10,50%+,2191.0325
