cutoff,approved,approval_rate,bad_rate,capture_rate,cum_good_exposure,cum_bad_exposure
0.0185,1,0.0002,0.0,1.0,78331.0,0.0
0.0186,2,0.0003,0.5,0.9992,78331.0,135437.0
0.0194,3,0.0005,0.3333,0.9992,90509.0,135437.0
0.0199,4,0.0007,0.25,0.9992,125178.0,135437.0
0.02,5,0.0008,0.2,0.9992,180419.0,135437.0
0.0205,6,0.001,0.1667,0.9992,286001.0,135437.0
0.0206,7,0.0012,0.2857,0.9985,286001.0,180543.0
0.0207,8,0.0013,0.25,0.9985,391287.0,180543.0
0.0208,9,0.0015,0.2222,0.9985,537411.0,180543.0
0.0209,10,0.0017,0.2,0.9985,562490.0,180543.0
0.0214,11,0.0018,0.1818,0.9985,581258.0,180543.0
0.0216,12,0.002,0.1667,0.9985,625992.0,180543.0
0.0219,13,0.0022,0.1538,0.9985,691346.0,180543.0
0.0225,14,0.0023,0.1429,0.9985,840891.0,180543.0
0.0225,15,0.0025,0.1333,0.9985,863334.0,180543.0
0.0231,16,0.0027,0.125,0.9985,948626.0,180543.0
0.0233,17,0.0028,0.1176,0.9985,1025622.0,180543.0
0.0233,18,0.003,0.1111,0.9985,1046263.0,180543.0
0.0234,19,0.0032,0.1053,0.9985,1077663.0,180543.0
0.0234,20,0.0033,0.1,0.9985,1156591.0,180543.0
0.0235,21,0.0035,0.0952,0.9985,1214899.0,180543.0
0.0235,22,0.0037,0.0909,0.9985,1257088.0,180543.0
0.0238,23,0.0038,0.087,0.9985,1378691.0,180543.0
0.0238,24,0.004,0.0833,0.9985,1550732.0,180543.0
0.0238,25,0.0042,0.08,0.9985,1635839.0,180543.0
0.0242,26,0.0043,0.0769,0.9985,1842605.0,180543.0
0.0242,27,0.0045,0.0741,0.9985,1855423.0,180543.0
0.0243,28,0.0047,0.0714,0.9985,1892519.0,180543.0
0.0243,29,0.0048,0.069,0.9985,1965733.0,180543.0
0.0243,30,0.005,0.0667,0.9985,2063565.0,180543.0
0.0244,31,0.0052,0.0645,0.9985,2084503.0,180543.0
0.0244,32,0.0053,0.0625,0.9985,2142892.0,180543.0
0.0247,33,0.0055,0.0606,0.9985,2191830.0,180543.0
0.0248,34,0.0057,0.0588,0.9985,2250142.0,180543.0
0.025,35,0.0058,0.0571,0.9985,2332877.0,180543.0
0.0251,36,0.006,0.0556,0.9985,2358247.0,180543.0
0.0251,37,0.0062,0.0541,0.9985,2402747.0,180543.0
0.0252,38,0.0063,0.0526,0.9985,2422290.0,180543.0
0.0253,39,0.0065,0.0513,0.9985,2545128.0,180543.0
0.0256,40,0.0067,0.05,0.9985,2562324.0,180543.0
0.0257,41,0.0068,0.0488,0.9985,2581953.0,180543.0
0.0257,42,0.007,0.0476,0.9985,2610805.0,180543.0
0.0258,43,0.0072,0.0465,0.9985,2646913.0,180543.0
0.0258,44,0.0073,0.0455,0.9985,2702110.0,180543.0
0.0258,45,0.0075,0.0444,0.9985,2730462.0,180543.0
0.026,46,0.0077,0.0435,0.9985,2803677.0,180543.0
0.026,47,0.0078,0.0426,0.9985,2837485.0,180543.0
0.0261,48,0.008,0.0417,0.9985,2871139.0,180543.0
0.0261,49,0.0082,0.0408,0.9985,3064222.0,180543.0
0.0262,50,0.0083,0.04,0.9985,3250832.0,180543.0
0.0263,51,0.0085,0.0392,0.9985,3277511.0,180543.0
0.0265,52,0.0087,0.0385,0.9985,3288258.0,180543.0
0.0265,53,0.0088,0.0377,0.9985,3315188.0,180543.0
0.0265,54,0.009,0.037,0.9985,3357712.0,180543.0
0.0267,55,0.0092,0.0364,0.9985,3380633.0,180543.0
0.0269,56,0.0093,0.0357,0.9985,3436683.0,180543.0
0.0269,57,0.0095,0.0351,0.9985,3477988.0,180543.0
0.027,58,0.0097,0.0345,0.9985,3481373.0,180543.0
0.0273,59,0.0098,0.0339,0.9985,3678377.0,180543.0
0.0273,60,0.01,0.0333,0.9985,3741151.0,180543.0
0.0273,61,0.0102,0.0328,0.9985,3747244.0,180543.0
0.0273,62,0.0103,0.0323,0.9985,3755818.0,180543.0
0.0273,63,0.0105,0.0317,0.9985,3974388.0,180543.0
0.0275,64,0.0107,0.0312,0.9985,4008035.0,180543.0
0.0278,65,0.0108,0.0308,0.9985,4037941.0,180543.0
0.0279,66,0.011,0.0303,0.9985,4050392.0,180543.0
0.0279,67,0.0112,0.0299,0.9985,4099121.0,180543.0
0.028,68,0.0113,0.0294,0.9985,4211239.0,180543.0
0.0281,69,0.0115,0.029,0.9985,4238328.0,180543.0
0.0283,70,0.0117,0.0286,0.9985,4273539.0,180543.0
0.0284,71,0.0118,0.0282,0.9985,4282622.0,180543.0
0.0285,72,0.012,0.0278,0.9985,4321105.0,180543.0
0.0285,73,0.0122,0.0274,0.9985,4354183.0,180543.0
0.0285,74,0.0123,0.027,0.9985,4498613.0,180543.0
0.0287,75,0.0125,0.0267,0.9985,4513502.0,180543.0
0.0288,76,0.0127,0.0263,0.9985,4565581.0,180543.0
0.0289,77,0.0128,0.026,0.9985,4647321.0,180543.0
0.0289,78,0.013,0.0256,0.9985,4688372.0,180543.0
0.0289,79,0.0132,0.0253,0.9985,4727477.0,180543.0
0.029,80,0.0133,0.025,0.9985,4889193.0,180543.0
0.0291,81,0.0135,0.0247,0.9985,4981269.0,180543.0
0.0292,82,0.0137,0.0244,0.9985,5035017.0,180543.0
0.0292,83,0.0138,0.0241,0.9985,5080003.0,180543.0
0.0293,84,0.014,0.0238,0.9985,5403088.0,180543.0
0.0293,85,0.0142,0.0235,0.9985,5408194.0,180543.0
0.0293,86,0.0144,0.0233,0.9985,5419279.0,180543.0
0.0293,87,0.0145,0.023,0.9985,5632227.0,180543.0
0.0293,88,0.0147,0.0227,0.9985,5704773.0,180543.0
0.0294,89,0.0149,0.0225,0.9985,5836292.0,180543.0
0.0295,90,0.015,0.0222,0.9985,5848275.0,180543.0
0.0295,91,0.0152,0.022,0.9985,5917218.0,180543.0
0.0296,92,0.0154,0.0217,0.9985,5928572.0,180543.0
0.0296,93,0.0155,0.0215,0.9985,5977773.0,180543.0
0.0297,94,0.0157,0.0213,0.9985,5992660.0,180543.0
0.0297,95,0.0159,0.0211,0.9985,6021772.0,180543.0
0.0298,96,0.016,0.0208,0.9985,6207654.0,180543.0
0.0299,97,0.0162,0.0206,0.9985,6380906.0,180543.0
0.0299,98,0.0164,0.0306,0.9977,6380906.0,215058.0
0.0299,99,0.0165,0.0303,0.9977,6409440.0,215058.0
0.0299,100,0.0167,0.03,0.9977,6501246.0,215058.0
0.0301,101,0.0169,0.0297,0.9977,6515333.0,215058.0
0.0301,102,0.017,0.0294,0.9977,6571530.0,215058.0
0.0301,103,0.0172,0.0291,0.9977,6607218.0,215058.0
0.0301,104,0.0174,0.0288,0.9977,6634556.0,215058.0
0.0302,105,0.0175,0.0286,0.9977,6676637.0,215058.0
0.0302,106,0.0177,0.0283,0.9977,6748720.0,215058.0
0.0302,107,0.0179,0.028,0.9977,6772801.0,215058.0
0.0304,108,0.018,0.0278,0.9977,6811365.0,215058.0
0.0304,109,0.0182,0.0275,0.9977,6839149.0,215058.0
0.0305,110,0.0184,0.0273,0.9977,6861335.0,215058.0
0.0307,111,0.0185,0.027,0.9977,6894735.0,215058.0
0.0307,112,0.0187,0.0268,0.9977,6926424.0,215058.0
0.0308,113,0.0189,0.0265,0.9977,6972242.0,215058.0
0.0308,114,0.019,0.0263,0.9977,7061190.0,215058.0
0.0308,115,0.0192,0.0261,0.9977,7095829.0,215058.0
0.0308,116,0.0194,0.0259,0.9977,7179222.0,215058.0
0.0309,117,0.0195,0.0256,0.9977,7281209.0,215058.0
0.0309,118,0.0197,0.0254,0.9977,7405490.0,215058.0
0.0309,119,0.0199,0.0252,0.9977,7491162.0,215058.0
0.0309,120,0.02,0.025,0.9977,7602571.0,215058.0
0.0311,121,0.0202,0.0248,0.9977,7660527.0,215058.0
0.0312,122,0.0204,0.0246,0.9977,7689754.0,215058.0
0.0312,123,0.0205,0.0244,0.9977,7712435.0,215058.0
0.0312,124,0.0207,0.0242,0.9977,7763568.0,215058.0
0.0313,125,0.0209,0.024,0.9977,7782598.0,215058.0
0.0313,126,0.021,0.0238,0.9977,7829842.0,215058.0
0.0314,127,0.0212,0.0236,0.9977,7842842.0,215058.0
0.0316,128,0.0214,0.0234,0.9977,7864045.0,215058.0
0.0316,129,0.0215,0.0233,0.9977,7907739.0,215058.0
0.0316,130,0.0217,0.0231,0.9977,7935057.0,215058.0
0.0317,131,0.0219,0.0229,0.9977,7976485.0,215058.0
0.0317,132,0.022,0.0227,0.9977,8039758.0,215058.0
0.0318,133,0.0222,0.0226,0.9977,8070449.0,215058.0
0.0318,134,0.0224,0.0224,0.9977,8114182.0,215058.0
0.0318,135,0.0225,0.0222,0.9977,8210996.0,215058.0
0.0319,136,0.0227,0.0221,0.9977,8219586.0,215058.0
0.032,137,0.0229,0.0219,0.9977,8284851.0,215058.0
0.032,138,0.023,0.0217,0.9977,8290470.0,215058.0
0.032,139,0.0232,0.0216,0.9977,8313309.0,215058.0
0.0321,140,0.0234,0.0214,0.9977,8334321.0,215058.0
0.0321,141,0.0235,0.0213,0.9977,8541558.0,215058.0
0.0322,142,0.0237,0.0211,0.9977,8654866.0,215058.0
0.0323,143,0.0239,0.021,0.9977,8678262.0,215058.0
0.0323,144,0.024,0.0208,0.9977,8708797.0,215058.0
0.0324,145,0.0242,0.0207,0.9977,8758346.0,215058.0
0.0324,146,0.0244,0.0205,0.9977,8890860.0,215058.0
0.0325,147,0.0245,0.0204,0.9977,8930524.0,215058.0
0.0325,148,0.0247,0.0203,0.9977,8972430.0,215058.0
0.0325,149,0.0249,0.0201,0.9977,9072456.0,215058.0
0.0326,150,0.025,0.02,0.9977,9086605.0,215058.0
0.0326,151,0.0252,0.0199,0.9977,9116054.0,215058.0
0.0326,152,0.0254,0.0197,0.9977,9272075.0,215058.0
0.0327,153,0.0255,0.0196,0.9977,9422833.0,215058.0
0.0327,154,0.0257,0.0195,0.9977,9479310.0,215058.0
0.0328,155,0.0259,0.0194,0.9977,9585850.0,215058.0
0.0329,156,0.026,0.0192,0.9977,9593279.0,215058.0
0.033,157,0.0262,0.0191,0.9977,9619493.0,215058.0
0.033,158,0.0264,0.019,0.9977,9629633.0,215058.0
0.033,159,0.0265,0.0189,0.9977,9654711.0,215058.0
0.0332,160,0.0267,0.0187,0.9977,9707404.0,215058.0
0.0333,161,0.0269,0.0186,0.9977,9726131.0,215058.0
0.0335,162,0.027,0.0185,0.9977,9817240.0,215058.0
0.0335,163,0.0272,0.0184,0.9977,10162293.0,215058.0
0.0336,164,0.0274,0.0183,0.9977,10173882.0,215058.0
0.0337,165,0.0275,0.0182,0.9977,10190760.0,215058.0
0.0337,166,0.0277,0.0181,0.9977,10410179.0,215058.0
0.0338,167,0.0279,0.018,0.9977,10423944.0,215058.0
0.034,168,0.028,0.0179,0.9977,10440117.0,215058.0
0.034,169,0.0282,0.0178,0.9977,10492710.0,215058.0
0.0341,170,0.0284,0.0176,0.9977,10722042.0,215058.0
0.0342,171,0.0285,0.0175,0.9977,10805457.0,215058.0
0.0342,172,0.0287,0.0174,0.9977,10869835.0,215058.0
0.0343,173,0.0289,0.0173,0.9977,11132448.0,215058.0
0.0344,174,0.029,0.0172,0.9977,11264387.0,215058.0
0.0345,175,0.0292,0.0171,0.9977,11275191.0,215058.0
0.0347,176,0.0294,0.017,0.9977,11285799.0,215058.0
0.0347,177,0.0295,0.0169,0.9977,11315005.0,215058.0
0.035,178,0.0297,0.0169,0.9977,11391220.0,215058.0
0.035,179,0.0299,0.0168,0.9977,11421399.0,215058.0
0.0352,180,0.03,0.0167,0.9977,11438796.0,215058.0
0.0352,181,0.0302,0.0221,0.997,11438796.0,448471.0
0.0353,182,0.0304,0.022,0.997,11447918.0,448471.0
0.0354,183,0.0305,0.0219,0.997,11584927.0,448471.0
0.0355,184,0.0307,0.0217,0.997,11601485.0,448471.0
0.0355,185,0.0309,0.0216,0.997,11621937.0,448471.0
0.0356,186,0.031,0.0215,0.997,11636987.0,448471.0
0.0356,187,0.0312,0.0214,0.997,11714782.0,448471.0
0.0357,188,0.0314,0.0213,0.997,11751152.0,448471.0
0.0357,189,0.0315,0.0212,0.997,11932364.0,448471.0
0.0357,190,0.0317,0.0211,0.997,11982419.0,448471.0
0.0358,191,0.0319,0.0209,0.997,12000755.0,448471.0
0.0358,192,0.032,0.0208,0.997,12029310.0,448471.0
0.0359,193,0.0322,0.0207,0.997,12091514.0,448471.0
0.0359,194,0.0324,0.0206,0.997,12149221.0,448471.0
0.036,195,0.0325,0.0256,0.9962,12149221.0,470580.0
0.0363,196,0.0327,0.0255,0.9962,12170616.0,470580.0
0.0363,197,0.0329,0.0254,0.9962,12360076.0,470580.0
0.0364,198,0.033,0.0253,0.9962,12363657.0,470580.0
0.0364,199,0.0332,0.0251,0.9962,12380004.0,470580.0
0.0365,200,0.0334,0.025,0.9962,12391810.0,470580.0
0.0366,201,0.0335,0.0249,0.9962,12402870.0,470580.0
0.0367,202,0.0337,0.0248,0.9962,12407870.0,470580.0
0.0369,203,0.0339,0.0246,0.9962,12522157.0,470580.0
0.037,204,0.034,0.0245,0.9962,12622088.0,470580.0
0.0371,205,0.0342,0.0244,0.9962,12654370.0,470580.0
0.0371,206,0.0344,0.0243,0.9962,12661992.0,470580.0
0.0371,207,0.0345,0.0242,0.9962,12843216.0,470580.0
0.0373,208,0.0347,0.024,0.9962,12913459.0,470580.0
0.0373,209,0.0349,0.0239,0.9962,12936511.0,470580.0
0.0374,210,0.035,0.0238,0.9962,12946157.0,470580.0
0.0374,211,0.0352,0.0237,0.9962,13016466.0,470580.0
0.0374,212,0.0354,0.0283,0.9955,13016466.0,482553.0
0.0375,213,0.0355,0.0282,0.9955,13041996.0,482553.0
0.0376,214,0.0357,0.028,0.9955,13067339.0,482553.0
0.0376,215,0.0359,0.0326,0.9947,13067339.0,491475.0
0.0376,216,0.036,0.0324,0.9947,13102552.0,491475.0
0.0376,217,0.0362,0.0323,0.9947,13161918.0,491475.0
0.0376,218,0.0364,0.0321,0.9947,13163580.0,491475.0
0.0376,219,0.0365,0.032,0.9947,13233799.0,491475.0
0.0377,220,0.0367,0.0318,0.9947,13389292.0,491475.0
0.0378,221,0.0369,0.0362,0.994,13389292.0,527581.0
0.0379,222,0.037,0.036,0.994,13396481.0,527581.0
0.0379,223,0.0372,0.0359,0.994,13431901.0,527581.0
0.0379,224,0.0374,0.0357,0.994,13453471.0,527581.0
0.038,225,0.0375,0.0356,0.994,13461998.0,527581.0
0.038,226,0.0377,0.0354,0.994,13562331.0,527581.0
0.038,227,0.0379,0.0352,0.994,13636284.0,527581.0
0.0381,228,0.038,0.0351,0.994,13653358.0,527581.0
0.0381,229,0.0382,0.0349,0.994,13861711.0,527581.0
0.0381,230,0.0384,0.0391,0.9932,13861711.0,555276.0
0.0382,231,0.0385,0.039,0.9932,14108991.0,555276.0
0.0382,232,0.0387,0.0388,0.9932,14256291.0,555276.0
0.0384,233,0.0389,0.0386,0.9932,14272441.0,555276.0
0.0385,234,0.039,0.0385,0.9932,14322817.0,555276.0
0.0385,235,0.0392,0.0383,0.9932,14697593.0,555276.0
0.0386,236,0.0394,0.0381,0.9932,14712813.0,555276.0
0.0387,237,0.0395,0.038,0.9932,14857189.0,555276.0
0.0387,238,0.0397,0.0378,0.9932,14857966.0,555276.0
0.0387,239,0.0399,0.0377,0.9932,14867130.0,555276.0
0.0388,240,0.04,0.0375,0.9932,14925206.0,555276.0
0.0389,241,0.0402,0.0373,0.9932,15384069.0,555276.0
0.0389,242,0.0404,0.0372,0.9932,15412667.0,555276.0
0.0389,243,0.0405,0.037,0.9932,15415230.0,555276.0
0.0389,244,0.0407,0.0369,0.9932,15464838.0,555276.0
0.039,245,0.0409,0.0367,0.9932,15511596.0,555276.0
0.0391,246,0.041,0.0366,0.9932,15522525.0,555276.0
0.0392,247,0.0412,0.0364,0.9932,15661359.0,555276.0
0.0392,248,0.0414,0.0363,0.9932,15715767.0,555276.0
0.0393,249,0.0415,0.0361,0.9932,15722987.0,555276.0
0.0393,250,0.0417,0.036,0.9932,15731180.0,555276.0
0.0395,251,0.0419,0.0359,0.9932,15829916.0,555276.0
0.0395,252,0.042,0.0357,0.9932,16028870.0,555276.0
0.0396,253,0.0422,0.0356,0.9932,16128934.0,555276.0
0.0396,254,0.0424,0.0354,0.9932,16142265.0,555276.0
0.0396,255,0.0425,0.0353,0.9932,16146954.0,555276.0
0.0397,256,0.0427,0.0352,0.9932,16153300.0,555276.0
0.0397,257,0.0429,0.035,0.9932,16216154.0,555276.0
0.0399,258,0.0431,0.0349,0.9932,16271912.0,555276.0
0.04,259,0.0432,0.0347,0.9932,16412721.0,555276.0
0.04,260,0.0434,0.0346,0.9932,16447838.0,555276.0
0.04,261,0.0436,0.0345,0.9932,16507211.0,555276.0
0.04,262,0.0437,0.0344,0.9932,16661597.0,555276.0
0.0401,263,0.0439,0.0342,0.9932,16668354.0,555276.0
0.0401,264,0.0441,0.0341,0.9932,16785215.0,555276.0
0.0402,265,0.0442,0.034,0.9932,17114785.0,555276.0
0.0402,266,0.0444,0.0338,0.9932,17202098.0,555276.0
0.0402,267,0.0446,0.0337,0.9932,17374870.0,555276.0
0.0402,268,0.0447,0.0336,0.9932,17389350.0,555276.0
0.0403,269,0.0449,0.0335,0.9932,17409010.0,555276.0
0.0403,270,0.0451,0.0333,0.9932,17431998.0,555276.0
0.0404,271,0.0452,0.0332,0.9932,17598915.0,555276.0
0.0404,272,0.0454,0.0331,0.9932,17611078.0,555276.0
0.0404,273,0.0456,0.033,0.9932,17614120.0,555276.0
0.0404,274,0.0457,0.0328,0.9932,17629340.0,555276.0
0.0406,275,0.0459,0.0327,0.9932,17633166.0,555276.0
0.0407,276,0.0461,0.0326,0.9932,17646031.0,555276.0
0.0407,277,0.0462,0.0325,0.9932,17656031.0,555276.0
0.0407,278,0.0464,0.0324,0.9932,17666031.0,555276.0
0.0407,279,0.0466,0.0323,0.9932,17686730.0,555276.0
0.0407,280,0.0467,0.0321,0.9932,17700070.0,555276.0
0.0407,281,0.0469,0.032,0.9932,17712909.0,555276.0
0.0409,282,0.0471,0.0319,0.9932,17725969.0,555276.0
0.0409,283,0.0472,0.0318,0.9932,17784050.0,555276.0
0.041,284,0.0474,0.0317,0.9932,17833048.0,555276.0
0.041,285,0.0476,0.0316,0.9932,17837031.0,555276.0
0.041,286,0.0477,0.0315,0.9932,17868330.0,555276.0
0.0412,287,0.0479,0.0314,0.9932,17882968.0,555276.0
0.0412,288,0.0481,0.0312,0.9932,18029151.0,555276.0
0.0412,289,0.0482,0.0311,0.9932,18113823.0,555276.0
0.0412,290,0.0484,0.031,0.9932,18227352.0,555276.0
0.0412,291,0.0486,0.0309,0.9932,18302307.0,555276.0
0.0412,292,0.0487,0.0308,0.9932,18319639.0,555276.0
0.0413,293,0.0489,0.0307,0.9932,18402470.0,555276.0
0.0413,294,0.0491,0.0306,0.9932,18519184.0,555276.0
0.0413,295,0.0492,0.0339,0.9925,18519184.0,585901.0
0.0413,296,0.0494,0.0338,0.9925,18614903.0,585901.0
0.0413,297,0.0496,0.0337,0.9925,18625163.0,585901.0
0.0414,298,0.0497,0.0336,0.9925,18635999.0,585901.0
0.0415,299,0.0499,0.0334,0.9925,18773121.0,585901.0
0.0415,300,0.0501,0.0333,0.9925,18952668.0,585901.0
0.0415,301,0.0502,0.0332,0.9925,19015619.0,585901.0
0.0416,302,0.0504,0.0331,0.9925,19027384.0,585901.0
0.0416,303,0.0506,0.033,0.9925,19035270.0,585901.0
0.0416,304,0.0507,0.0329,0.9925,19134244.0,585901.0
0.0417,305,0.0509,0.0328,0.9925,19211154.0,585901.0
0.0417,306,0.0511,0.0327,0.9925,19282303.0,585901.0
0.0417,307,0.0512,0.0326,0.9925,19315990.0,585901.0
0.0417,308,0.0514,0.0325,0.9925,19376809.0,585901.0
0.0418,309,0.0516,0.0324,0.9925,19387224.0,585901.0
0.0418,310,0.0517,0.0323,0.9925,19467444.0,585901.0
0.0418,311,0.0519,0.0322,0.9925,19488152.0,585901.0
0.0419,312,0.0521,0.0321,0.9925,19511386.0,585901.0
0.0419,313,0.0522,0.0319,0.9925,19577344.0,585901.0
0.042,314,0.0524,0.0318,0.9925,19603809.0,585901.0
0.042,315,0.0526,0.0317,0.9925,19616954.0,585901.0
0.042,316,0.0527,0.0316,0.9925,19625480.0,585901.0
0.0421,317,0.0529,0.0315,0.9925,19676215.0,585901.0
0.0421,318,0.0531,0.0314,0.9925,19823266.0,585901.0
0.0423,319,0.0532,0.0313,0.9925,19989303.0,585901.0
0.0423,320,0.0534,0.0312,0.9925,20038175.0,585901.0
0.0423,321,0.0536,0.0312,0.9925,20048365.0,585901.0
0.0423,322,0.0537,0.0311,0.9925,20109454.0,585901.0
0.0423,323,0.0539,0.031,0.9925,20206364.0,585901.0
0.0424,324,0.0541,0.0309,0.9925,20210981.0,585901.0
0.0424,325,0.0542,0.0308,0.9925,20269262.0,585901.0
0.0425,326,0.0544,0.0307,0.9925,20540377.0,585901.0
0.0425,327,0.0546,0.0306,0.9925,20630286.0,585901.0
0.0426,328,0.0547,0.0305,0.9925,20647646.0,585901.0
0.0426,329,0.0549,0.0304,0.9925,20716098.0,585901.0
0.0426,330,0.0551,0.0303,0.9925,20735205.0,585901.0
0.0426,331,0.0552,0.0332,0.9917,20735205.0,756713.0
0.0426,332,0.0554,0.0331,0.9917,20803237.0,756713.0
0.0426,333,0.0556,0.033,0.9917,20817263.0,756713.0
0.0426,334,0.0557,0.0329,0.9917,20842447.0,756713.0
0.0427,335,0.0559,0.0328,0.9917,20855143.0,756713.0
0.0427,336,0.0561,0.0327,0.9917,20861661.0,756713.0
0.0427,337,0.0562,0.0326,0.9917,20957830.0,756713.0
0.0428,338,0.0564,0.0325,0.9917,20968856.0,756713.0
0.0428,339,0.0566,0.0324,0.9917,21029510.0,756713.0
0.0429,340,0.0567,0.0324,0.9917,21132312.0,756713.0
0.043,341,0.0569,0.0323,0.9917,21196374.0,756713.0
0.043,342,0.0571,0.0322,0.9917,21279888.0,756713.0
0.0431,343,0.0572,0.0321,0.9917,21317230.0,756713.0
0.0431,344,0.0574,0.032,0.9917,21418661.0,756713.0
0.0431,345,0.0576,0.0319,0.9917,21492896.0,756713.0
0.0431,346,0.0577,0.0318,0.9917,21602642.0,756713.0
0.0431,347,0.0579,0.0317,0.9917,21619138.0,756713.0
0.0431,348,0.0581,0.0316,0.9917,21690025.0,756713.0
0.0432,349,0.0582,0.0315,0.9917,21802814.0,756713.0
0.0433,350,0.0584,0.0314,0.9917,21826241.0,756713.0
0.0434,351,0.0586,0.0313,0.9917,21863311.0,756713.0
0.0434,352,0.0587,0.0312,0.9917,21977183.0,756713.0
0.0435,353,0.0589,0.0312,0.9917,22032097.0,756713.0
0.0436,354,0.0591,0.0311,0.9917,22106515.0,756713.0
0.0436,355,0.0592,0.031,0.9917,22133072.0,756713.0
0.0437,356,0.0594,0.0309,0.9917,22150067.0,756713.0
0.0437,357,0.0596,0.0308,0.9917,22225189.0,756713.0
0.0438,358,0.0597,0.0307,0.9917,22233384.0,756713.0
0.0438,359,0.0599,0.0306,0.9917,22355807.0,756713.0
0.0438,360,0.0601,0.0306,0.9917,22423143.0,756713.0
0.0439,361,0.0602,0.0305,0.9917,22431057.0,756713.0
0.0439,362,0.0604,0.0304,0.9917,22442551.0,756713.0
0.0439,363,0.0606,0.0303,0.9917,22588681.0,756713.0
0.0439,364,0.0607,0.0302,0.9917,22830849.0,756713.0
0.044,365,0.0609,0.0301,0.9917,22832240.0,756713.0
0.044,366,0.0611,0.0301,0.9917,22858398.0,756713.0
0.0441,367,0.0612,0.03,0.9917,22889488.0,756713.0
0.0442,368,0.0614,0.0299,0.9917,22920348.0,756713.0
0.0442,369,0.0616,0.0298,0.9917,22978670.0,756713.0
0.0444,370,0.0617,0.0297,0.9917,22988742.0,756713.0
0.0444,371,0.0619,0.0296,0.9917,23223699.0,756713.0
0.0445,372,0.0621,0.0296,0.9917,23231666.0,756713.0
0.0446,373,0.0622,0.0295,0.9917,23319270.0,756713.0
0.0446,374,0.0624,0.0294,0.9917,23343704.0,756713.0
0.0446,375,0.0626,0.0293,0.9917,23491144.0,756713.0
0.0446,376,0.0627,0.0293,0.9917,23507151.0,756713.0
0.0447,377,0.0629,0.0292,0.9917,23683445.0,756713.0
0.0447,378,0.0631,0.0291,0.9917,23803978.0,756713.0
0.0448,379,0.0632,0.029,0.9917,23863706.0,756713.0
0.0448,380,0.0634,0.0289,0.9917,23866598.0,756713.0
0.0448,381,0.0636,0.0289,0.9917,23875092.0,756713.0
0.0448,382,0.0637,0.0288,0.9917,23986387.0,756713.0
0.0449,383,0.0639,0.0287,0.9917,23998033.0,756713.0
0.0449,384,0.0641,0.0286,0.9917,24048728.0,756713.0
0.0449,385,0.0642,0.0286,0.9917,24071944.0,756713.0
0.0449,386,0.0644,0.0285,0.9917,24170653.0,756713.0
0.045,387,0.0646,0.0284,0.9917,24170653.0,756713.0
0.0451,388,0.0647,0.0284,0.9917,24190171.0,756713.0
0.0452,389,0.0649,0.0283,0.9917,24205492.0,756713.0
0.0452,390,0.0651,0.0282,0.9917,24239250.0,756713.0
0.0452,391,0.0652,0.0281,0.9917,24272359.0,756713.0
0.0453,392,0.0654,0.0281,0.9917,24303594.0,756713.0
0.0453,393,0.0656,0.028,0.9917,24319960.0,756713.0
0.0454,394,0.0657,0.0279,0.9917,24426560.0,756713.0
0.0454,395,0.0659,0.0278,0.9917,24549385.0,756713.0
0.0454,396,0.0661,0.0278,0.9917,24561566.0,756713.0
0.0454,397,0.0662,0.0277,0.9917,24642494.0,756713.0
0.0454,398,0.0664,0.0276,0.9917,24848955.0,756713.0
0.0454,399,0.0666,0.0276,0.9917,24953412.0,756713.0
0.0454,400,0.0667,0.0275,0.9917,24988004.0,756713.0
0.0454,401,0.0669,0.0274,0.9917,25071760.0,756713.0
0.0454,402,0.0671,0.0274,0.9917,25081418.0,756713.0
0.0455,403,0.0672,0.0273,0.9917,25182158.0,756713.0
0.0455,404,0.0674,0.0272,0.9917,25185738.0,756713.0
0.0456,405,0.0676,0.0296,0.991,25185738.0,769555.0
0.0456,406,0.0677,0.0296,0.991,25345371.0,769555.0
0.0456,407,0.0679,0.0295,0.991,25354208.0,769555.0
0.0458,408,0.0681,0.0319,0.9902,25354208.0,799417.0
0.0458,409,0.0682,0.0318,0.9902,25368462.0,799417.0
0.0458,410,0.0684,0.0317,0.9902,25622229.0,799417.0
0.0458,411,0.0686,0.0316,0.9902,25799749.0,799417.0
0.0458,412,0.0687,0.0316,0.9902,25898476.0,799417.0
0.0459,413,0.0689,0.0315,0.9902,26001635.0,799417.0
0.0459,414,0.0691,0.0314,0.9902,26121263.0,799417.0
0.0459,415,0.0692,0.0313,0.9902,26203954.0,799417.0
0.0459,416,0.0694,0.0312,0.9902,26228477.0,799417.0
0.0459,417,0.0696,0.0312,0.9902,26281786.0,799417.0
0.0459,418,0.0697,0.0311,0.9902,26318816.0,799417.0
0.046,419,0.0699,0.031,0.9902,26327329.0,799417.0
0.046,420,0.0701,0.031,0.9902,26393966.0,799417.0
0.0461,421,0.0702,0.0309,0.9902,26397621.0,799417.0
0.0461,422,0.0704,0.0308,0.9902,26500730.0,799417.0
0.0461,423,0.0706,0.0307,0.9902,26586135.0,799417.0
0.0462,424,0.0707,0.0307,0.9902,26644854.0,799417.0
0.0462,425,0.0709,0.0306,0.9902,26691802.0,799417.0
0.0462,426,0.0711,0.0305,0.9902,26781143.0,799417.0
0.0464,427,0.0712,0.0328,0.9894,26781143.0,1284715.0
0.0465,428,0.0714,0.0327,0.9894,26847660.0,1284715.0
0.0465,429,0.0716,0.0326,0.9894,26909266.0,1284715.0
0.0465,430,0.0718,0.0326,0.9894,27044793.0,1284715.0
0.0465,431,0.0719,0.0325,0.9894,27157321.0,1284715.0
0.0466,432,0.0721,0.0324,0.9894,27216397.0,1284715.0
0.0466,433,0.0723,0.0323,0.9894,27348647.0,1284715.0
0.0466,434,0.0724,0.0323,0.9894,27511165.0,1284715.0
0.0466,435,0.0726,0.0322,0.9894,27515708.0,1284715.0
0.0467,436,0.0728,0.0321,0.9894,27560542.0,1284715.0
0.0467,437,0.0729,0.032,0.9894,27565507.0,1284715.0
0.0467,438,0.0731,0.032,0.9894,27574028.0,1284715.0
0.0467,439,0.0733,0.0319,0.9894,27616005.0,1284715.0
0.0468,440,0.0734,0.0318,0.9894,27663555.0,1284715.0
0.0468,441,0.0736,0.0317,0.9894,27744083.0,1284715.0
0.0469,442,0.0738,0.0317,0.9894,27938463.0,1284715.0
0.0469,443,0.0739,0.0316,0.9894,27972420.0,1284715.0
0.0469,444,0.0741,0.0315,0.9894,27978306.0,1284715.0
0.0469,445,0.0743,0.0315,0.9894,28355555.0,1284715.0
0.047,446,0.0744,0.0314,0.9894,28365702.0,1284715.0
0.047,447,0.0746,0.0313,0.9894,28421325.0,1284715.0
0.0471,448,0.0748,0.0312,0.9894,28464968.0,1284715.0
0.0471,449,0.0749,0.0312,0.9894,28482492.0,1284715.0
0.0471,450,0.0751,0.0311,0.9894,28524632.0,1284715.0
0.0472,451,0.0753,0.031,0.9894,28564568.0,1284715.0
0.0472,452,0.0754,0.031,0.9894,28580796.0,1284715.0
0.0472,453,0.0756,0.0309,0.9894,28638904.0,1284715.0
0.0472,454,0.0758,0.0308,0.9894,28717239.0,1284715.0
0.0473,455,0.0759,0.0308,0.9894,28775547.0,1284715.0
0.0473,456,0.0761,0.0307,0.9894,28786336.0,1284715.0
0.0474,457,0.0763,0.0306,0.9894,28828953.0,1284715.0
0.0474,458,0.0764,0.0306,0.9894,28988872.0,1284715.0
0.0475,459,0.0766,0.0327,0.9887,28988872.0,1293529.0
0.0476,460,0.0768,0.0326,0.9887,29067072.0,1293529.0
0.0476,461,0.0769,0.0325,0.9887,29095039.0,1293529.0
0.0477,462,0.0771,0.0325,0.9887,29096397.0,1293529.0
0.0477,463,0.0773,0.0324,0.9887,29161272.0,1293529.0
0.0478,464,0.0774,0.0323,0.9887,29214096.0,1293529.0
0.0478,465,0.0776,0.0323,0.9887,29572116.0,1293529.0
0.0479,466,0.0778,0.0322,0.9887,29635620.0,1293529.0
0.048,467,0.0779,0.0321,0.9887,29654284.0,1293529.0
0.048,468,0.0781,0.0321,0.9887,29723838.0,1293529.0
0.048,469,0.0783,0.032,0.9887,29791778.0,1293529.0
0.048,470,0.0784,0.0319,0.9887,29811415.0,1293529.0
0.0481,471,0.0786,0.0318,0.9887,29878274.0,1293529.0
0.0481,472,0.0788,0.0318,0.9887,30056536.0,1293529.0
0.0481,473,0.0789,0.0317,0.9887,30084405.0,1293529.0
0.0481,474,0.0791,0.0316,0.9887,30091893.0,1293529.0
0.0481,475,0.0793,0.0316,0.9887,30125977.0,1293529.0
0.0481,476,0.0794,0.0315,0.9887,30163053.0,1293529.0
0.0481,477,0.0796,0.0314,0.9887,30306398.0,1293529.0
0.0482,478,0.0798,0.0314,0.9887,30574935.0,1293529.0
0.0482,479,0.0799,0.0313,0.9887,30762271.0,1293529.0
0.0482,480,0.0801,0.0312,0.9887,30809935.0,1293529.0
0.0482,481,0.0803,0.0312,0.9887,30885782.0,1293529.0
0.0482,482,0.0804,0.0311,0.9887,31025780.0,1293529.0
0.0483,483,0.0806,0.0311,0.9887,31039489.0,1293529.0
0.0484,484,0.0808,0.031,0.9887,31184296.0,1293529.0
0.0485,485,0.0809,0.0309,0.9887,31213659.0,1293529.0
0.0485,486,0.0811,0.0309,0.9887,31319445.0,1293529.0
0.0485,487,0.0813,0.0308,0.9887,31458429.0,1293529.0
0.0485,488,0.0814,0.0307,0.9887,31466459.0,1293529.0
0.0485,489,0.0816,0.0307,0.9887,31641062.0,1293529.0
0.0486,490,0.0818,0.0306,0.9887,31708710.0,1293529.0
0.0486,491,0.0819,0.0305,0.9887,31728067.0,1293529.0
0.0487,492,0.0821,0.0305,0.9887,31791768.0,1293529.0
0.0487,493,0.0823,0.0304,0.9887,31800346.0,1293529.0
0.0487,494,0.0824,0.0304,0.9887,31953081.0,1293529.0
0.0487,495,0.0826,0.0303,0.9887,32090817.0,1293529.0
0.0488,496,0.0828,0.0302,0.9887,32100059.0,1293529.0
0.0488,497,0.0829,0.0302,0.9887,32101015.0,1293529.0
0.0488,498,0.0831,0.0301,0.9887,32112703.0,1293529.0
0.0488,499,0.0833,0.0301,0.9887,32178817.0,1293529.0
0.0488,500,0.0834,0.03,0.9887,32196951.0,1293529.0
0.049,501,0.0836,0.0299,0.9887,32256747.0,1293529.0
0.049,502,0.0838,0.0299,0.9887,32279854.0,1293529.0
0.049,503,0.0839,0.0298,0.9887,32335200.0,1293529.0
0.049,504,0.0841,0.0298,0.9887,32362421.0,1293529.0
0.049,505,0.0843,0.0297,0.9887,32482633.0,1293529.0
0.049,506,0.0844,0.0296,0.9887,32538997.0,1293529.0
0.049,507,0.0846,0.0296,0.9887,32669697.0,1293529.0
0.0491,508,0.0848,0.0295,0.9887,32678397.0,1293529.0
0.0491,509,0.0849,0.0314,0.9879,32678397.0,1306288.0
0.0492,510,0.0851,0.0314,0.9879,32750262.0,1306288.0
0.0492,511,0.0853,0.0313,0.9879,32827670.0,1306288.0
0.0492,512,0.0854,0.0312,0.9879,32935020.0,1306288.0
0.0493,513,0.0856,0.0312,0.9879,32946709.0,1306288.0
0.0493,514,0.0858,0.0311,0.9879,32951069.0,1306288.0
0.0493,515,0.0859,0.0311,0.9879,32988656.0,1306288.0
0.0494,516,0.0861,0.031,0.9879,33128460.0,1306288.0
0.0494,517,0.0863,0.0309,0.9879,33261834.0,1306288.0
0.0495,518,0.0864,0.0309,0.9879,33281303.0,1306288.0
0.0495,519,0.0866,0.0308,0.9879,33287478.0,1306288.0
0.0495,520,0.0868,0.0327,0.9872,33287478.0,1317928.0
0.0495,521,0.0869,0.0326,0.9872,33322693.0,1317928.0
0.0495,522,0.0871,0.0326,0.9872,33372034.0,1317928.0
0.0495,523,0.0873,0.0325,0.9872,33420798.0,1317928.0
0.0495,524,0.0874,0.0344,0.9864,33420798.0,1333881.0
0.0495,525,0.0876,0.0343,0.9864,33427196.0,1333881.0
0.0495,526,0.0878,0.0342,0.9864,33432548.0,1333881.0
0.0496,527,0.0879,0.0342,0.9864,33458727.0,1333881.0
0.0496,528,0.0881,0.0341,0.9864,33536025.0,1333881.0
0.0496,529,0.0883,0.034,0.9864,33566202.0,1333881.0
0.0497,530,0.0884,0.034,0.9864,33652776.0,1333881.0
0.0497,531,0.0886,0.0339,0.9864,33666396.0,1333881.0
0.0497,532,0.0888,0.0338,0.9864,33702035.0,1333881.0
0.0498,533,0.0889,0.0338,0.9864,33964009.0,1333881.0
0.0499,534,0.0891,0.0337,0.9864,34067724.0,1333881.0
0.0499,535,0.0893,0.0336,0.9864,34244727.0,1333881.0
0.0499,536,0.0894,0.0336,0.9864,34256008.0,1333881.0
0.0499,537,0.0896,0.0335,0.9864,34306130.0,1333881.0
0.05,538,0.0898,0.0335,0.9864,34432243.0,1333881.0
0.05,539,0.0899,0.0353,0.9857,34432243.0,1365897.0
0.05,540,0.0901,0.0352,0.9857,34449327.0,1365897.0
0.0501,541,0.0903,0.0351,0.9857,34578148.0,1365897.0
0.0501,542,0.0904,0.0351,0.9857,34646800.0,1365897.0
0.0501,543,0.0906,0.035,0.9857,34829216.0,1365897.0
0.0502,544,0.0908,0.0349,0.9857,34838187.0,1365897.0
0.0502,545,0.0909,0.0349,0.9857,34850296.0,1365897.0
0.0503,546,0.0911,0.0348,0.9857,35031417.0,1365897.0
0.0503,547,0.0913,0.0347,0.9857,35155230.0,1365897.0
0.0503,548,0.0914,0.0347,0.9857,35240787.0,1365897.0
0.0504,549,0.0916,0.0346,0.9857,35249884.0,1365897.0
0.0504,550,0.0918,0.0345,0.9857,35296524.0,1365897.0
0.0504,551,0.0919,0.0345,0.9857,35418082.0,1365897.0
0.0505,552,0.0921,0.0344,0.9857,35516015.0,1365897.0
0.0505,553,0.0923,0.0344,0.9857,35633286.0,1365897.0
0.0506,554,0.0924,0.0343,0.9857,35650772.0,1365897.0
0.0506,555,0.0926,0.0342,0.9857,35720977.0,1365897.0
0.0506,556,0.0928,0.0342,0.9857,35868155.0,1365897.0
0.0506,557,0.0929,0.0341,0.9857,35901212.0,1365897.0
0.0507,558,0.0931,0.0341,0.9857,35985880.0,1365897.0
0.0507,559,0.0933,0.034,0.9857,36077681.0,1365897.0
0.0508,560,0.0934,0.0339,0.9857,36085060.0,1365897.0
0.0509,561,0.0936,0.0357,0.9849,36085060.0,1366462.0
0.0509,562,0.0938,0.0356,0.9849,36109913.0,1366462.0
0.0509,563,0.0939,0.0355,0.9849,36168969.0,1366462.0
0.0512,564,0.0941,0.0355,0.9849,36208437.0,1366462.0
0.0512,565,0.0943,0.0354,0.9849,36232167.0,1366462.0
0.0513,566,0.0944,0.0353,0.9849,36270977.0,1366462.0
0.0513,567,0.0946,0.0353,0.9849,36288430.0,1366462.0
0.0515,568,0.0948,0.0352,0.9849,36324356.0,1366462.0
0.0515,569,0.0949,0.0351,0.9849,36333851.0,1366462.0
0.0515,570,0.0951,0.0351,0.9849,36489778.0,1366462.0
0.0516,571,0.0953,0.035,0.9849,36592981.0,1366462.0
0.0516,572,0.0954,0.035,0.9849,36641187.0,1366462.0
0.0516,573,0.0956,0.0349,0.9849,36655280.0,1366462.0
0.0517,574,0.0958,0.0348,0.9849,36665958.0,1366462.0
0.0517,575,0.0959,0.0348,0.9849,36815851.0,1366462.0
0.0518,576,0.0961,0.0347,0.9849,36887603.0,1366462.0
0.0518,577,0.0963,0.0347,0.9849,36926545.0,1366462.0
0.0518,578,0.0964,0.0346,0.9849,36983525.0,1366462.0
0.0518,579,0.0966,0.0345,0.9849,37069774.0,1366462.0
0.0519,580,0.0968,0.0345,0.9849,37074607.0,1366462.0
0.052,581,0.0969,0.0344,0.9849,37084158.0,1366462.0
0.052,582,0.0971,0.0344,0.9849,37142295.0,1366462.0
0.052,583,0.0973,0.0343,0.9849,37279055.0,1366462.0
0.052,584,0.0974,0.0342,0.9849,37320934.0,1366462.0
0.052,585,0.0976,0.0342,0.9849,37412216.0,1366462.0
0.0521,586,0.0978,0.0341,0.9849,37426610.0,1366462.0
0.0521,587,0.0979,0.0341,0.9849,37427992.0,1366462.0
0.0521,588,0.0981,0.034,0.9849,37434043.0,1366462.0
0.0521,589,0.0983,0.034,0.9849,37434043.0,1366462.0
0.0522,590,0.0984,0.0339,0.9849,37441518.0,1366462.0
0.0523,591,0.0986,0.0338,0.9849,37453007.0,1366462.0
0.0523,592,0.0988,0.0338,0.9849,37513075.0,1366462.0
0.0523,593,0.0989,0.0337,0.9849,37539043.0,1366462.0
0.0523,594,0.0991,0.0354,0.9842,37539043.0,1495464.0
0.0524,595,0.0993,0.0353,0.9842,37588437.0,1495464.0
0.0524,596,0.0994,0.0352,0.9842,37700840.0,1495464.0
0.0524,597,0.0996,0.0352,0.9842,37715858.0,1495464.0
0.0526,598,0.0998,0.0351,0.9842,37729489.0,1495464.0
0.0526,599,0.0999,0.0351,0.9842,37797375.0,1495464.0
0.0526,600,0.1001,0.035,0.9842,37848374.0,1495464.0
0.0527,601,0.1003,0.0349,0.9842,38090920.0,1495464.0
0.0527,602,0.1005,0.0349,0.9842,38274970.0,1495464.0
0.0527,603,0.1006,0.0348,0.9842,38283984.0,1495464.0
0.0527,604,0.1008,0.0348,0.9842,38320497.0,1495464.0
0.0527,605,0.101,0.0347,0.9842,38420571.0,1495464.0
0.0527,606,0.1011,0.0347,0.9842,38489009.0,1495464.0
0.0527,607,0.1013,0.0346,0.9842,38504646.0,1495464.0
0.0527,608,0.1015,0.0345,0.9842,38644365.0,1495464.0
0.0528,609,0.1016,0.0345,0.9842,38695266.0,1495464.0
0.0528,610,0.1018,0.0344,0.9842,38829762.0,1495464.0
0.0529,611,0.102,0.0344,0.9842,38956294.0,1495464.0
0.053,612,0.1021,0.0343,0.9842,39007695.0,1495464.0
0.053,613,0.1023,0.0343,0.9842,39017307.0,1495464.0
0.053,614,0.1025,0.0342,0.9842,39055665.0,1495464.0
0.053,615,0.1026,0.0341,0.9842,39063283.0,1495464.0
0.0531,616,0.1028,0.0341,0.9842,39127551.0,1495464.0
0.0531,617,0.103,0.034,0.9842,39133323.0,1495464.0
0.0532,618,0.1031,0.034,0.9842,39243795.0,1495464.0
0.0532,619,0.1033,0.0339,0.9842,39257549.0,1495464.0
0.0532,620,0.1035,0.0339,0.9842,39264660.0,1495464.0
0.0532,621,0.1036,0.0338,0.9842,39382927.0,1495464.0
0.0532,622,0.1038,0.0338,0.9842,39391140.0,1495464.0
0.0533,623,0.104,0.0337,0.9842,39394844.0,1495464.0
0.0533,624,0.1041,0.0337,0.9842,39530039.0,1495464.0
0.0533,625,0.1043,0.0336,0.9842,39557923.0,1495464.0
0.0533,626,0.1045,0.0335,0.9842,39561360.0,1495464.0
0.0533,627,0.1046,0.0335,0.9842,39588354.0,1495464.0
0.0533,628,0.1048,0.0334,0.9842,39654977.0,1495464.0
0.0534,629,0.105,0.0334,0.9842,39779603.0,1495464.0
0.0534,630,0.1051,0.0333,0.9842,39830871.0,1495464.0
0.0535,631,0.1053,0.0333,0.9842,39915692.0,1495464.0
0.0535,632,0.1055,0.0332,0.9842,39928814.0,1495464.0
0.0536,633,0.1056,0.0332,0.9842,39939261.0,1495464.0
0.0537,634,0.1058,0.0331,0.9842,40040119.0,1495464.0
0.0537,635,0.106,0.0331,0.9842,40170001.0,1495464.0
0.0537,636,0.1061,0.033,0.9842,40225397.0,1495464.0
0.0538,637,0.1063,0.033,0.9842,40310437.0,1495464.0
0.0538,638,0.1065,0.0329,0.9842,40345675.0,1495464.0
0.0538,639,0.1066,0.0329,0.9842,40670144.0,1495464.0
0.0539,640,0.1068,0.0328,0.9842,40745334.0,1495464.0
0.0539,641,0.107,0.0328,0.9842,40825349.0,1495464.0
0.0539,642,0.1071,0.0327,0.9842,40955723.0,1495464.0
0.054,643,0.1073,0.0327,0.9842,40962734.0,1495464.0
0.054,644,0.1075,0.0326,0.9842,40974784.0,1495464.0
0.054,645,0.1076,0.0326,0.9842,41002073.0,1495464.0
0.0541,646,0.1078,0.0341,0.9834,41002073.0,1505419.0
0.0542,647,0.108,0.034,0.9834,41006156.0,1505419.0
0.0542,648,0.1081,0.034,0.9834,41061060.0,1505419.0
0.0542,649,0.1083,0.0354,0.9827,41061060.0,1562109.0
0.0542,650,0.1085,0.0354,0.9827,41062317.0,1562109.0
0.0542,651,0.1086,0.0353,0.9827,41063707.0,1562109.0
0.0543,652,0.1088,0.0353,0.9827,41107886.0,1562109.0
0.0544,653,0.109,0.0352,0.9827,41181394.0,1562109.0
0.0545,654,0.1091,0.0352,0.9827,41217545.0,1562109.0
0.0545,655,0.1093,0.0351,0.9827,41402964.0,1562109.0
0.0545,656,0.1095,0.0351,0.9827,41411888.0,1562109.0
0.0545,657,0.1096,0.035,0.9827,41501791.0,1562109.0
0.0545,658,0.1098,0.0365,0.9819,41501791.0,1570475.0
0.0546,659,0.11,0.0364,0.9819,41539428.0,1570475.0
0.0546,660,0.1101,0.0364,0.9819,41545725.0,1570475.0
0.0546,661,0.1103,0.0363,0.9819,41562914.0,1570475.0
0.0547,662,0.1105,0.0363,0.9819,41584151.0,1570475.0
0.0547,663,0.1106,0.0362,0.9819,41689498.0,1570475.0
0.0547,664,0.1108,0.0361,0.9819,41883499.0,1570475.0
0.0548,665,0.111,0.0361,0.9819,42016729.0,1570475.0
0.0548,666,0.1111,0.036,0.9819,42145031.0,1570475.0
0.0548,667,0.1113,0.036,0.9819,42271726.0,1570475.0
0.0548,668,0.1115,0.0374,0.9811,42271726.0,1740751.0
0.0548,669,0.1116,0.0374,0.9811,42281351.0,1740751.0
0.0548,670,0.1118,0.0373,0.9811,42283966.0,1740751.0
0.0548,671,0.112,0.0373,0.9811,42332054.0,1740751.0
0.0548,672,0.1121,0.0372,0.9811,42336653.0,1740751.0
0.0549,673,0.1123,0.0386,0.9804,42336653.0,1740949.0
0.0549,674,0.1125,0.0386,0.9804,42340897.0,1740949.0
0.055,675,0.1126,0.0385,0.9804,42394274.0,1740949.0
0.055,676,0.1128,0.0385,0.9804,42407508.0,1740949.0
0.055,677,0.113,0.0384,0.9804,42808288.0,1740949.0
0.055,678,0.1131,0.0383,0.9804,42864990.0,1740949.0
0.055,679,0.1133,0.0383,0.9804,43079267.0,1740949.0
0.0551,680,0.1135,0.0382,0.9804,43094803.0,1740949.0
0.0551,681,0.1136,0.0382,0.9804,43133057.0,1740949.0
0.0551,682,0.1138,0.0381,0.9804,43220349.0,1740949.0
0.0551,683,0.114,0.0381,0.9804,43363197.0,1740949.0
0.0551,684,0.1141,0.038,0.9804,43436981.0,1740949.0
0.0551,685,0.1143,0.038,0.9804,43439711.0,1740949.0
0.0552,686,0.1145,0.0379,0.9804,43459026.0,1740949.0
0.0552,687,0.1146,0.0378,0.9804,43541182.0,1740949.0
0.0552,688,0.1148,0.0378,0.9804,43556291.0,1740949.0
0.0552,689,0.115,0.0377,0.9804,43745570.0,1740949.0
0.0552,690,0.1151,0.0377,0.9804,43752119.0,1740949.0
0.0553,691,0.1153,0.0376,0.9804,43920301.0,1740949.0
0.0554,692,0.1155,0.0376,0.9804,43943105.0,1740949.0
0.0554,693,0.1156,0.0375,0.9804,43957351.0,1740949.0
0.0554,694,0.1158,0.0375,0.9804,43970198.0,1740949.0
0.0554,695,0.116,0.0374,0.9804,44012812.0,1740949.0
0.0555,696,0.1161,0.0374,0.9804,44078343.0,1740949.0
0.0555,697,0.1163,0.0373,0.9804,44081685.0,1740949.0
0.0555,698,0.1165,0.0372,0.9804,44209624.0,1740949.0
0.0555,699,0.1166,0.0372,0.9804,44209921.0,1740949.0
0.0555,700,0.1168,0.0371,0.9804,44262117.0,1740949.0
0.0556,701,0.117,0.0371,0.9804,44463783.0,1740949.0
0.0557,702,0.1171,0.037,0.9804,44463783.0,1740949.0
0.0557,703,0.1173,0.037,0.9804,44573789.0,1740949.0
0.0557,704,0.1175,0.0369,0.9804,44696712.0,1740949.0
0.0558,705,0.1176,0.0369,0.9804,44802444.0,1740949.0
0.0558,706,0.1178,0.0368,0.9804,44817570.0,1740949.0
0.0558,707,0.118,0.0368,0.9804,44832467.0,1740949.0
0.0558,708,0.1181,0.0367,0.9804,44876186.0,1740949.0
0.0558,709,0.1183,0.0367,0.9804,44882090.0,1740949.0
0.0559,710,0.1185,0.0366,0.9804,45142446.0,1740949.0
0.0559,711,0.1186,0.0366,0.9804,45254565.0,1740949.0
0.0559,712,0.1188,0.0365,0.9804,45287480.0,1740949.0
0.0561,713,0.119,0.0365,0.9804,45297084.0,1740949.0
0.0562,714,0.1191,0.0364,0.9804,45312251.0,1740949.0
0.0562,715,0.1193,0.0364,0.9804,45485009.0,1740949.0
0.0563,716,0.1195,0.0363,0.9804,45502809.0,1740949.0
0.0564,717,0.1196,0.0363,0.9804,45534970.0,1740949.0
0.0564,718,0.1198,0.0362,0.9804,45567162.0,1740949.0
0.0564,719,0.12,0.0362,0.9804,45586667.0,1740949.0
0.0565,720,0.1201,0.0361,0.9804,45654172.0,1740949.0
0.0565,721,0.1203,0.0361,0.9804,45659655.0,1740949.0
0.0565,722,0.1205,0.036,0.9804,45661836.0,1740949.0
0.0565,723,0.1206,0.036,0.9804,45671084.0,1740949.0
0.0566,724,0.1208,0.0359,0.9804,45782274.0,1740949.0
0.0567,725,0.121,0.0359,0.9804,45828850.0,1740949.0
0.0567,726,0.1211,0.0372,0.9796,45828850.0,1759756.0
0.0568,727,0.1213,0.0371,0.9796,45896126.0,1759756.0
0.0568,728,0.1215,0.0371,0.9796,45938344.0,1759756.0
0.0568,729,0.1216,0.037,0.9796,45942384.0,1759756.0
0.0568,730,0.1218,0.037,0.9796,45966131.0,1759756.0
0.0568,731,0.122,0.0369,0.9796,45978220.0,1759756.0
0.0568,732,0.1221,0.0369,0.9796,45978681.0,1759756.0
0.0569,733,0.1223,0.0368,0.9796,46051904.0,1759756.0
0.0569,734,0.1225,0.0368,0.9796,46089150.0,1759756.0
0.0569,735,0.1226,0.0367,0.9796,46154082.0,1759756.0
0.0569,736,0.1228,0.0367,0.9796,46156374.0,1759756.0
0.0569,737,0.123,0.0366,0.9796,46192241.0,1759756.0
0.0569,738,0.1231,0.0366,0.9796,46229539.0,1759756.0
0.057,739,0.1233,0.0365,0.9796,46276807.0,1759756.0
0.057,740,0.1235,0.0365,0.9796,46301409.0,1759756.0
0.057,741,0.1236,0.0364,0.9796,46401334.0,1759756.0
0.0571,742,0.1238,0.0364,0.9796,46426973.0,1759756.0
0.0571,743,0.124,0.0363,0.9796,46432622.0,1759756.0
0.0571,744,0.1241,0.0363,0.9796,46506113.0,1759756.0
0.0572,745,0.1243,0.0362,0.9796,46650819.0,1759756.0
0.0572,746,0.1245,0.0362,0.9796,46673448.0,1759756.0
0.0572,747,0.1246,0.0375,0.9789,46673448.0,1916167.0
0.0573,748,0.1248,0.0374,0.9789,46693824.0,1916167.0
0.0573,749,0.125,0.0374,0.9789,46699543.0,1916167.0
0.0573,750,0.1251,0.0373,0.9789,46750819.0,1916167.0
0.0573,751,0.1253,0.0373,0.9789,46780911.0,1916167.0
0.0573,752,0.1255,0.0372,0.9789,46867825.0,1916167.0
0.0574,753,0.1256,0.0372,0.9789,46885201.0,1916167.0
0.0574,754,0.1258,0.0371,0.9789,46889151.0,1916167.0
0.0574,755,0.126,0.0371,0.9789,46915280.0,1916167.0
0.0574,756,0.1261,0.037,0.9789,47045056.0,1916167.0
0.0574,757,0.1263,0.037,0.9789,47075874.0,1916167.0
0.0575,758,0.1265,0.0369,0.9789,47079149.0,1916167.0
0.0575,759,0.1266,0.0369,0.9789,47168544.0,1916167.0
0.0575,760,0.1268,0.0368,0.9789,47183289.0,1916167.0
0.0575,761,0.127,0.0381,0.9781,47183289.0,1927509.0
0.0576,762,0.1271,0.0394,0.9774,47183289.0,1938471.0
0.0576,763,0.1273,0.0393,0.9774,47272255.0,1938471.0
0.0576,764,0.1275,0.0393,0.9774,47305494.0,1938471.0
0.0577,765,0.1276,0.0392,0.9774,47386242.0,1938471.0
0.0577,766,0.1278,0.0392,0.9774,47439013.0,1938471.0
0.0577,767,0.128,0.0391,0.9774,47444549.0,1938471.0
0.0577,768,0.1281,0.0391,0.9774,47513669.0,1938471.0
0.0578,769,0.1283,0.039,0.9774,47671649.0,1938471.0
0.0578,770,0.1285,0.039,0.9774,47715418.0,1938471.0
0.0578,771,0.1287,0.0389,0.9774,47800297.0,1938471.0
0.0579,772,0.1288,0.0389,0.9774,48077673.0,1938471.0
0.058,773,0.129,0.0388,0.9774,48204091.0,1938471.0
0.058,774,0.1292,0.0388,0.9774,48205477.0,1938471.0
0.058,775,0.1293,0.0387,0.9774,48292638.0,1938471.0
0.058,776,0.1295,0.0387,0.9774,48520117.0,1938471.0
0.058,777,0.1297,0.0386,0.9774,48576554.0,1938471.0
0.058,778,0.1298,0.0386,0.9774,48611760.0,1938471.0
0.0581,779,0.13,0.0385,0.9774,48621539.0,1938471.0
0.0582,780,0.1302,0.0385,0.9774,48666539.0,1938471.0
0.0582,781,0.1303,0.0384,0.9774,48690938.0,1938471.0
0.0583,782,0.1305,0.0384,0.9774,48698877.0,1938471.0
0.0583,783,0.1307,0.0383,0.9774,48853804.0,1938471.0
0.0584,784,0.1308,0.0383,0.9774,48865235.0,1938471.0
0.0584,785,0.131,0.0382,0.9774,48865235.0,1938471.0
0.0584,786,0.1312,0.0382,0.9774,48959098.0,1938471.0
0.0585,787,0.1313,0.0381,0.9774,49144425.0,1938471.0
0.0586,788,0.1315,0.0381,0.9774,49241494.0,1938471.0
0.0586,789,0.1317,0.038,0.9774,49297053.0,1938471.0
0.0586,790,0.1318,0.038,0.9774,49439171.0,1938471.0
0.0586,791,0.132,0.0379,0.9774,49459172.0,1938471.0
0.0587,792,0.1322,0.0379,0.9774,49461271.0,1938471.0
0.0587,793,0.1323,0.0378,0.9774,49537716.0,1938471.0
0.0587,794,0.1325,0.0378,0.9774,49591902.0,1938471.0
0.0587,795,0.1327,0.0377,0.9774,49644808.0,1938471.0
0.0587,796,0.1328,0.0377,0.9774,49780711.0,1938471.0
0.0588,797,0.133,0.0376,0.9774,49915375.0,1938471.0
0.0588,798,0.1332,0.0376,0.9774,49984544.0,1938471.0
0.0588,799,0.1333,0.0375,0.9774,50127449.0,1938471.0
0.0588,800,0.1335,0.0375,0.9774,50404972.0,1938471.0
0.0589,801,0.1337,0.0375,0.9774,50476277.0,1938471.0
0.0589,802,0.1338,0.0374,0.9774,50534383.0,1938471.0
0.0589,803,0.134,0.0374,0.9774,50543119.0,1938471.0
0.0589,804,0.1342,0.0373,0.9774,50557644.0,1938471.0
0.0589,805,0.1343,0.0373,0.9774,50559862.0,1938471.0
0.0589,806,0.1345,0.0372,0.9774,50565035.0,1938471.0
0.059,807,0.1347,0.0372,0.9774,50607775.0,1938471.0
0.059,808,0.1348,0.0371,0.9774,50619178.0,1938471.0
0.059,809,0.135,0.0371,0.9774,50784252.0,1938471.0
0.059,810,0.1352,0.037,0.9774,50789685.0,1938471.0
0.0591,811,0.1353,0.037,0.9774,50797042.0,1938471.0
0.0591,812,0.1355,0.0369,0.9774,50837520.0,1938471.0
0.0591,813,0.1357,0.0369,0.9774,50975345.0,1938471.0
0.0591,814,0.1358,0.0369,0.9774,51011842.0,1938471.0
0.0592,815,0.136,0.0368,0.9774,51072367.0,1938471.0
0.0592,816,0.1362,0.0368,0.9774,51120869.0,1938471.0
0.0592,817,0.1363,0.0367,0.9774,51144060.0,1938471.0
0.0593,818,0.1365,0.0367,0.9774,51378764.0,1938471.0
0.0593,819,0.1367,0.0366,0.9774,51379697.0,1938471.0
0.0593,820,0.1368,0.0366,0.9774,51422825.0,1938471.0
0.0593,821,0.137,0.0378,0.9766,51422825.0,1941691.0
0.0594,822,0.1372,0.0377,0.9766,51460752.0,1941691.0
0.0594,823,0.1373,0.0377,0.9766,51510872.0,1941691.0
0.0595,824,0.1375,0.0376,0.9766,51549567.0,1941691.0
0.0595,825,0.1377,0.0388,0.9759,51549567.0,1961037.0
0.0595,826,0.1378,0.0387,0.9759,51629328.0,1961037.0
0.0595,827,0.138,0.0387,0.9759,51708419.0,1961037.0
0.0595,828,0.1382,0.0386,0.9759,51740469.0,1961037.0
0.0595,829,0.1383,0.0386,0.9759,51752818.0,1961037.0
0.0595,830,0.1385,0.0386,0.9759,51775526.0,1961037.0
0.0596,831,0.1387,0.0385,0.9759,51862409.0,1961037.0
0.0596,832,0.1388,0.0385,0.9759,51868044.0,1961037.0
0.0596,833,0.139,0.0384,0.9759,51869517.0,1961037.0
0.0596,834,0.1392,0.0384,0.9759,51981884.0,1961037.0
0.0596,835,0.1393,0.0383,0.9759,52109455.0,1961037.0
0.0597,836,0.1395,0.0383,0.9759,52123991.0,1961037.0
0.0597,837,0.1397,0.0382,0.9759,52161981.0,1961037.0
0.0598,838,0.1398,0.0382,0.9759,52164986.0,1961037.0
0.0598,839,0.14,0.0381,0.9759,52244094.0,1961037.0
0.0598,840,0.1402,0.0381,0.9759,52246489.0,1961037.0
0.0599,841,0.1403,0.038,0.9759,52411123.0,1961037.0
0.0599,842,0.1405,0.038,0.9759,52414225.0,1961037.0
0.0599,843,0.1407,0.038,0.9759,52607595.0,1961037.0
0.0599,844,0.1408,0.0379,0.9759,52634973.0,1961037.0
0.06,845,0.141,0.0379,0.9759,52767959.0,1961037.0
0.06,846,0.1412,0.039,0.9751,52767959.0,2135569.0
0.06,847,0.1413,0.039,0.9751,52785521.0,2135569.0
0.0601,848,0.1415,0.0401,0.9744,52785521.0,2161202.0
0.0601,849,0.1417,0.04,0.9744,52790381.0,2161202.0
0.0602,850,0.1418,0.04,0.9744,52810683.0,2161202.0
0.0602,851,0.142,0.0411,0.9736,52810683.0,2185812.0
0.0603,852,0.1422,0.0411,0.9736,52855303.0,2185812.0
0.0603,853,0.1423,0.041,0.9736,52869540.0,2185812.0
0.0603,854,0.1425,0.041,0.9736,52883520.0,2185812.0
0.0604,855,0.1427,0.0409,0.9736,52889577.0,2185812.0
0.0604,856,0.1428,0.0409,0.9736,52920204.0,2185812.0
0.0604,857,0.143,0.0408,0.9736,52923437.0,2185812.0
0.0605,858,0.1432,0.0408,0.9736,53128062.0,2185812.0
0.0605,859,0.1433,0.0407,0.9736,53134663.0,2185812.0
0.0606,860,0.1435,0.0407,0.9736,53240270.0,2185812.0
0.0606,861,0.1437,0.0407,0.9736,53264512.0,2185812.0
0.0607,862,0.1438,0.0406,0.9736,53314662.0,2185812.0
0.0608,863,0.144,0.0406,0.9736,53319476.0,2185812.0
0.0608,864,0.1442,0.0405,0.9736,53453659.0,2185812.0
0.0609,865,0.1443,0.0405,0.9736,53455961.0,2185812.0
0.0609,866,0.1445,0.0404,0.9736,53459964.0,2185812.0
0.0609,867,0.1447,0.0404,0.9736,53528163.0,2185812.0
0.0609,868,0.1448,0.0403,0.9736,53539128.0,2185812.0
0.0609,869,0.145,0.0403,0.9736,53632896.0,2185812.0
0.061,870,0.1452,0.0414,0.9729,53632896.0,2258468.0
0.061,871,0.1453,0.0413,0.9729,54220896.0,2258468.0
0.061,872,0.1455,0.0413,0.9729,54228203.0,2258468.0
0.0611,873,0.1457,0.0412,0.9729,54289308.0,2258468.0
0.0611,874,0.1458,0.0423,0.9721,54289308.0,2372601.0
0.0611,875,0.146,0.0423,0.9721,54414371.0,2372601.0
0.0612,876,0.1462,0.0434,0.9713,54414371.0,2492809.0
0.0612,877,0.1463,0.0433,0.9713,54478865.0,2492809.0
0.0612,878,0.1465,0.0433,0.9713,54533831.0,2492809.0
0.0612,879,0.1467,0.0432,0.9713,54678145.0,2492809.0
0.0613,880,0.1468,0.0432,0.9713,54702035.0,2492809.0
0.0613,881,0.147,0.0431,0.9713,54744825.0,2492809.0
0.0614,882,0.1472,0.0431,0.9713,54778623.0,2492809.0
0.0614,883,0.1473,0.043,0.9713,54894129.0,2492809.0
0.0614,884,0.1475,0.043,0.9713,54939845.0,2492809.0
0.0615,885,0.1477,0.0429,0.9713,54942745.0,2492809.0
0.0615,886,0.1478,0.0429,0.9713,55045222.0,2492809.0
0.0615,887,0.148,0.0428,0.9713,55051888.0,2492809.0
0.0615,888,0.1482,0.0428,0.9713,55056056.0,2492809.0
0.0616,889,0.1483,0.0427,0.9713,55265290.0,2492809.0
0.0616,890,0.1485,0.0427,0.9713,55291361.0,2492809.0
0.0616,891,0.1487,0.0426,0.9713,55316479.0,2492809.0
0.0616,892,0.1488,0.0426,0.9713,55318246.0,2492809.0
0.0616,893,0.149,0.0426,0.9713,55327974.0,2492809.0
0.0617,894,0.1492,0.0425,0.9713,55328300.0,2492809.0
0.0618,895,0.1493,0.0425,0.9713,55336435.0,2492809.0
0.0618,896,0.1495,0.0424,0.9713,55538877.0,2492809.0
0.0618,897,0.1497,0.0424,0.9713,55576025.0,2492809.0
0.0618,898,0.1498,0.0423,0.9713,55719108.0,2492809.0
0.0618,899,0.15,0.0434,0.9706,55719108.0,2720682.0
0.0619,900,0.1502,0.0433,0.9706,55760592.0,2720682.0
0.0619,901,0.1503,0.0433,0.9706,56047480.0,2720682.0
0.0619,902,0.1505,0.0432,0.9706,56114854.0,2720682.0
0.062,903,0.1507,0.0432,0.9706,56206140.0,2720682.0
0.062,904,0.1508,0.0431,0.9706,56234199.0,2720682.0
0.062,905,0.151,0.0431,0.9706,56256719.0,2720682.0
0.062,906,0.1512,0.043,0.9706,56262605.0,2720682.0
0.0621,907,0.1513,0.043,0.9706,56361466.0,2720682.0
0.0621,908,0.1515,0.043,0.9706,56366401.0,2720682.0
0.0621,909,0.1517,0.044,0.9698,56366401.0,2723544.0
0.0621,910,0.1518,0.044,0.9698,56368749.0,2723544.0
0.0622,911,0.152,0.0439,0.9698,56459199.0,2723544.0
0.0622,912,0.1522,0.0439,0.9698,56469508.0,2723544.0
0.0622,913,0.1523,0.0438,0.9698,56649512.0,2723544.0
0.0622,914,0.1525,0.0438,0.9698,56652801.0,2723544.0
0.0622,915,0.1527,0.0437,0.9698,56761915.0,2723544.0
0.0622,916,0.1528,0.0448,0.9691,56761915.0,2823027.0
0.0623,917,0.153,0.0447,0.9691,56765404.0,2823027.0
0.0623,918,0.1532,0.0447,0.9691,56777049.0,2823027.0
0.0623,919,0.1533,0.0446,0.9691,56816656.0,2823027.0
0.0623,920,0.1535,0.0446,0.9691,56824568.0,2823027.0
0.0623,921,0.1537,0.0445,0.9691,56884948.0,2823027.0
0.0624,922,0.1538,0.0445,0.9691,57257136.0,2823027.0
0.0624,923,0.154,0.0444,0.9691,57361301.0,2823027.0
0.0624,924,0.1542,0.0444,0.9691,57623877.0,2823027.0
0.0625,925,0.1543,0.0443,0.9691,57933952.0,2823027.0
0.0625,926,0.1545,0.0443,0.9691,57958872.0,2823027.0
0.0625,927,0.1547,0.0442,0.9691,57963909.0,2823027.0
0.0626,928,0.1548,0.0442,0.9691,58160818.0,2823027.0
0.0626,929,0.155,0.0441,0.9691,58161451.0,2823027.0
0.0626,930,0.1552,0.0441,0.9691,58730474.0,2823027.0
0.0627,931,0.1553,0.044,0.9691,58766817.0,2823027.0
0.0627,932,0.1555,0.044,0.9691,58794121.0,2823027.0
0.0628,933,0.1557,0.0439,0.9691,58801589.0,2823027.0
0.0628,934,0.1558,0.0439,0.9691,58822590.0,2823027.0
0.0628,935,0.156,0.0439,0.9691,58847054.0,2823027.0
0.0628,936,0.1562,0.0438,0.9691,58880565.0,2823027.0
0.0628,937,0.1563,0.0438,0.9691,58881199.0,2823027.0
0.0628,938,0.1565,0.0437,0.9691,58893135.0,2823027.0
0.0628,939,0.1567,0.0437,0.9691,58899649.0,2823027.0
0.0629,940,0.1568,0.0436,0.9691,58976353.0,2823027.0
0.063,941,0.157,0.0436,0.9691,58985461.0,2823027.0
0.063,942,0.1572,0.0435,0.9691,59000284.0,2823027.0
0.0631,943,0.1574,0.0435,0.9691,59016287.0,2823027.0
0.0631,944,0.1575,0.0445,0.9683,59016287.0,2961886.0
0.0631,945,0.1577,0.0444,0.9683,59041026.0,2961886.0
0.0631,946,0.1579,0.0444,0.9683,59211743.0,2961886.0
0.0631,947,0.158,0.0444,0.9683,59602255.0,2961886.0
0.0632,948,0.1582,0.0443,0.9683,59703057.0,2961886.0
0.0632,949,0.1584,0.0443,0.9683,59837757.0,2961886.0
0.0632,950,0.1585,0.0442,0.9683,59962258.0,2961886.0
0.0632,951,0.1587,0.0442,0.9683,60111350.0,2961886.0
0.0632,952,0.1589,0.0441,0.9683,60178012.0,2961886.0
0.0633,953,0.159,0.0441,0.9683,60264781.0,2961886.0
0.0633,954,0.1592,0.044,0.9683,60324429.0,2961886.0
0.0633,955,0.1594,0.044,0.9683,60431968.0,2961886.0
0.0634,956,0.1595,0.0439,0.9683,60440450.0,2961886.0
0.0634,957,0.1597,0.0439,0.9683,60552583.0,2961886.0
0.0635,958,0.1599,0.0438,0.9683,60706919.0,2961886.0
0.0636,959,0.16,0.0438,0.9683,60707404.0,2961886.0
0.0636,960,0.1602,0.0437,0.9683,60911159.0,2961886.0
0.0636,961,0.1604,0.0437,0.9683,60948488.0,2961886.0
0.0636,962,0.1605,0.0437,0.9683,60949333.0,2961886.0
0.0636,963,0.1607,0.0436,0.9683,61061274.0,2961886.0
0.0636,964,0.1609,0.0436,0.9683,61083583.0,2961886.0
0.0637,965,0.161,0.0435,0.9683,61175723.0,2961886.0
0.0637,966,0.1612,0.0435,0.9683,61219238.0,2961886.0
0.0638,967,0.1614,0.0434,0.9683,61265279.0,2961886.0
0.064,968,0.1615,0.0434,0.9683,61275808.0,2961886.0
0.064,969,0.1617,0.0433,0.9683,61380143.0,2961886.0
0.064,970,0.1619,0.0443,0.9676,61380143.0,2963372.0
0.0641,971,0.162,0.0443,0.9676,61404632.0,2963372.0
0.0641,972,0.1622,0.0442,0.9676,61405592.0,2963372.0
0.0641,973,0.1624,0.0442,0.9676,61426270.0,2963372.0
0.0641,974,0.1625,0.0452,0.9668,61426270.0,2977165.0
0.0642,975,0.1627,0.0451,0.9668,61432362.0,2977165.0
0.0643,976,0.1629,0.0461,0.9661,61432362.0,3032387.0
0.0643,977,0.163,0.0461,0.9661,61595267.0,3032387.0
0.0643,978,0.1632,0.046,0.9661,61665222.0,3032387.0
0.0643,979,0.1634,0.046,0.9661,61685639.0,3032387.0
0.0643,980,0.1635,0.0459,0.9661,61738065.0,3032387.0
0.0644,981,0.1637,0.0459,0.9661,61843100.0,3032387.0
0.0645,982,0.1639,0.0458,0.9661,62105819.0,3032387.0
0.0645,983,0.164,0.0458,0.9661,62175054.0,3032387.0
0.0646,984,0.1642,0.0457,0.9661,62334416.0,3032387.0
0.0646,985,0.1644,0.0457,0.9661,62427093.0,3032387.0
0.0646,986,0.1645,0.0456,0.9661,62436781.0,3032387.0
0.0646,987,0.1647,0.0456,0.9661,62444482.0,3032387.0
0.0646,988,0.1649,0.0455,0.9661,62499110.0,3032387.0
0.0647,989,0.165,0.0455,0.9661,62566989.0,3032387.0
0.0647,990,0.1652,0.0455,0.9661,62566989.0,3032387.0
0.0647,991,0.1654,0.0454,0.9661,62778497.0,3032387.0
0.0647,992,0.1655,0.0454,0.9661,62782416.0,3032387.0
0.0648,993,0.1657,0.0453,0.9661,62839381.0,3032387.0
0.0648,994,0.1659,0.0453,0.9661,62844071.0,3032387.0
0.0649,995,0.166,0.0452,0.9661,62859704.0,3032387.0
0.0649,996,0.1662,0.0452,0.9661,62863382.0,3032387.0
0.065,997,0.1664,0.0451,0.9661,62897815.0,3032387.0
0.065,998,0.1665,0.0451,0.9661,62924465.0,3032387.0
0.0651,999,0.1667,0.045,0.9661,62979702.0,3032387.0
0.0651,1000,0.1669,0.045,0.9661,63032141.0,3032387.0
0.0651,1001,0.167,0.046,0.9653,63032141.0,3199777.0
0.0651,1002,0.1672,0.0459,0.9653,63035285.0,3199777.0
0.0651,1003,0.1674,0.0459,0.9653,63156516.0,3199777.0
0.0652,1004,0.1675,0.0458,0.9653,63196826.0,3199777.0
0.0652,1005,0.1677,0.0458,0.9653,63202583.0,3199777.0
0.0652,1006,0.1679,0.0457,0.9653,63202973.0,3199777.0
0.0652,1007,0.168,0.0457,0.9653,63443824.0,3199777.0
0.0654,1008,0.1682,0.0456,0.9653,63473124.0,3199777.0
0.0654,1009,0.1684,0.0456,0.9653,63571946.0,3199777.0
0.0655,1010,0.1685,0.0455,0.9653,63682380.0,3199777.0
0.0655,1011,0.1687,0.0455,0.9653,63774889.0,3199777.0
0.0655,1012,0.1689,0.0455,0.9653,63821778.0,3199777.0
0.0655,1013,0.169,0.0454,0.9653,63832927.0,3199777.0
0.0655,1014,0.1692,0.0464,0.9646,63832927.0,3205689.0
0.0655,1015,0.1694,0.0463,0.9646,63840328.0,3205689.0
0.0656,1016,0.1695,0.0463,0.9646,63989287.0,3205689.0
0.0656,1017,0.1697,0.0462,0.9646,64030722.0,3205689.0
0.0656,1018,0.1699,0.0462,0.9646,64163406.0,3205689.0
0.0656,1019,0.17,0.0461,0.9646,64341201.0,3205689.0
0.0657,1020,0.1702,0.0461,0.9646,64341591.0,3205689.0
0.0658,1021,0.1704,0.046,0.9646,64356751.0,3205689.0
0.0658,1022,0.1705,0.046,0.9646,64406891.0,3205689.0
0.0658,1023,0.1707,0.0459,0.9646,64414473.0,3205689.0
0.0659,1024,0.1709,0.0459,0.9646,64425841.0,3205689.0
0.0659,1025,0.171,0.0459,0.9646,64430648.0,3205689.0
0.0659,1026,0.1712,0.0458,0.9646,64481429.0,3205689.0
0.0659,1027,0.1714,0.0458,0.9646,64613316.0,3205689.0
0.0659,1028,0.1715,0.0467,0.9638,64613316.0,3215452.0
0.0659,1029,0.1717,0.0476,0.963,64613316.0,3243657.0
0.066,1030,0.1719,0.0476,0.963,64647451.0,3243657.0
0.066,1031,0.172,0.0475,0.963,64906975.0,3243657.0
0.0661,1032,0.1722,0.0475,0.963,65112848.0,3243657.0
0.0661,1033,0.1724,0.0474,0.963,65116891.0,3243657.0
0.0662,1034,0.1725,0.0474,0.963,65304363.0,3243657.0
0.0662,1035,0.1727,0.0483,0.9623,65304363.0,3418904.0
0.0662,1036,0.1729,0.0483,0.9623,65308474.0,3418904.0
0.0663,1037,0.173,0.0482,0.9623,65363191.0,3418904.0
0.0663,1038,0.1732,0.0491,0.9615,65363191.0,3420986.0
0.0664,1039,0.1734,0.0491,0.9615,65366782.0,3420986.0
0.0664,1040,0.1735,0.049,0.9615,65386595.0,3420986.0
0.0664,1041,0.1737,0.049,0.9615,65485130.0,3420986.0
0.0664,1042,0.1739,0.0489,0.9615,65502619.0,3420986.0
0.0664,1043,0.174,0.0489,0.9615,65511051.0,3420986.0
0.0665,1044,0.1742,0.0489,0.9615,65541849.0,3420986.0
0.0665,1045,0.1744,0.0488,0.9615,65568551.0,3420986.0
0.0666,1046,0.1745,0.0488,0.9615,65667425.0,3420986.0
0.0666,1047,0.1747,0.0487,0.9615,65859879.0,3420986.0
0.0666,1048,0.1749,0.0487,0.9615,65875973.0,3420986.0
0.0666,1049,0.175,0.0486,0.9615,66088616.0,3420986.0
0.0666,1050,0.1752,0.0495,0.9608,66088616.0,3466724.0
0.0667,1051,0.1754,0.0495,0.9608,66227014.0,3466724.0
0.0667,1052,0.1755,0.0494,0.9608,66398921.0,3466724.0
0.0667,1053,0.1757,0.0494,0.9608,66440747.0,3466724.0
0.0667,1054,0.1759,0.0493,0.9608,66577700.0,3466724.0
0.0667,1055,0.176,0.0493,0.9608,66725265.0,3466724.0
0.0667,1056,0.1762,0.0492,0.9608,66726150.0,3466724.0
0.0668,1057,0.1764,0.0492,0.9608,66751781.0,3466724.0
0.0668,1058,0.1765,0.0491,0.9608,66796856.0,3466724.0
0.0668,1059,0.1767,0.05,0.96,66796856.0,3487250.0
0.0668,1060,0.1769,0.0509,0.9593,66796856.0,3598746.0
0.0668,1061,0.177,0.0509,0.9593,66804806.0,3598746.0
0.0669,1062,0.1772,0.0508,0.9593,66857581.0,3598746.0
0.0669,1063,0.1774,0.0508,0.9593,67005767.0,3598746.0
0.0669,1064,0.1775,0.0508,0.9593,67017847.0,3598746.0
0.0669,1065,0.1777,0.0507,0.9593,67184835.0,3598746.0
0.067,1066,0.1779,0.0507,0.9593,67386433.0,3598746.0
0.067,1067,0.178,0.0515,0.9585,67386433.0,3598891.0
0.067,1068,0.1782,0.0515,0.9585,67535928.0,3598891.0
0.067,1069,0.1784,0.0514,0.9585,67539232.0,3598891.0
0.067,1070,0.1785,0.0514,0.9585,67579780.0,3598891.0
0.067,1071,0.1787,0.0514,0.9585,67634263.0,3598891.0
0.067,1072,0.1789,0.0513,0.9585,67671888.0,3598891.0
0.0671,1073,0.179,0.0513,0.9585,67748426.0,3598891.0
0.0672,1074,0.1792,0.0512,0.9585,67751548.0,3598891.0
0.0672,1075,0.1794,0.0512,0.9585,67895708.0,3598891.0
0.0672,1076,0.1795,0.0511,0.9585,67940900.0,3598891.0
0.0673,1077,0.1797,0.0511,0.9585,67970651.0,3598891.0
0.0673,1078,0.1799,0.051,0.9585,68116338.0,3598891.0
0.0673,1079,0.18,0.051,0.9585,68124538.0,3598891.0
0.0674,1080,0.1802,0.0509,0.9585,68216705.0,3598891.0
0.0674,1081,0.1804,0.0509,0.9585,68222621.0,3598891.0
0.0674,1082,0.1805,0.0508,0.9585,68226064.0,3598891.0
0.0674,1083,0.1807,0.0508,0.9585,68294139.0,3598891.0
0.0675,1084,0.1809,0.0507,0.9585,68451325.0,3598891.0
0.0675,1085,0.181,0.0507,0.9585,68469362.0,3598891.0
0.0675,1086,0.1812,0.0506,0.9585,68469362.0,3598891.0
0.0675,1087,0.1814,0.0506,0.9585,68470470.0,3598891.0
0.0675,1088,0.1815,0.0515,0.9578,68470470.0,3615234.0
0.0676,1089,0.1817,0.0514,0.9578,68481279.0,3615234.0
0.0676,1090,0.1819,0.0523,0.957,68481279.0,3818923.0
0.0676,1091,0.182,0.0522,0.957,68549008.0,3818923.0
0.0677,1092,0.1822,0.0522,0.957,68695376.0,3818923.0
0.0677,1093,0.1824,0.0522,0.957,68856624.0,3818923.0
0.0677,1094,0.1825,0.0521,0.957,68866397.0,3818923.0
0.0677,1095,0.1827,0.0521,0.957,68907535.0,3818923.0
0.0677,1096,0.1829,0.052,0.957,68970865.0,3818923.0
0.068,1097,0.183,0.052,0.957,69029166.0,3818923.0
0.068,1098,0.1832,0.0519,0.957,69100541.0,3818923.0
0.068,1099,0.1834,0.0519,0.957,69112071.0,3818923.0
0.0681,1100,0.1835,0.0527,0.9563,69112071.0,3849851.0
0.0682,1101,0.1837,0.0527,0.9563,69113977.0,3849851.0
0.0683,1102,0.1839,0.0526,0.9563,69118335.0,3849851.0
0.0683,1103,0.184,0.0526,0.9563,69271314.0,3849851.0
0.0684,1104,0.1842,0.0525,0.9563,69290444.0,3849851.0
0.0684,1105,0.1844,0.0534,0.9555,69290444.0,3897982.0
0.0684,1106,0.1845,0.0533,0.9555,69325022.0,3897982.0
0.0685,1107,0.1847,0.0533,0.9555,69325022.0,3897982.0
0.0685,1108,0.1849,0.0542,0.9548,69325022.0,3898862.0
0.0686,1109,0.185,0.0541,0.9548,69348092.0,3898862.0
0.0686,1110,0.1852,0.0541,0.9548,69358575.0,3898862.0
0.0686,1111,0.1854,0.054,0.9548,69416075.0,3898862.0
0.0687,1112,0.1855,0.054,0.9548,69562465.0,3898862.0
0.0687,1113,0.1857,0.0539,0.9548,69567665.0,3898862.0
0.0687,1114,0.1859,0.0548,0.954,69567665.0,3906908.0
0.0687,1115,0.1861,0.0547,0.954,69588588.0,3906908.0
0.0687,1116,0.1862,0.0547,0.954,69833251.0,3906908.0
0.0688,1117,0.1864,0.0546,0.954,69836032.0,3906908.0
0.0688,1118,0.1866,0.0555,0.9532,69836032.0,3908170.0
0.0688,1119,0.1867,0.0554,0.9532,69925895.0,3908170.0
0.0689,1120,0.1869,0.0554,0.9532,70091300.0,3908170.0
0.0689,1121,0.1871,0.0553,0.9532,70202398.0,3908170.0
0.069,1122,0.1872,0.0553,0.9532,70220834.0,3908170.0
0.069,1123,0.1874,0.0552,0.9532,70336536.0,3908170.0
0.0691,1124,0.1876,0.0552,0.9532,70468300.0,3908170.0
0.0692,1125,0.1877,0.0551,0.9532,70506067.0,3908170.0
0.0693,1126,0.1879,0.0551,0.9532,70509169.0,3908170.0
0.0693,1127,0.1881,0.055,0.9532,70618199.0,3908170.0
0.0693,1128,0.1882,0.055,0.9532,70800700.0,3908170.0
0.0694,1129,0.1884,0.0549,0.9532,70826944.0,3908170.0
0.0695,1130,0.1886,0.0558,0.9525,70826944.0,3943378.0
0.0696,1131,0.1887,0.0557,0.9525,71078211.0,3943378.0
0.0697,1132,0.1889,0.0557,0.9525,71142219.0,3943378.0
0.0697,1133,0.1891,0.0556,0.9525,71168568.0,3943378.0
0.0697,1134,0.1892,0.0556,0.9525,71505290.0,3943378.0
0.0697,1135,0.1894,0.0555,0.9525,71576883.0,3943378.0
0.0698,1136,0.1896,0.0555,0.9525,71627705.0,3943378.0
0.0699,1137,0.1897,0.0554,0.9525,71628644.0,3943378.0
0.0699,1138,0.1899,0.0554,0.9525,71629110.0,3943378.0
0.0699,1139,0.1901,0.0553,0.9525,71707394.0,3943378.0
0.0699,1140,0.1902,0.0553,0.9525,71743436.0,3943378.0
0.0699,1141,0.1904,0.0552,0.9525,71748090.0,3943378.0
0.07,1142,0.1906,0.0552,0.9525,71850592.0,3943378.0
0.07,1143,0.1907,0.0551,0.9525,71852789.0,3943378.0
0.0701,1144,0.1909,0.0551,0.9525,72053401.0,3943378.0
0.0701,1145,0.1911,0.055,0.9525,72508443.0,3943378.0
0.0701,1146,0.1912,0.055,0.9525,72556316.0,3943378.0
0.0702,1147,0.1914,0.0558,0.9517,72556316.0,4148701.0
0.0702,1148,0.1916,0.0557,0.9517,72599804.0,4148701.0
0.0702,1149,0.1917,0.0557,0.9517,72656253.0,4148701.0
0.0702,1150,0.1919,0.0557,0.9517,72707690.0,4148701.0
0.0702,1151,0.1921,0.0556,0.9517,72717279.0,4148701.0
0.0703,1152,0.1922,0.0556,0.9517,72732473.0,4148701.0
0.0703,1153,0.1924,0.0555,0.9517,72734589.0,4148701.0
0.0703,1154,0.1926,0.0555,0.9517,72818001.0,4148701.0
0.0703,1155,0.1927,0.0554,0.9517,72921289.0,4148701.0
0.0703,1156,0.1929,0.0554,0.9517,72934660.0,4148701.0
0.0703,1157,0.1931,0.0553,0.9517,72965507.0,4148701.0
0.0704,1158,0.1932,0.0553,0.9517,73002636.0,4148701.0
0.0704,1159,0.1934,0.0552,0.9517,73002822.0,4148701.0
0.0704,1160,0.1936,0.056,0.951,73002822.0,4193761.0
0.0704,1161,0.1937,0.056,0.951,73270297.0,4193761.0
0.0704,1162,0.1939,0.0559,0.951,73314849.0,4193761.0
0.0704,1163,0.1941,0.0559,0.951,73396059.0,4193761.0
0.0704,1164,0.1942,0.0558,0.951,73402829.0,4193761.0
0.0704,1165,0.1944,0.0558,0.951,73527622.0,4193761.0
0.0705,1166,0.1946,0.0557,0.951,73578761.0,4193761.0
0.0705,1167,0.1947,0.0557,0.951,73619202.0,4193761.0
0.0705,1168,0.1949,0.0557,0.951,73623303.0,4193761.0
0.0705,1169,0.1951,0.0556,0.951,73627416.0,4193761.0
0.0705,1170,0.1952,0.0556,0.951,73678113.0,4193761.0
0.0705,1171,0.1954,0.0555,0.951,73698448.0,4193761.0
0.0705,1172,0.1956,0.0555,0.951,73704978.0,4193761.0
0.0706,1173,0.1957,0.0554,0.951,73707169.0,4193761.0
0.0707,1174,0.1959,0.0554,0.951,73707169.0,4193761.0
0.0707,1175,0.1961,0.0562,0.9502,73707169.0,4200677.0
0.0707,1176,0.1962,0.0561,0.9502,73766461.0,4200677.0
0.0707,1177,0.1964,0.0561,0.9502,73767334.0,4200677.0
0.0708,1178,0.1966,0.056,0.9502,73787334.0,4200677.0
0.0708,1179,0.1967,0.056,0.9502,73810288.0,4200677.0
0.0708,1180,0.1969,0.0559,0.9502,73833592.0,4200677.0
0.0709,1181,0.1971,0.0567,0.9495,73833592.0,4203573.0
0.0709,1182,0.1972,0.0575,0.9487,73833592.0,4480713.0
0.0709,1183,0.1974,0.0575,0.9487,73978136.0,4480713.0
0.0709,1184,0.1976,0.0574,0.9487,74054161.0,4480713.0
0.0709,1185,0.1977,0.0574,0.9487,74063470.0,4480713.0
0.0709,1186,0.1979,0.0573,0.9487,74306334.0,4480713.0
0.071,1187,0.1981,0.0573,0.9487,74316517.0,4480713.0
0.071,1188,0.1982,0.0572,0.9487,74401955.0,4480713.0
0.071,1189,0.1984,0.0572,0.9487,74420838.0,4480713.0
0.071,1190,0.1986,0.0571,0.9487,74425168.0,4480713.0
0.071,1191,0.1987,0.0571,0.9487,74448404.0,4480713.0
0.0711,1192,0.1989,0.057,0.9487,74454279.0,4480713.0
0.0711,1193,0.1991,0.057,0.9487,74460147.0,4480713.0
0.0711,1194,0.1992,0.057,0.9487,74547969.0,4480713.0
0.0712,1195,0.1994,0.0577,0.948,74547969.0,4581719.0
0.0712,1196,0.1996,0.0577,0.948,74574183.0,4581719.0
0.0713,1197,0.1997,0.0576,0.948,74649195.0,4581719.0
0.0713,1198,0.1999,0.0576,0.948,74656737.0,4581719.0
0.0713,1199,0.2001,0.0575,0.948,74732471.0,4581719.0
0.0713,1200,0.2002,0.0575,0.948,74732748.0,4581719.0
0.0714,1201,0.2004,0.0575,0.948,74761826.0,4581719.0
0.0714,1202,0.2006,0.0574,0.948,74766980.0,4581719.0
0.0714,1203,0.2007,0.0574,0.948,74780477.0,4581719.0
0.0714,1204,0.2009,0.0573,0.948,74919354.0,4581719.0
0.0714,1205,0.2011,0.0581,0.9472,74919354.0,4629105.0
0.0714,1206,0.2012,0.058,0.9472,75024434.0,4629105.0
0.0714,1207,0.2014,0.058,0.9472,75027607.0,4629105.0
0.0714,1208,0.2016,0.0579,0.9472,75219355.0,4629105.0
0.0716,1209,0.2017,0.0579,0.9472,75287131.0,4629105.0
0.0716,1210,0.2019,0.0579,0.9472,75483938.0,4629105.0
0.0716,1211,0.2021,0.0578,0.9472,75489298.0,4629105.0
0.0717,1212,0.2022,0.0578,0.9472,75577843.0,4629105.0
0.0717,1213,0.2024,0.0577,0.9472,75578229.0,4629105.0
0.0717,1214,0.2026,0.0577,0.9472,75580665.0,4629105.0
0.0718,1215,0.2027,0.0576,0.9472,75601539.0,4629105.0
0.0718,1216,0.2029,0.0576,0.9472,75624482.0,4629105.0
0.0718,1217,0.2031,0.0575,0.9472,75717841.0,4629105.0
0.0718,1218,0.2032,0.0575,0.9472,75751922.0,4629105.0
0.0718,1219,0.2034,0.0574,0.9472,75753218.0,4629105.0
0.0719,1220,0.2036,0.0574,0.9472,75847899.0,4629105.0
0.0719,1221,0.2037,0.0573,0.9472,75855177.0,4629105.0
0.0719,1222,0.2039,0.0581,0.9465,75855177.0,4699983.0
0.0719,1223,0.2041,0.0581,0.9465,75882683.0,4699983.0
0.0719,1224,0.2042,0.058,0.9465,75888770.0,4699983.0
0.0719,1225,0.2044,0.058,0.9465,75894589.0,4699983.0
0.072,1226,0.2046,0.0587,0.9457,75894589.0,4794297.0
0.072,1227,0.2047,0.0587,0.9457,75927958.0,4794297.0
0.072,1228,0.2049,0.0586,0.9457,75949678.0,4794297.0
0.072,1229,0.2051,0.0594,0.9449,75949678.0,4890240.0
0.072,1230,0.2052,0.0593,0.9449,75975985.0,4890240.0
0.0721,1231,0.2054,0.0593,0.9449,76136146.0,4890240.0
0.0722,1232,0.2056,0.0593,0.9449,76153716.0,4890240.0
0.0722,1233,0.2057,0.0592,0.9449,76214939.0,4890240.0
0.0722,1234,0.2059,0.0592,0.9449,76558781.0,4890240.0
0.0723,1235,0.2061,0.0591,0.9449,76594129.0,4890240.0
0.0723,1236,0.2062,0.0591,0.9449,76595932.0,4890240.0
0.0724,1237,0.2064,0.059,0.9449,76616938.0,4890240.0
0.0724,1238,0.2066,0.059,0.9449,76618813.0,4890240.0
0.0724,1239,0.2067,0.0589,0.9449,76618813.0,4890240.0
0.0724,1240,0.2069,0.0589,0.9449,76688777.0,4890240.0
0.0724,1241,0.2071,0.0588,0.9449,76705143.0,4890240.0
0.0725,1242,0.2072,0.0588,0.9449,76708752.0,4890240.0
0.0725,1243,0.2074,0.0587,0.9449,76708752.0,4890240.0
0.0725,1244,0.2076,0.0587,0.9449,76719112.0,4890240.0
0.0726,1245,0.2077,0.0586,0.9449,76728190.0,4890240.0
0.0726,1246,0.2079,0.0586,0.9449,76750186.0,4890240.0
0.0726,1247,0.2081,0.0585,0.9449,76878399.0,4890240.0
0.0727,1248,0.2082,0.0585,0.9449,76894064.0,4890240.0
0.0727,1249,0.2084,0.0584,0.9449,76899523.0,4890240.0
0.0727,1250,0.2086,0.0584,0.9449,76960993.0,4890240.0
0.0728,1251,0.2087,0.0584,0.9449,77021466.0,4890240.0
0.0729,1252,0.2089,0.0583,0.9449,77073598.0,4890240.0
0.073,1253,0.2091,0.0583,0.9449,77076890.0,4890240.0
0.073,1254,0.2092,0.059,0.9442,77076890.0,4908284.0
0.073,1255,0.2094,0.059,0.9442,77092678.0,4908284.0
0.073,1256,0.2096,0.0589,0.9442,77223816.0,4908284.0
0.0731,1257,0.2097,0.0589,0.9442,77288840.0,4908284.0
0.0731,1258,0.2099,0.0588,0.9442,77397262.0,4908284.0
0.0731,1259,0.2101,0.0588,0.9442,77399609.0,4908284.0
0.0732,1260,0.2102,0.0587,0.9442,77406127.0,4908284.0
0.0732,1261,0.2104,0.0595,0.9434,77406127.0,4915875.0
0.0732,1262,0.2106,0.0594,0.9434,77525406.0,4915875.0
0.0732,1263,0.2107,0.0594,0.9434,77638307.0,4915875.0
0.0732,1264,0.2109,0.0593,0.9434,77652800.0,4915875.0
0.0733,1265,0.2111,0.0593,0.9434,77663010.0,4915875.0
0.0733,1266,0.2112,0.0592,0.9434,77691501.0,4915875.0
0.0733,1267,0.2114,0.0592,0.9434,78051142.0,4915875.0
0.0733,1268,0.2116,0.0591,0.9434,78071958.0,4915875.0
0.0733,1269,0.2117,0.0591,0.9434,78100152.0,4915875.0
0.0734,1270,0.2119,0.0591,0.9434,78133283.0,4915875.0
0.0734,1271,0.2121,0.059,0.9434,78136433.0,4915875.0
0.0735,1272,0.2122,0.059,0.9434,78248597.0,4915875.0
0.0735,1273,0.2124,0.0589,0.9434,78294282.0,4915875.0
0.0735,1274,0.2126,0.0589,0.9434,78386526.0,4915875.0
0.0736,1275,0.2127,0.0588,0.9434,78410466.0,4915875.0
0.0736,1276,0.2129,0.0588,0.9434,78415268.0,4915875.0
0.0736,1277,0.2131,0.0595,0.9427,78415268.0,4916924.0
0.0737,1278,0.2132,0.0595,0.9427,78417591.0,4916924.0
0.0737,1279,0.2134,0.0594,0.9427,78422957.0,4916924.0
0.0737,1280,0.2136,0.0594,0.9427,78557453.0,4916924.0
0.0737,1281,0.2137,0.0593,0.9427,78577059.0,4916924.0
0.0737,1282,0.2139,0.0593,0.9427,78803703.0,4916924.0
0.0738,1283,0.2141,0.0592,0.9427,78841737.0,4916924.0
0.0738,1284,0.2142,0.0592,0.9427,78929487.0,4916924.0
0.0739,1285,0.2144,0.0591,0.9427,78934228.0,4916924.0
0.0739,1286,0.2146,0.0591,0.9427,78937102.0,4916924.0
0.074,1287,0.2148,0.0598,0.9419,78937102.0,5016440.0
0.074,1288,0.2149,0.0598,0.9419,78941635.0,5016440.0
0.074,1289,0.2151,0.0597,0.9419,78964198.0,5016440.0
0.074,1290,0.2153,0.0597,0.9419,78972703.0,5016440.0
0.0741,1291,0.2154,0.0596,0.9419,79233486.0,5016440.0
0.0741,1292,0.2156,0.0596,0.9419,79241552.0,5016440.0
0.0741,1293,0.2158,0.0596,0.9419,79402738.0,5016440.0
0.0743,1294,0.2159,0.0595,0.9419,79460025.0,5016440.0
0.0743,1295,0.2161,0.0595,0.9419,79501215.0,5016440.0
0.0743,1296,0.2163,0.0602,0.9412,79501215.0,5021695.0
0.0744,1297,0.2164,0.0601,0.9412,79554089.0,5021695.0
0.0745,1298,0.2166,0.0601,0.9412,79594441.0,5021695.0
0.0746,1299,0.2168,0.0608,0.9404,79594441.0,5042425.0
0.0746,1300,0.2169,0.0608,0.9404,79601569.0,5042425.0
0.0747,1301,0.2171,0.0607,0.9404,79605429.0,5042425.0
0.0747,1302,0.2173,0.0607,0.9404,79614145.0,5042425.0
0.0748,1303,0.2174,0.0606,0.9404,79632563.0,5042425.0
0.0748,1304,0.2176,0.0606,0.9404,79988938.0,5042425.0
0.0748,1305,0.2178,0.0605,0.9404,80036860.0,5042425.0
0.0748,1306,0.2179,0.0605,0.9404,80182444.0,5042425.0
0.0748,1307,0.2181,0.0604,0.9404,80520550.0,5042425.0
0.0749,1308,0.2183,0.0604,0.9404,80537970.0,5042425.0
0.0749,1309,0.2184,0.0604,0.9404,80539721.0,5042425.0
0.0749,1310,0.2186,0.0603,0.9404,80613910.0,5042425.0
0.0752,1311,0.2188,0.0603,0.9404,80625523.0,5042425.0
0.0752,1312,0.2189,0.061,0.9397,80625523.0,5042815.0
0.0753,1313,0.2191,0.0609,0.9397,80701548.0,5042815.0
0.0753,1314,0.2193,0.0609,0.9397,80911144.0,5042815.0
0.0753,1315,0.2194,0.0608,0.9397,80996458.0,5042815.0
0.0753,1316,0.2196,0.0616,0.9389,80996458.0,5141629.0
0.0754,1317,0.2198,0.0615,0.9389,81064334.0,5141629.0
0.0754,1318,0.2199,0.0615,0.9389,81128383.0,5141629.0
0.0755,1319,0.2201,0.0614,0.9389,81137801.0,5141629.0
0.0756,1320,0.2203,0.0614,0.9389,81183144.0,5141629.0
0.0757,1321,0.2204,0.0613,0.9389,81192488.0,5141629.0
0.0757,1322,0.2206,0.0613,0.9389,81195298.0,5141629.0
0.0758,1323,0.2208,0.0612,0.9389,81241048.0,5141629.0
0.0759,1324,0.2209,0.0612,0.9389,81253320.0,5141629.0
0.0759,1325,0.2211,0.0611,0.9389,81277816.0,5141629.0
0.076,1326,0.2213,0.0611,0.9389,81299658.0,5141629.0
0.076,1327,0.2214,0.061,0.9389,81313428.0,5141629.0
0.0761,1328,0.2216,0.061,0.9389,81406812.0,5141629.0
0.0761,1329,0.2218,0.0609,0.9389,81410772.0,5141629.0
0.0762,1330,0.2219,0.0609,0.9389,81410998.0,5141629.0
0.0762,1331,0.2221,0.0609,0.9389,81436013.0,5141629.0
0.0762,1332,0.2223,0.0608,0.9389,81436849.0,5141629.0
0.0762,1333,0.2224,0.0608,0.9389,81438377.0,5141629.0
0.0763,1334,0.2226,0.0607,0.9389,81448360.0,5141629.0
0.0764,1335,0.2228,0.0607,0.9389,81466442.0,5141629.0
0.0765,1336,0.2229,0.0606,0.9389,81563151.0,5141629.0
0.0765,1337,0.2231,0.0606,0.9389,81684349.0,5141629.0
0.0765,1338,0.2233,0.0605,0.9389,81692941.0,5141629.0
0.0766,1339,0.2234,0.0605,0.9389,81878945.0,5141629.0
0.0766,1340,0.2236,0.0604,0.9389,81880937.0,5141629.0
0.0767,1341,0.2238,0.0604,0.9389,82010238.0,5141629.0
0.0767,1342,0.2239,0.0604,0.9389,82068575.0,5141629.0
0.0767,1343,0.2241,0.0603,0.9389,82070736.0,5141629.0
0.0768,1344,0.2243,0.061,0.9382,82070736.0,5141629.0
0.0768,1345,0.2244,0.061,0.9382,82193044.0,5141629.0
0.0768,1346,0.2246,0.0609,0.9382,82339477.0,5141629.0
0.0768,1347,0.2248,0.0609,0.9382,82400629.0,5141629.0
0.0769,1348,0.2249,0.0608,0.9382,82469402.0,5141629.0
0.0769,1349,0.2251,0.0608,0.9382,82511441.0,5141629.0
0.0769,1350,0.2253,0.0607,0.9382,82630839.0,5141629.0
0.077,1351,0.2254,0.0607,0.9382,82834358.0,5141629.0
0.077,1352,0.2256,0.0607,0.9382,82968603.0,5141629.0
0.077,1353,0.2258,0.0606,0.9382,83004938.0,5141629.0
0.0771,1354,0.2259,0.0606,0.9382,83008978.0,5141629.0
0.0771,1355,0.2261,0.0605,0.9382,83019348.0,5141629.0
0.0772,1356,0.2263,0.0605,0.9382,83260275.0,5141629.0
0.0773,1357,0.2264,0.0604,0.9382,83265530.0,5141629.0
0.0773,1358,0.2266,0.0604,0.9382,83268572.0,5141629.0
0.0773,1359,0.2268,0.0603,0.9382,83270915.0,5141629.0
0.0774,1360,0.2269,0.0603,0.9382,83409551.0,5141629.0
0.0775,1361,0.2271,0.061,0.9374,83409551.0,5231770.0
0.0775,1362,0.2273,0.0609,0.9374,83416761.0,5231770.0
0.0775,1363,0.2274,0.0609,0.9374,83416761.0,5231770.0
0.0776,1364,0.2276,0.0609,0.9374,83425069.0,5231770.0
0.0776,1365,0.2278,0.0608,0.9374,83591586.0,5231770.0
0.0776,1366,0.2279,0.0608,0.9374,83633760.0,5231770.0
0.0776,1367,0.2281,0.0614,0.9367,83633760.0,5391931.0
0.0776,1368,0.2283,0.0614,0.9367,83922762.0,5391931.0
0.0777,1369,0.2284,0.0614,0.9367,83926700.0,5391931.0
0.0777,1370,0.2286,0.0613,0.9367,83940599.0,5391931.0
0.0777,1371,0.2288,0.0613,0.9367,83971680.0,5391931.0
0.0777,1372,0.2289,0.0612,0.9367,84011234.0,5391931.0
0.0777,1373,0.2291,0.0612,0.9367,84026190.0,5391931.0
0.0777,1374,0.2293,0.0611,0.9367,84047037.0,5391931.0
0.0777,1375,0.2294,0.0611,0.9367,84111021.0,5391931.0
0.0777,1376,0.2296,0.061,0.9367,84134457.0,5391931.0
0.0778,1377,0.2298,0.061,0.9367,84186585.0,5391931.0
0.0779,1378,0.2299,0.061,0.9367,84200539.0,5391931.0
0.0779,1379,0.2301,0.0609,0.9367,84205021.0,5391931.0
0.0779,1380,0.2303,0.0609,0.9367,84219946.0,5391931.0
0.0779,1381,0.2304,0.0608,0.9367,84420662.0,5391931.0
0.078,1382,0.2306,0.0608,0.9367,84443394.0,5391931.0
0.078,1383,0.2308,0.0607,0.9367,84535859.0,5391931.0
0.078,1384,0.2309,0.0607,0.9367,84544280.0,5391931.0
0.078,1385,0.2311,0.0606,0.9367,84826786.0,5391931.0
0.0781,1386,0.2313,0.0606,0.9367,84838504.0,5391931.0
0.0781,1387,0.2314,0.0606,0.9367,84886510.0,5391931.0
0.0781,1388,0.2316,0.0605,0.9367,84902113.0,5391931.0
0.0781,1389,0.2318,0.0605,0.9367,84994506.0,5391931.0
0.0782,1390,0.2319,0.0612,0.9359,84994506.0,5397285.0
0.0782,1391,0.2321,0.0611,0.9359,85197009.0,5397285.0
0.0783,1392,0.2323,0.0611,0.9359,85422254.0,5397285.0
0.0783,1393,0.2324,0.061,0.9359,85478856.0,5397285.0
0.0783,1394,0.2326,0.061,0.9359,85487260.0,5397285.0
0.0783,1395,0.2328,0.0609,0.9359,85490331.0,5397285.0
0.0784,1396,0.2329,0.0609,0.9359,85490331.0,5397285.0
0.0785,1397,0.2331,0.0608,0.9359,85537222.0,5397285.0
0.0785,1398,0.2333,0.0608,0.9359,85576886.0,5397285.0
0.0785,1399,0.2334,0.0608,0.9359,85579714.0,5397285.0
0.0785,1400,0.2336,0.0607,0.9359,85888455.0,5397285.0
0.0786,1401,0.2338,0.0607,0.9359,85921602.0,5397285.0
0.0786,1402,0.2339,0.0606,0.9359,85932886.0,5397285.0
0.0786,1403,0.2341,0.0606,0.9359,85970056.0,5397285.0
0.0786,1404,0.2343,0.0605,0.9359,85974491.0,5397285.0
0.0787,1405,0.2344,0.0605,0.9359,85979068.0,5397285.0
0.0787,1406,0.2346,0.0605,0.9359,85984681.0,5397285.0
0.0787,1407,0.2348,0.0604,0.9359,86021903.0,5397285.0
0.0787,1408,0.2349,0.0604,0.9359,86048745.0,5397285.0
0.0788,1409,0.2351,0.0603,0.9359,86110325.0,5397285.0
0.0788,1410,0.2353,0.0603,0.9359,86145985.0,5397285.0
0.0788,1411,0.2354,0.0602,0.9359,86148540.0,5397285.0
0.0789,1412,0.2356,0.0602,0.9359,86330878.0,5397285.0
0.0789,1413,0.2358,0.0602,0.9359,86360047.0,5397285.0
0.079,1414,0.2359,0.0601,0.9359,86366711.0,5397285.0
0.079,1415,0.2361,0.0601,0.9359,86427878.0,5397285.0
0.079,1416,0.2363,0.06,0.9359,86438948.0,5397285.0
0.0791,1417,0.2364,0.06,0.9359,86530512.0,5397285.0
0.0792,1418,0.2366,0.0599,0.9359,86566158.0,5397285.0
0.0792,1419,0.2368,0.0599,0.9359,86568435.0,5397285.0
0.0792,1420,0.2369,0.0599,0.9359,86569435.0,5397285.0
0.0792,1421,0.2371,0.0598,0.9359,86710496.0,5397285.0
0.0792,1422,0.2373,0.0598,0.9359,86713486.0,5397285.0
0.0792,1423,0.2374,0.0597,0.9359,86769579.0,5397285.0
0.0793,1424,0.2376,0.0597,0.9359,86819985.0,5397285.0
0.0793,1425,0.2378,0.0596,0.9359,86830697.0,5397285.0
0.0794,1426,0.2379,0.0596,0.9359,86933097.0,5397285.0
0.0794,1427,0.2381,0.0596,0.9359,86944122.0,5397285.0
0.0795,1428,0.2383,0.0595,0.9359,86961652.0,5397285.0
0.0796,1429,0.2384,0.0595,0.9359,86991320.0,5397285.0
0.0796,1430,0.2386,0.0594,0.9359,87007789.0,5397285.0
0.0796,1431,0.2388,0.0594,0.9359,87073532.0,5397285.0
0.0797,1432,0.2389,0.0601,0.9351,87073532.0,5397642.0
0.0798,1433,0.2391,0.06,0.9351,87176667.0,5397642.0
0.0798,1434,0.2393,0.06,0.9351,87231737.0,5397642.0
0.0798,1435,0.2394,0.0606,0.9344,87231737.0,5440687.0
0.0798,1436,0.2396,0.0606,0.9344,87374858.0,5440687.0
0.0798,1437,0.2398,0.0605,0.9344,87374858.0,5440687.0
0.0798,1438,0.2399,0.0605,0.9344,87546922.0,5440687.0
0.08,1439,0.2401,0.0605,0.9344,87592387.0,5440687.0
0.0801,1440,0.2403,0.0604,0.9344,87602184.0,5440687.0
0.0801,1441,0.2404,0.0604,0.9344,87682508.0,5440687.0
0.0801,1442,0.2406,0.0603,0.9344,87744307.0,5440687.0
0.0802,1443,0.2408,0.0603,0.9344,87768207.0,5440687.0
0.0802,1444,0.2409,0.0602,0.9344,87835189.0,5440687.0
0.0802,1445,0.2411,0.0602,0.9344,87915488.0,5440687.0
0.0803,1446,0.2413,0.0602,0.9344,87920454.0,5440687.0
0.0803,1447,0.2414,0.0601,0.9344,87932472.0,5440687.0
0.0803,1448,0.2416,0.0601,0.9344,87983655.0,5440687.0
0.0804,1449,0.2418,0.06,0.9344,87984781.0,5440687.0
0.0804,1450,0.2419,0.06,0.9344,87988818.0,5440687.0
0.0805,1451,0.2421,0.06,0.9344,87994133.0,5440687.0
0.0805,1452,0.2423,0.0599,0.9344,88034404.0,5440687.0
0.0805,1453,0.2424,0.0599,0.9344,88037431.0,5440687.0
0.0805,1454,0.2426,0.0605,0.9336,88037431.0,5544563.0
0.0805,1455,0.2428,0.0612,0.9329,88037431.0,5545554.0
0.0806,1456,0.243,0.0611,0.9329,88135681.0,5545554.0
0.0806,1457,0.2431,0.0611,0.9329,88180647.0,5545554.0
0.0806,1458,0.2433,0.061,0.9329,88233087.0,5545554.0
0.0807,1459,0.2435,0.061,0.9329,88483351.0,5545554.0
0.0807,1460,0.2436,0.061,0.9329,88510842.0,5545554.0
0.0807,1461,0.2438,0.0616,0.9321,88510842.0,5548201.0
0.0808,1462,0.244,0.0616,0.9321,88510892.0,5548201.0
0.0808,1463,0.2441,0.0622,0.9314,88510892.0,5549613.0
0.0808,1464,0.2443,0.0622,0.9314,88515182.0,5549613.0
0.0809,1465,0.2445,0.0628,0.9306,88515182.0,5607778.0
0.0809,1466,0.2446,0.0628,0.9306,88728639.0,5607778.0
0.081,1467,0.2448,0.0634,0.9299,88728639.0,5640425.0
0.081,1468,0.245,0.064,0.9291,88728639.0,5814102.0
0.081,1469,0.2451,0.064,0.9291,88897015.0,5814102.0
0.081,1470,0.2453,0.0639,0.9291,88928251.0,5814102.0
0.081,1471,0.2455,0.0639,0.9291,88943914.0,5814102.0
0.081,1472,0.2456,0.0639,0.9291,88960231.0,5814102.0
0.0811,1473,0.2458,0.0645,0.9284,88960231.0,5815121.0
0.0811,1474,0.246,0.0645,0.9284,88962415.0,5815121.0
0.0811,1475,0.2461,0.0644,0.9284,89046329.0,5815121.0
0.0811,1476,0.2463,0.0644,0.9284,89147832.0,5815121.0
0.0811,1477,0.2465,0.0643,0.9284,89383467.0,5815121.0
0.0812,1478,0.2466,0.0643,0.9284,89453669.0,5815121.0
0.0812,1479,0.2468,0.0649,0.9276,89453669.0,5819944.0
0.0812,1480,0.247,0.0655,0.9268,89453669.0,6001122.0
0.0813,1481,0.2471,0.0662,0.9261,89453669.0,6100331.0
0.0813,1482,0.2473,0.0661,0.9261,89484300.0,6100331.0
0.0813,1483,0.2475,0.0661,0.9261,89513644.0,6100331.0
0.0813,1484,0.2476,0.066,0.9261,89667544.0,6100331.0
0.0814,1485,0.2478,0.066,0.9261,89747482.0,6100331.0
0.0815,1486,0.248,0.0659,0.9261,89751912.0,6100331.0
0.0815,1487,0.2481,0.0659,0.9261,89763774.0,6100331.0
0.0815,1488,0.2483,0.0659,0.9261,89785551.0,6100331.0
0.0816,1489,0.2485,0.0658,0.9261,89803682.0,6100331.0
0.0816,1490,0.2486,0.0658,0.9261,89903847.0,6100331.0
0.0817,1491,0.2488,0.0657,0.9261,89906156.0,6100331.0
0.0817,1492,0.249,0.0657,0.9261,89934276.0,6100331.0
0.0817,1493,0.2491,0.0656,0.9261,90063647.0,6100331.0
0.0817,1494,0.2493,0.0656,0.9261,90118122.0,6100331.0
0.0818,1495,0.2495,0.0656,0.9261,90136604.0,6100331.0
0.0818,1496,0.2496,0.0655,0.9261,90143260.0,6100331.0
0.0818,1497,0.2498,0.0655,0.9261,90144122.0,6100331.0
0.0819,1498,0.25,0.0654,0.9261,90373520.0,6100331.0
0.082,1499,0.2501,0.0654,0.9261,90374386.0,6100331.0
0.0821,1500,0.2503,0.066,0.9253,90374386.0,6339537.0
0.0821,1501,0.2505,0.0666,0.9246,90374386.0,6341537.0
0.0822,1502,0.2506,0.0666,0.9246,90385804.0,6341537.0
0.0822,1503,0.2508,0.0665,0.9246,90397488.0,6341537.0
0.0823,1504,0.251,0.0665,0.9246,90554014.0,6341537.0
0.0823,1505,0.2511,0.0671,0.9238,90554014.0,6456003.0
0.0823,1506,0.2513,0.0671,0.9238,90711935.0,6456003.0
0.0823,1507,0.2515,0.067,0.9238,90981767.0,6456003.0
0.0824,1508,0.2516,0.067,0.9238,91020153.0,6456003.0
0.0825,1509,0.2518,0.0669,0.9238,91026779.0,6456003.0
0.0825,1510,0.252,0.0669,0.9238,91188545.0,6456003.0
0.0827,1511,0.2521,0.0668,0.9238,91317834.0,6456003.0
0.0827,1512,0.2523,0.0668,0.9238,91352506.0,6456003.0
0.0827,1513,0.2525,0.0668,0.9238,91362845.0,6456003.0
0.0827,1514,0.2526,0.0667,0.9238,91372768.0,6456003.0
0.0827,1515,0.2528,0.0667,0.9238,91409615.0,6456003.0
0.0828,1516,0.253,0.0666,0.9238,91466369.0,6456003.0
0.0828,1517,0.2531,0.0666,0.9238,91508292.0,6456003.0
0.0829,1518,0.2533,0.0665,0.9238,91623289.0,6456003.0
0.0829,1519,0.2535,0.0671,0.9231,91623289.0,6489322.0
0.083,1520,0.2536,0.0671,0.9231,91632274.0,6489322.0
0.083,1521,0.2538,0.0671,0.9231,91638387.0,6489322.0
0.0831,1522,0.254,0.0677,0.9223,91638387.0,6511703.0
0.0831,1523,0.2541,0.0676,0.9223,91645813.0,6511703.0
0.0831,1524,0.2543,0.0676,0.9223,91844601.0,6511703.0
0.0832,1525,0.2545,0.0675,0.9223,91851792.0,6511703.0
0.0832,1526,0.2546,0.0675,0.9223,91947114.0,6511703.0
0.0833,1527,0.2548,0.0675,0.9223,91954412.0,6511703.0
0.0833,1528,0.255,0.0674,0.9223,91958020.0,6511703.0
0.0834,1529,0.2551,0.0674,0.9223,92037083.0,6511703.0
0.0834,1530,0.2553,0.0673,0.9223,92171301.0,6511703.0
0.0834,1531,0.2555,0.0679,0.9216,92171301.0,6513601.0
0.0834,1532,0.2556,0.0679,0.9216,92176063.0,6513601.0
0.0834,1533,0.2558,0.0678,0.9216,92187449.0,6513601.0
0.0835,1534,0.256,0.0678,0.9216,92439556.0,6513601.0
0.0835,1535,0.2561,0.0678,0.9216,92447695.0,6513601.0
0.0835,1536,0.2563,0.0677,0.9216,92448307.0,6513601.0
0.0835,1537,0.2565,0.0677,0.9216,92464108.0,6513601.0
0.0835,1538,0.2566,0.0676,0.9216,92509120.0,6513601.0
0.0835,1539,0.2568,0.0676,0.9216,92616180.0,6513601.0
0.0836,1540,0.257,0.0675,0.9216,92710523.0,6513601.0
0.0836,1541,0.2571,0.0675,0.9216,92755519.0,6513601.0
0.0836,1542,0.2573,0.0674,0.9216,92798154.0,6513601.0
0.0836,1543,0.2575,0.0674,0.9216,92970665.0,6513601.0
0.0836,1544,0.2576,0.0674,0.9216,93227340.0,6513601.0
0.0836,1545,0.2578,0.0673,0.9216,93328798.0,6513601.0
0.0837,1546,0.258,0.0673,0.9216,93350728.0,6513601.0
0.0838,1547,0.2581,0.0672,0.9216,93374257.0,6513601.0
0.0838,1548,0.2583,0.0672,0.9216,93378120.0,6513601.0
0.0838,1549,0.2585,0.0671,0.9216,93380285.0,6513601.0
0.0838,1550,0.2586,0.0671,0.9216,93402942.0,6513601.0
0.0839,1551,0.2588,0.0671,0.9216,93423876.0,6513601.0
0.084,1552,0.259,0.067,0.9216,93489639.0,6513601.0
0.084,1553,0.2591,0.067,0.9216,93563133.0,6513601.0
0.084,1554,0.2593,0.0669,0.9216,93704767.0,6513601.0
0.084,1555,0.2595,0.0669,0.9216,93707131.0,6513601.0
0.0841,1556,0.2596,0.0675,0.9208,93707131.0,6519211.0
0.0841,1557,0.2598,0.0674,0.9208,93965201.0,6519211.0
0.0842,1558,0.26,0.0674,0.9208,94025302.0,6519211.0
0.0843,1559,0.2601,0.0674,0.9208,94030192.0,6519211.0
0.0844,1560,0.2603,0.0673,0.9208,94061203.0,6519211.0
0.0844,1561,0.2605,0.0673,0.9208,94068032.0,6519211.0
0.0844,1562,0.2606,0.0672,0.9208,94074937.0,6519211.0
0.0845,1563,0.2608,0.0672,0.9208,94284200.0,6519211.0
0.0845,1564,0.261,0.0671,0.9208,94312597.0,6519211.0
0.0845,1565,0.2611,0.0671,0.9208,94449153.0,6519211.0
0.0845,1566,0.2613,0.067,0.9208,94545668.0,6519211.0
0.0845,1567,0.2615,0.067,0.9208,94629351.0,6519211.0
0.0846,1568,0.2616,0.067,0.9208,94638877.0,6519211.0
0.0846,1569,0.2618,0.0669,0.9208,94643627.0,6519211.0
0.0848,1570,0.262,0.0669,0.9208,94645666.0,6519211.0
0.0849,1571,0.2621,0.0668,0.9208,94664058.0,6519211.0
0.0849,1572,0.2623,0.0668,0.9208,94672019.0,6519211.0
0.085,1573,0.2625,0.0668,0.9208,94683200.0,6519211.0
0.0851,1574,0.2626,0.0667,0.9208,94823333.0,6519211.0
0.0852,1575,0.2628,0.0667,0.9208,94833381.0,6519211.0
0.0852,1576,0.263,0.0666,0.9208,94842480.0,6519211.0
0.0852,1577,0.2631,0.0666,0.9208,94863987.0,6519211.0
0.0853,1578,0.2633,0.0665,0.9208,94895024.0,6519211.0
0.0853,1579,0.2635,0.0665,0.9208,94922912.0,6519211.0
0.0853,1580,0.2636,0.0665,0.9208,94990431.0,6519211.0
0.0853,1581,0.2638,0.0664,0.9208,94992601.0,6519211.0
0.0853,1582,0.264,0.0664,0.9208,94998601.0,6519211.0
0.0853,1583,0.2641,0.0663,0.9208,95210924.0,6519211.0
0.0854,1584,0.2643,0.0663,0.9208,95210924.0,6519211.0
0.0854,1585,0.2645,0.0662,0.9208,95213305.0,6519211.0
0.0855,1586,0.2646,0.0662,0.9208,95296379.0,6519211.0
0.0855,1587,0.2648,0.0662,0.9208,95368841.0,6519211.0
0.0855,1588,0.265,0.0661,0.9208,95566045.0,6519211.0
0.0856,1589,0.2651,0.0661,0.9208,95578635.0,6519211.0
0.0856,1590,0.2653,0.066,0.9208,95636958.0,6519211.0
0.0857,1591,0.2655,0.066,0.9208,95640040.0,6519211.0
0.0857,1592,0.2656,0.066,0.9208,95689390.0,6519211.0
0.0857,1593,0.2658,0.0659,0.9208,95876359.0,6519211.0
0.0858,1594,0.266,0.0659,0.9208,95884165.0,6519211.0
0.0858,1595,0.2661,0.0658,0.9208,95889206.0,6519211.0
0.0858,1596,0.2663,0.0658,0.9208,95894697.0,6519211.0
0.0858,1597,0.2665,0.0657,0.9208,95955834.0,6519211.0
0.0859,1598,0.2666,0.0657,0.9208,95959270.0,6519211.0
0.0859,1599,0.2668,0.0663,0.9201,95959270.0,6583110.0
0.0859,1600,0.267,0.0663,0.9201,96039644.0,6583110.0
0.0859,1601,0.2671,0.0662,0.9201,96089351.0,6583110.0
0.0861,1602,0.2673,0.0662,0.9201,96093213.0,6583110.0
0.0861,1603,0.2675,0.0667,0.9193,96093213.0,6589369.0
0.0861,1604,0.2676,0.0667,0.9193,96100101.0,6589369.0
0.0862,1605,0.2678,0.0667,0.9193,96192903.0,6589369.0
0.0862,1606,0.268,0.0666,0.9193,96283875.0,6589369.0
0.0863,1607,0.2681,0.0666,0.9193,96295946.0,6589369.0
0.0863,1608,0.2683,0.0665,0.9193,96295946.0,6589369.0
0.0863,1609,0.2685,0.0665,0.9193,96297192.0,6589369.0
0.0863,1610,0.2686,0.0665,0.9193,96348691.0,6589369.0
0.0864,1611,0.2688,0.0664,0.9193,96361084.0,6589369.0
0.0864,1612,0.269,0.0664,0.9193,96529245.0,6589369.0
0.0865,1613,0.2691,0.0663,0.9193,96549895.0,6589369.0
0.0866,1614,0.2693,0.0663,0.9193,96568557.0,6589369.0
0.0867,1615,0.2695,0.0663,0.9193,96573810.0,6589369.0
0.0867,1616,0.2696,0.0662,0.9193,96644014.0,6589369.0
0.0867,1617,0.2698,0.0662,0.9193,96704994.0,6589369.0
0.0868,1618,0.27,0.0661,0.9193,96706939.0,6589369.0
0.0868,1619,0.2701,0.0661,0.9193,96714270.0,6589369.0
0.0868,1620,0.2703,0.066,0.9193,96876321.0,6589369.0
0.0868,1621,0.2705,0.066,0.9193,96881178.0,6589369.0
0.0868,1622,0.2706,0.066,0.9193,96881178.0,6589369.0
0.0869,1623,0.2708,0.0659,0.9193,96887010.0,6589369.0
0.0869,1624,0.271,0.0659,0.9193,96970186.0,6589369.0
0.0869,1625,0.2711,0.0658,0.9193,97013693.0,6589369.0
0.0869,1626,0.2713,0.0658,0.9193,97016482.0,6589369.0
0.0869,1627,0.2715,0.0658,0.9193,97220673.0,6589369.0
0.0869,1628,0.2717,0.0657,0.9193,97251055.0,6589369.0
0.0869,1629,0.2718,0.0657,0.9193,97314613.0,6589369.0
0.087,1630,0.272,0.0656,0.9193,97619535.0,6589369.0
0.087,1631,0.2722,0.0656,0.9193,97678758.0,6589369.0
0.0871,1632,0.2723,0.0656,0.9193,97773415.0,6589369.0
0.0871,1633,0.2725,0.0655,0.9193,97796269.0,6589369.0
0.0871,1634,0.2727,0.0655,0.9193,97805141.0,6589369.0
0.0871,1635,0.2728,0.0654,0.9193,97814937.0,6589369.0
0.0872,1636,0.273,0.066,0.9186,97814937.0,6591058.0
0.0872,1637,0.2732,0.0666,0.9178,97814937.0,6606058.0
0.0872,1638,0.2733,0.0672,0.917,97814937.0,6612514.0
0.0872,1639,0.2735,0.0671,0.917,97866801.0,6612514.0
0.0872,1640,0.2737,0.0671,0.917,97874249.0,6612514.0
0.0872,1641,0.2738,0.067,0.917,97912573.0,6612514.0
0.0873,1642,0.274,0.067,0.917,98040851.0,6612514.0
0.0873,1643,0.2742,0.067,0.917,98042264.0,6612514.0
0.0874,1644,0.2743,0.0669,0.917,98134438.0,6612514.0
0.0874,1645,0.2745,0.0669,0.917,98204205.0,6612514.0
0.0874,1646,0.2747,0.0674,0.9163,98204205.0,6703113.0
0.0875,1647,0.2748,0.0674,0.9163,98266505.0,6703113.0
0.0875,1648,0.275,0.0674,0.9163,98268705.0,6703113.0
0.0875,1649,0.2752,0.0673,0.9163,98313560.0,6703113.0
0.0876,1650,0.2753,0.0673,0.9163,98392122.0,6703113.0
0.0876,1651,0.2755,0.0678,0.9155,98392122.0,6878466.0
0.0877,1652,0.2757,0.0678,0.9155,98430609.0,6878466.0
0.0877,1653,0.2758,0.0678,0.9155,98437227.0,6878466.0
0.0878,1654,0.276,0.0677,0.9155,98671674.0,6878466.0
0.0878,1655,0.2762,0.0677,0.9155,98673565.0,6878466.0
0.0878,1656,0.2763,0.0676,0.9155,98820226.0,6878466.0
0.0878,1657,0.2765,0.0682,0.9148,98820226.0,6884601.0
0.0879,1658,0.2767,0.0682,0.9148,98822041.0,6884601.0
0.0879,1659,0.2768,0.0681,0.9148,98920262.0,6884601.0
0.0879,1660,0.277,0.0681,0.9148,98953320.0,6884601.0
0.0879,1661,0.2772,0.068,0.9148,99004853.0,6884601.0
0.0879,1662,0.2773,0.068,0.9148,99009373.0,6884601.0
0.088,1663,0.2775,0.0679,0.9148,99187006.0,6884601.0
0.088,1664,0.2777,0.0679,0.9148,99199278.0,6884601.0
0.0882,1665,0.2778,0.0679,0.9148,99371046.0,6884601.0
0.0882,1666,0.278,0.0678,0.9148,99484171.0,6884601.0
0.0882,1667,0.2782,0.0678,0.9148,99734646.0,6884601.0
0.0882,1668,0.2783,0.0677,0.9148,99937781.0,6884601.0
0.0883,1669,0.2785,0.0677,0.9148,99960360.0,6884601.0
0.0883,1670,0.2787,0.0677,0.9148,100000972.0,6884601.0
0.0883,1671,0.2788,0.0676,0.9148,100086794.0,6884601.0
0.0884,1672,0.279,0.0676,0.9148,100218864.0,6884601.0
0.0884,1673,0.2792,0.0675,0.9148,100383688.0,6884601.0
0.0884,1674,0.2793,0.0675,0.9148,100535651.0,6884601.0
0.0884,1675,0.2795,0.0675,0.9148,100552382.0,6884601.0
0.0884,1676,0.2797,0.0674,0.9148,100571820.0,6884601.0
0.0886,1677,0.2798,0.0674,0.9148,100589441.0,6884601.0
0.0886,1678,0.28,0.0673,0.9148,100695837.0,6884601.0
0.0886,1679,0.2802,0.0673,0.9148,100701256.0,6884601.0
0.0887,1680,0.2803,0.0673,0.9148,100743581.0,6884601.0
0.0887,1681,0.2805,0.0672,0.9148,100788580.0,6884601.0
0.0888,1682,0.2807,0.0672,0.9148,100797835.0,6884601.0
0.089,1683,0.2808,0.0671,0.9148,100798405.0,6884601.0
0.089,1684,0.281,0.0677,0.914,100798405.0,6946055.0
0.089,1685,0.2812,0.0677,0.914,100925949.0,6946055.0
0.0891,1686,0.2813,0.0676,0.914,100963191.0,6946055.0
0.0891,1687,0.2815,0.0676,0.914,100987782.0,6946055.0
0.0892,1688,0.2817,0.0675,0.914,100995327.0,6946055.0
0.0892,1689,0.2818,0.0681,0.9133,100995327.0,6957113.0
0.0893,1690,0.282,0.068,0.9133,101129495.0,6957113.0
0.0893,1691,0.2822,0.068,0.9133,101146491.0,6957113.0
0.0893,1692,0.2823,0.068,0.9133,101151686.0,6957113.0
0.0894,1693,0.2825,0.0679,0.9133,101244452.0,6957113.0
0.0895,1694,0.2827,0.0679,0.9133,101346810.0,6957113.0
0.0895,1695,0.2828,0.0678,0.9133,101349786.0,6957113.0
0.0896,1696,0.283,0.0678,0.9133,101408378.0,6957113.0
0.0897,1697,0.2832,0.0678,0.9133,101443779.0,6957113.0
0.0898,1698,0.2833,0.0683,0.9125,101443779.0,7069135.0
0.0899,1699,0.2835,0.0683,0.9125,101541785.0,7069135.0
0.0899,1700,0.2837,0.0682,0.9125,101581624.0,7069135.0
0.0899,1701,0.2838,0.0682,0.9125,101583808.0,7069135.0
0.0901,1702,0.284,0.0687,0.9118,101583808.0,7093917.0
0.0901,1703,0.2842,0.0687,0.9118,101623827.0,7093917.0
0.0901,1704,0.2843,0.0687,0.9118,101737195.0,7093917.0
0.0903,1705,0.2845,0.0686,0.9118,101762278.0,7093917.0
0.0903,1706,0.2847,0.0686,0.9118,101845328.0,7093917.0
0.0903,1707,0.2848,0.0685,0.9118,101858630.0,7093917.0
0.0903,1708,0.285,0.0685,0.9118,101908412.0,7093917.0
0.0903,1709,0.2852,0.0685,0.9118,101954634.0,7093917.0
0.0904,1710,0.2853,0.0684,0.9118,101958595.0,7093917.0
0.0905,1711,0.2855,0.0684,0.9118,101980449.0,7093917.0
0.0905,1712,0.2857,0.0683,0.9118,101988855.0,7093917.0
0.0905,1713,0.2858,0.0683,0.9118,102068497.0,7093917.0
0.0905,1714,0.286,0.0683,0.9118,102099639.0,7093917.0
0.0906,1715,0.2862,0.0682,0.9118,102110454.0,7093917.0
0.0906,1716,0.2863,0.0682,0.9118,102135793.0,7093917.0
0.0906,1717,0.2865,0.0681,0.9118,102139601.0,7093917.0
0.0906,1718,0.2867,0.0687,0.911,102139601.0,7094373.0
0.0907,1719,0.2868,0.0686,0.911,102144001.0,7094373.0
0.0908,1720,0.287,0.0686,0.911,102164996.0,7094373.0
0.0909,1721,0.2872,0.0686,0.911,102176395.0,7094373.0
0.091,1722,0.2873,0.0685,0.911,102178194.0,7094373.0
0.091,1723,0.2875,0.0685,0.911,102196433.0,7094373.0
0.0911,1724,0.2877,0.0684,0.911,102355784.0,7094373.0
0.0911,1725,0.2878,0.0684,0.911,102542854.0,7094373.0
0.0911,1726,0.288,0.0684,0.911,102567494.0,7094373.0
0.0912,1727,0.2882,0.0683,0.911,102581994.0,7094373.0
0.0913,1728,0.2883,0.0683,0.911,102786138.0,7094373.0
0.0913,1729,0.2885,0.0682,0.911,102799205.0,7094373.0
0.0913,1730,0.2887,0.0682,0.911,102799878.0,7094373.0
0.0913,1731,0.2888,0.0682,0.911,102873350.0,7094373.0
0.0914,1732,0.289,0.0681,0.911,102880915.0,7094373.0
0.0915,1733,0.2892,0.0681,0.911,102944509.0,7094373.0
0.0915,1734,0.2893,0.0681,0.911,102949853.0,7094373.0
0.0916,1735,0.2895,0.068,0.911,103013673.0,7094373.0
0.0916,1736,0.2897,0.068,0.911,103079473.0,7094373.0
0.0916,1737,0.2898,0.0679,0.911,103133057.0,7094373.0
0.0917,1738,0.29,0.0679,0.911,103149869.0,7094373.0
0.0917,1739,0.2902,0.0679,0.911,103150816.0,7094373.0
0.0917,1740,0.2903,0.0678,0.911,103251720.0,7094373.0
0.0918,1741,0.2905,0.0678,0.911,103253600.0,7094373.0
0.0918,1742,0.2907,0.0677,0.911,103279950.0,7094373.0
0.0918,1743,0.2908,0.0677,0.911,103281639.0,7094373.0
0.0918,1744,0.291,0.0682,0.9103,103281639.0,7094373.0
0.0919,1745,0.2912,0.0682,0.9103,103310045.0,7094373.0
0.0919,1746,0.2913,0.0682,0.9103,103325641.0,7094373.0
0.092,1747,0.2915,0.0681,0.9103,103445429.0,7094373.0
0.092,1748,0.2917,0.0681,0.9103,103614960.0,7094373.0
0.092,1749,0.2918,0.068,0.9103,103636449.0,7094373.0
0.0921,1750,0.292,0.068,0.9103,103760531.0,7094373.0
0.0921,1751,0.2922,0.068,0.9103,103795111.0,7094373.0
0.0921,1752,0.2923,0.0679,0.9103,103799036.0,7094373.0
0.0922,1753,0.2925,0.0679,0.9103,103873048.0,7094373.0
0.0922,1754,0.2927,0.0678,0.9103,103971992.0,7094373.0
0.0922,1755,0.2928,0.0678,0.9103,103980060.0,7094373.0
0.0922,1756,0.293,0.0678,0.9103,104205674.0,7094373.0
0.0923,1757,0.2932,0.0677,0.9103,104309688.0,7094373.0
0.0923,1758,0.2933,0.0677,0.9103,104318902.0,7094373.0
0.0924,1759,0.2935,0.0677,0.9103,104388768.0,7094373.0
0.0925,1760,0.2937,0.0676,0.9103,104389546.0,7094373.0
0.0926,1761,0.2938,0.0676,0.9103,104391854.0,7094373.0
0.0926,1762,0.294,0.0675,0.9103,104410874.0,7094373.0
0.0927,1763,0.2942,0.0675,0.9103,104411206.0,7094373.0
0.0927,1764,0.2943,0.0675,0.9103,104455185.0,7094373.0
0.0927,1765,0.2945,0.0674,0.9103,104462285.0,7094373.0
0.0928,1766,0.2947,0.0674,0.9103,104464704.0,7094373.0
0.0928,1767,0.2948,0.0679,0.9095,104464704.0,7108406.0
0.0929,1768,0.295,0.0679,0.9095,104477270.0,7108406.0
0.0929,1769,0.2952,0.0678,0.9095,104483153.0,7108406.0
0.093,1770,0.2953,0.0678,0.9095,104507975.0,7108406.0
0.093,1771,0.2955,0.0683,0.9087,104507975.0,7156670.0
0.0931,1772,0.2957,0.0683,0.9087,104686886.0,7156670.0
0.0931,1773,0.2958,0.0682,0.9087,104820731.0,7156670.0
0.0931,1774,0.296,0.0688,0.908,104820731.0,7226430.0
0.0932,1775,0.2962,0.0687,0.908,104984149.0,7226430.0
0.0933,1776,0.2963,0.0687,0.908,104988105.0,7226430.0
0.0933,1777,0.2965,0.0687,0.908,105170529.0,7226430.0
0.0933,1778,0.2967,0.0686,0.908,105241069.0,7226430.0
0.0933,1779,0.2968,0.0686,0.908,105242110.0,7226430.0
0.0934,1780,0.297,0.0685,0.908,105251695.0,7226430.0
0.0935,1781,0.2972,0.0685,0.908,105274199.0,7226430.0
0.0935,1782,0.2973,0.0685,0.908,105279941.0,7226430.0
0.0935,1783,0.2975,0.0684,0.908,105573422.0,7226430.0
0.0935,1784,0.2977,0.0684,0.908,105575285.0,7226430.0
0.0935,1785,0.2978,0.0683,0.908,105593180.0,7226430.0
0.0936,1786,0.298,0.0683,0.908,105667560.0,7226430.0
0.0937,1787,0.2982,0.0683,0.908,105712684.0,7226430.0
0.0938,1788,0.2983,0.0682,0.908,105718563.0,7226430.0
0.0938,1789,0.2985,0.0682,0.908,105741942.0,7226430.0
0.0939,1790,0.2987,0.0682,0.908,105859647.0,7226430.0
0.0939,1791,0.2988,0.0681,0.908,105872217.0,7226430.0
0.0939,1792,0.299,0.0681,0.908,105896187.0,7226430.0
0.094,1793,0.2992,0.068,0.908,105998274.0,7226430.0
0.0941,1794,0.2993,0.068,0.908,106104110.0,7226430.0
0.0941,1795,0.2995,0.068,0.908,106104110.0,7226430.0
0.0942,1796,0.2997,0.0685,0.9072,106104110.0,7313908.0
0.0942,1797,0.2998,0.0684,0.9072,106107893.0,7313908.0
0.0942,1798,0.3,0.0684,0.9072,106108608.0,7313908.0
0.0943,1799,0.3002,0.0684,0.9072,106224922.0,7313908.0
0.0943,1800,0.3004,0.0683,0.9072,106249125.0,7313908.0
0.0944,1801,0.3005,0.0683,0.9072,106251604.0,7313908.0
0.0944,1802,0.3007,0.0683,0.9072,106267664.0,7313908.0
0.0944,1803,0.3009,0.0682,0.9072,106620394.0,7313908.0
0.0944,1804,0.301,0.0682,0.9072,106632657.0,7313908.0
0.0944,1805,0.3012,0.0681,0.9072,106632657.0,7313908.0
0.0946,1806,0.3014,0.0681,0.9072,106650619.0,7313908.0
0.0946,1807,0.3015,0.0681,0.9072,106650817.0,7313908.0
0.0947,1808,0.3017,0.068,0.9072,106670005.0,7313908.0
0.0947,1809,0.3019,0.068,0.9072,106724362.0,7313908.0
0.0948,1810,0.302,0.068,0.9072,106730933.0,7313908.0
0.0948,1811,0.3022,0.0679,0.9072,106904855.0,7313908.0
0.0948,1812,0.3024,0.0679,0.9072,106997661.0,7313908.0
0.0948,1813,0.3025,0.0678,0.9072,107053449.0,7313908.0
0.0948,1814,0.3027,0.0684,0.9065,107053449.0,7811014.0
0.0949,1815,0.3029,0.0683,0.9065,107057902.0,7811014.0
0.0949,1816,0.303,0.0683,0.9065,107442052.0,7811014.0
0.095,1817,0.3032,0.0682,0.9065,107442052.0,7811014.0
0.0951,1818,0.3034,0.0682,0.9065,107518358.0,7811014.0
0.0951,1819,0.3035,0.0682,0.9065,107522389.0,7811014.0
0.0951,1820,0.3037,0.0681,0.9065,107531806.0,7811014.0
0.0951,1821,0.3039,0.0681,0.9065,107560234.0,7811014.0
0.0951,1822,0.304,0.0681,0.9065,107577125.0,7811014.0
0.0952,1823,0.3042,0.0686,0.9057,107577125.0,7814402.0
0.0952,1824,0.3044,0.0685,0.9057,107604445.0,7814402.0
0.0952,1825,0.3045,0.0685,0.9057,107739765.0,7814402.0
0.0952,1826,0.3047,0.0685,0.9057,107877019.0,7814402.0
0.0952,1827,0.3049,0.0684,0.9057,107881715.0,7814402.0
0.0952,1828,0.305,0.0684,0.9057,107907521.0,7814402.0
0.0953,1829,0.3052,0.0689,0.905,107907521.0,7814402.0
0.0954,1830,0.3054,0.0689,0.905,108002847.0,7814402.0
0.0954,1831,0.3055,0.0688,0.905,108749661.0,7814402.0
0.0954,1832,0.3057,0.0688,0.905,108813116.0,7814402.0
0.0954,1833,0.3059,0.0687,0.905,108834757.0,7814402.0
0.0955,1834,0.306,0.0687,0.905,108838647.0,7814402.0
0.0955,1835,0.3062,0.0687,0.905,108838647.0,7814402.0
0.0955,1836,0.3064,0.0686,0.905,108950554.0,7814402.0
0.0955,1837,0.3065,0.0686,0.905,108961222.0,7814402.0
0.0955,1838,0.3067,0.0686,0.905,108963043.0,7814402.0
0.0956,1839,0.3069,0.0685,0.905,109014673.0,7814402.0
0.0956,1840,0.307,0.0685,0.905,109253412.0,7814402.0
0.0956,1841,0.3072,0.0684,0.905,109336021.0,7814402.0
0.0957,1842,0.3074,0.0689,0.9042,109336021.0,7815362.0
0.0958,1843,0.3075,0.0689,0.9042,109366446.0,7815362.0
0.0958,1844,0.3077,0.0689,0.9042,109382536.0,7815362.0
0.0958,1845,0.3079,0.0688,0.9042,109382805.0,7815362.0
0.0958,1846,0.308,0.0688,0.9042,109412680.0,7815362.0
0.0959,1847,0.3082,0.0688,0.9042,109439346.0,7815362.0
0.096,1848,0.3084,0.0687,0.9042,109527489.0,7815362.0
0.096,1849,0.3085,0.0687,0.9042,109669019.0,7815362.0
0.0961,1850,0.3087,0.0686,0.9042,109676644.0,7815362.0
0.0961,1851,0.3089,0.0686,0.9042,109771230.0,7815362.0
0.0961,1852,0.309,0.0686,0.9042,109774483.0,7815362.0
0.0962,1853,0.3092,0.0685,0.9042,109788200.0,7815362.0
0.0962,1854,0.3094,0.0685,0.9042,109793642.0,7815362.0
0.0963,1855,0.3095,0.0685,0.9042,109860732.0,7815362.0
0.0963,1856,0.3097,0.0684,0.9042,109864553.0,7815362.0
0.0964,1857,0.3099,0.0684,0.9042,109867060.0,7815362.0
0.0965,1858,0.31,0.0684,0.9042,109867060.0,7815362.0
0.0966,1859,0.3102,0.0689,0.9035,109867060.0,8025169.0
0.0966,1860,0.3104,0.0688,0.9035,109872683.0,8025169.0
0.0967,1861,0.3105,0.0688,0.9035,109918862.0,8025169.0
0.0968,1862,0.3107,0.0687,0.9035,109918862.0,8025169.0
0.0968,1863,0.3109,0.0687,0.9035,110020458.0,8025169.0
0.0969,1864,0.311,0.0687,0.9035,110038682.0,8025169.0
0.0969,1865,0.3112,0.0686,0.9035,110086549.0,8025169.0
0.0969,1866,0.3114,0.0686,0.9035,110127359.0,8025169.0
0.097,1867,0.3115,0.0686,0.9035,110127359.0,8025169.0
0.097,1868,0.3117,0.0685,0.9035,110223868.0,8025169.0
0.097,1869,0.3119,0.0685,0.9035,110622967.0,8025169.0
0.0971,1870,0.312,0.0684,0.9035,110637858.0,8025169.0
0.0971,1871,0.3122,0.0684,0.9035,110638638.0,8025169.0
0.0971,1872,0.3124,0.0684,0.9035,110646613.0,8025169.0
0.0971,1873,0.3125,0.0683,0.9035,110676610.0,8025169.0
0.0971,1874,0.3127,0.0683,0.9035,110693211.0,8025169.0
0.0972,1875,0.3129,0.0688,0.9027,110693211.0,8167298.0
0.0972,1876,0.313,0.0688,0.9027,110716496.0,8167298.0
0.0973,1877,0.3132,0.0687,0.9027,110718658.0,8167298.0
0.0973,1878,0.3134,0.0687,0.9027,110719441.0,8167298.0
0.0975,1879,0.3135,0.0687,0.9027,110848036.0,8167298.0
0.0975,1880,0.3137,0.0686,0.9027,110859806.0,8167298.0
0.0977,1881,0.3139,0.0686,0.9027,110954462.0,8167298.0
0.0977,1882,0.314,0.0685,0.9027,110954928.0,8167298.0
0.0978,1883,0.3142,0.0685,0.9027,111078388.0,8167298.0
0.0978,1884,0.3144,0.0685,0.9027,111103416.0,8167298.0
0.0978,1885,0.3145,0.0684,0.9027,111118554.0,8167298.0
0.0978,1886,0.3147,0.0689,0.902,111118554.0,8429816.0
0.0979,1887,0.3149,0.0689,0.902,111203897.0,8429816.0
0.0979,1888,0.315,0.0689,0.902,111216560.0,8429816.0
0.098,1889,0.3152,0.0688,0.902,111220377.0,8429816.0
0.0981,1890,0.3154,0.0688,0.902,111242047.0,8429816.0
0.0981,1891,0.3155,0.0687,0.902,111258908.0,8429816.0
0.0982,1892,0.3157,0.0692,0.9012,111258908.0,8436503.0
0.0983,1893,0.3159,0.0692,0.9012,111274908.0,8436503.0
0.0983,1894,0.316,0.0692,0.9012,111276448.0,8436503.0
0.0983,1895,0.3162,0.0691,0.9012,111445711.0,8436503.0
0.0983,1896,0.3164,0.0691,0.9012,111447919.0,8436503.0
0.0985,1897,0.3165,0.0691,0.9012,111664089.0,8436503.0
0.0985,1898,0.3167,0.069,0.9012,111664272.0,8436503.0
0.0985,1899,0.3169,0.069,0.9012,111670086.0,8436503.0
0.0985,1900,0.317,0.0689,0.9012,111677322.0,8436503.0
0.0986,1901,0.3172,0.0689,0.9012,111823546.0,8436503.0
0.0987,1902,0.3174,0.0689,0.9012,111888732.0,8436503.0
0.0987,1903,0.3175,0.0688,0.9012,111950675.0,8436503.0
0.0987,1904,0.3177,0.0688,0.9012,111952580.0,8436503.0
0.0988,1905,0.3179,0.0688,0.9012,111956244.0,8436503.0
0.0988,1906,0.318,0.0693,0.9005,111956244.0,8452962.0
0.0988,1907,0.3182,0.0692,0.9005,111976840.0,8452962.0
0.0988,1908,0.3184,0.0692,0.9005,111995795.0,8452962.0
0.0989,1909,0.3185,0.0691,0.9005,111997469.0,8452962.0
0.0989,1910,0.3187,0.0696,0.8997,111997469.0,8692677.0
0.099,1911,0.3189,0.0696,0.8997,112116316.0,8692677.0
0.099,1912,0.319,0.0696,0.8997,112146105.0,8692677.0
0.099,1913,0.3192,0.0695,0.8997,112150644.0,8692677.0
0.099,1914,0.3194,0.0695,0.8997,112155654.0,8692677.0
0.099,1915,0.3195,0.07,0.8989,112155654.0,8695232.0
0.0991,1916,0.3197,0.0699,0.8989,112265118.0,8695232.0
0.0991,1917,0.3199,0.0699,0.8989,112441971.0,8695232.0
0.0993,1918,0.32,0.0699,0.8989,112647909.0,8695232.0
0.0993,1919,0.3202,0.0698,0.8989,112649092.0,8695232.0
0.0994,1920,0.3204,0.0698,0.8989,112652419.0,8695232.0
0.0994,1921,0.3205,0.0698,0.8989,112724604.0,8695232.0
0.0994,1922,0.3207,0.0697,0.8989,112949456.0,8695232.0
0.0994,1923,0.3209,0.0697,0.8989,112954967.0,8695232.0
0.0994,1924,0.321,0.0702,0.8982,112954967.0,8969790.0
0.0994,1925,0.3212,0.0701,0.8982,113038812.0,8969790.0
0.0995,1926,0.3214,0.0701,0.8982,113082395.0,8969790.0
0.0996,1927,0.3215,0.0701,0.8982,113147719.0,8969790.0
0.0996,1928,0.3217,0.07,0.8982,113154968.0,8969790.0
0.0996,1929,0.3219,0.0705,0.8974,113154968.0,9284784.0
0.0997,1930,0.322,0.0705,0.8974,113156708.0,9284784.0
0.0997,1931,0.3222,0.0704,0.8974,113209303.0,9284784.0
0.0997,1932,0.3224,0.0704,0.8974,113290856.0,9284784.0
0.0997,1933,0.3225,0.0704,0.8974,113336996.0,9284784.0
0.0997,1934,0.3227,0.0703,0.8974,113365424.0,9284784.0
0.0997,1935,0.3229,0.0703,0.8974,113449363.0,9284784.0
0.0998,1936,0.323,0.0702,0.8974,113451069.0,9284784.0
0.0998,1937,0.3232,0.0702,0.8974,113453352.0,9284784.0
0.0999,1938,0.3234,0.0702,0.8974,113453742.0,9284784.0
0.0999,1939,0.3235,0.0701,0.8974,113463166.0,9284784.0
0.0999,1940,0.3237,0.0701,0.8974,113467332.0,9284784.0
0.1,1941,0.3239,0.0701,0.8974,113525130.0,9284784.0
0.1,1942,0.324,0.07,0.8974,113574735.0,9284784.0
0.1001,1943,0.3242,0.07,0.8974,113582073.0,9284784.0
0.1001,1944,0.3244,0.07,0.8974,113605559.0,9284784.0
0.1002,1945,0.3245,0.0699,0.8974,113643810.0,9284784.0
0.1003,1946,0.3247,0.0699,0.8974,113647272.0,9284784.0
0.1003,1947,0.3249,0.0699,0.8974,114018996.0,9284784.0
0.1004,1948,0.325,0.0698,0.8974,114283967.0,9284784.0
0.1004,1949,0.3252,0.0698,0.8974,114285497.0,9284784.0
0.1004,1950,0.3254,0.0697,0.8974,114362844.0,9284784.0
0.1004,1951,0.3255,0.0697,0.8974,114411734.0,9284784.0
0.1005,1952,0.3257,0.0697,0.8974,114430302.0,9284784.0
0.1006,1953,0.3259,0.0696,0.8974,114448612.0,9284784.0
0.1006,1954,0.326,0.0696,0.8974,114536822.0,9284784.0
0.1006,1955,0.3262,0.0696,0.8974,114539596.0,9284784.0
0.1008,1956,0.3264,0.0695,0.8974,114685170.0,9284784.0
0.1008,1957,0.3265,0.0695,0.8974,114686892.0,9284784.0
0.1008,1958,0.3267,0.0695,0.8974,114691117.0,9284784.0
0.1009,1959,0.3269,0.0694,0.8974,114717811.0,9284784.0
0.1009,1960,0.327,0.0699,0.8967,114717811.0,9755184.0
0.1009,1961,0.3272,0.0704,0.8959,114717811.0,9762504.0
0.101,1962,0.3274,0.0703,0.8959,114809726.0,9762504.0
0.101,1963,0.3275,0.0703,0.8959,114815060.0,9762504.0
0.101,1964,0.3277,0.0703,0.8959,115166888.0,9762504.0
0.1011,1965,0.3279,0.0707,0.8952,115166888.0,9768968.0
0.1011,1966,0.328,0.0707,0.8952,115215572.0,9768968.0
0.1011,1967,0.3282,0.0707,0.8952,115314480.0,9768968.0
0.1011,1968,0.3284,0.0706,0.8952,115388944.0,9768968.0
0.1011,1969,0.3285,0.0706,0.8952,115505973.0,9768968.0
0.1011,1970,0.3287,0.0706,0.8952,115519080.0,9768968.0
0.1011,1971,0.3289,0.0705,0.8952,115661508.0,9768968.0
0.1012,1972,0.3291,0.0705,0.8952,115693820.0,9768968.0
0.1012,1973,0.3292,0.0705,0.8952,115887049.0,9768968.0
0.1012,1974,0.3294,0.0704,0.8952,115887741.0,9768968.0
0.1013,1975,0.3296,0.0704,0.8952,115891614.0,9768968.0
0.1014,1976,0.3297,0.0703,0.8952,115911603.0,9768968.0
0.1014,1977,0.3299,0.0703,0.8952,116164889.0,9768968.0
0.1014,1978,0.3301,0.0703,0.8952,116214774.0,9768968.0
0.1014,1979,0.3302,0.0702,0.8952,116332790.0,9768968.0
0.1015,1980,0.3304,0.0707,0.8944,116332790.0,9771952.0
0.1015,1981,0.3306,0.0707,0.8944,116352121.0,9771952.0
0.1015,1982,0.3307,0.0706,0.8944,116356822.0,9771952.0
0.1017,1983,0.3309,0.0706,0.8944,116367587.0,9771952.0
0.1017,1984,0.3311,0.0706,0.8944,116367829.0,9771952.0
0.1017,1985,0.3312,0.071,0.8937,116367829.0,9921650.0
0.1018,1986,0.3314,0.071,0.8937,116425143.0,9921650.0
0.1018,1987,0.3316,0.071,0.8937,116426138.0,9921650.0
0.1018,1988,0.3317,0.0709,0.8937,116437411.0,9921650.0
0.1018,1989,0.3319,0.0709,0.8937,116572347.0,9921650.0
0.1019,1990,0.3321,0.0709,0.8937,116574502.0,9921650.0
0.1019,1991,0.3322,0.0708,0.8937,116726607.0,9921650.0
0.1019,1992,0.3324,0.0708,0.8937,116774086.0,9921650.0
0.102,1993,0.3326,0.0712,0.8929,116774086.0,9922399.0
0.102,1994,0.3327,0.0712,0.8929,116822178.0,9922399.0
0.1021,1995,0.3329,0.0712,0.8929,116831812.0,9922399.0
0.1021,1996,0.3331,0.0711,0.8929,116835647.0,9922399.0
0.1021,1997,0.3332,0.0711,0.8929,116843801.0,9922399.0
0.1021,1998,0.3334,0.0711,0.8929,116897787.0,9922399.0
0.1022,1999,0.3336,0.071,0.8929,116978746.0,9922399.0
0.1022,2000,0.3337,0.071,0.8929,117135146.0,9922399.0
0.1022,2001,0.3339,0.0715,0.8922,117135146.0,9986144.0
0.1022,2002,0.3341,0.0714,0.8922,117375652.0,9986144.0
0.1023,2003,0.3342,0.0714,0.8922,117409415.0,9986144.0
0.1023,2004,0.3344,0.0714,0.8922,117430664.0,9986144.0
0.1026,2005,0.3346,0.0713,0.8922,117442558.0,9986144.0
0.1027,2006,0.3347,0.0713,0.8922,117486552.0,9986144.0
0.1028,2007,0.3349,0.0713,0.8922,117735384.0,9986144.0
0.1028,2008,0.3351,0.0712,0.8922,117736476.0,9986144.0
0.1029,2009,0.3352,0.0712,0.8922,117804168.0,9986144.0
0.1029,2010,0.3354,0.0716,0.8914,117804168.0,9987162.0
0.1029,2011,0.3356,0.0716,0.8914,117817327.0,9987162.0
0.1029,2012,0.3357,0.0716,0.8914,117852929.0,9987162.0
0.1031,2013,0.3359,0.0715,0.8914,117954543.0,9987162.0
0.1031,2014,0.3361,0.0715,0.8914,117958943.0,9987162.0
0.1032,2015,0.3362,0.0715,0.8914,117986167.0,9987162.0
0.1033,2016,0.3364,0.0714,0.8914,117986369.0,9987162.0
0.1033,2017,0.3366,0.0714,0.8914,118086056.0,9987162.0
0.1033,2018,0.3367,0.0714,0.8914,118119299.0,9987162.0
0.1034,2019,0.3369,0.0713,0.8914,118132177.0,9987162.0
0.1034,2020,0.3371,0.0713,0.8914,118161464.0,9987162.0
0.1034,2021,0.3372,0.0713,0.8914,118165937.0,9987162.0
0.1035,2022,0.3374,0.0712,0.8914,118215541.0,9987162.0
0.1035,2023,0.3376,0.0712,0.8914,118333566.0,9987162.0
0.1037,2024,0.3377,0.0711,0.8914,118356182.0,9987162.0
0.1037,2025,0.3379,0.0711,0.8914,118469889.0,9987162.0
0.1038,2026,0.3381,0.0711,0.8914,118472669.0,9987162.0
0.1038,2027,0.3382,0.071,0.8914,118804366.0,9987162.0
0.1038,2028,0.3384,0.071,0.8914,118817878.0,9987162.0
0.1038,2029,0.3386,0.071,0.8914,118831001.0,9987162.0
0.1038,2030,0.3387,0.0709,0.8914,119107378.0,9987162.0
0.1039,2031,0.3389,0.0709,0.8914,119237445.0,9987162.0
0.1039,2032,0.3391,0.0709,0.8914,119556527.0,9987162.0
0.104,2033,0.3392,0.0708,0.8914,119556527.0,9987162.0
0.104,2034,0.3394,0.0708,0.8914,119567684.0,9987162.0
0.104,2035,0.3396,0.0708,0.8914,119574599.0,9987162.0
0.1041,2036,0.3397,0.0707,0.8914,119802941.0,9987162.0
0.1041,2037,0.3399,0.0707,0.8914,119809800.0,9987162.0
0.1042,2038,0.3401,0.0707,0.8914,119809800.0,9987162.0
0.1042,2039,0.3402,0.0706,0.8914,119980841.0,9987162.0
0.1042,2040,0.3404,0.0706,0.8914,119985641.0,9987162.0
0.1042,2041,0.3406,0.071,0.8906,119985641.0,10180803.0
0.1042,2042,0.3407,0.071,0.8906,120039857.0,10180803.0
0.1042,2043,0.3409,0.071,0.8906,120041762.0,10180803.0
0.1043,2044,0.3411,0.0709,0.8906,120043512.0,10180803.0
0.1044,2045,0.3412,0.0709,0.8906,120057077.0,10180803.0
0.1044,2046,0.3414,0.0709,0.8906,120068225.0,10180803.0
0.1045,2047,0.3416,0.0708,0.8906,120261308.0,10180803.0
0.1045,2048,0.3417,0.0708,0.8906,120262774.0,10180803.0
0.1045,2049,0.3419,0.0708,0.8906,120434011.0,10180803.0
0.1045,2050,0.3421,0.0707,0.8906,120438571.0,10180803.0
0.1045,2051,0.3422,0.0707,0.8906,120486887.0,10180803.0
0.1045,2052,0.3424,0.0712,0.8899,120486887.0,10192974.0
0.1046,2053,0.3426,0.0711,0.8899,120500427.0,10192974.0
0.1047,2054,0.3427,0.0711,0.8899,120576522.0,10192974.0
0.1047,2055,0.3429,0.071,0.8899,120626584.0,10192974.0
0.1047,2056,0.3431,0.071,0.8899,120630645.0,10192974.0
0.1047,2057,0.3432,0.071,0.8899,121031943.0,10192974.0
0.1048,2058,0.3434,0.0709,0.8899,121032452.0,10192974.0
0.1048,2059,0.3436,0.0709,0.8899,121135677.0,10192974.0
0.1049,2060,0.3437,0.0709,0.8899,121165677.0,10192974.0
0.1049,2061,0.3439,0.0708,0.8899,121176544.0,10192974.0
0.1049,2062,0.3441,0.0713,0.8891,121176544.0,10196178.0
0.1049,2063,0.3442,0.0713,0.8891,121209060.0,10196178.0
0.105,2064,0.3444,0.0717,0.8884,121209060.0,10332262.0
0.105,2065,0.3446,0.0717,0.8884,121224991.0,10332262.0
0.1051,2066,0.3447,0.0716,0.8884,121224991.0,10332262.0
0.1051,2067,0.3449,0.0716,0.8884,121229401.0,10332262.0
0.1051,2068,0.3451,0.0716,0.8884,121267907.0,10332262.0
0.1051,2069,0.3452,0.0715,0.8884,121268850.0,10332262.0
0.1052,2070,0.3454,0.0715,0.8884,121273306.0,10332262.0
0.1052,2071,0.3456,0.0715,0.8884,121354281.0,10332262.0
0.1052,2072,0.3457,0.0714,0.8884,121458497.0,10332262.0
0.1053,2073,0.3459,0.0719,0.8876,121458497.0,10350570.0
0.1053,2074,0.3461,0.0718,0.8876,121590037.0,10350570.0
0.1053,2075,0.3462,0.0718,0.8876,121598518.0,10350570.0
0.1054,2076,0.3464,0.0718,0.8876,121598518.0,10350570.0
0.1054,2077,0.3466,0.0717,0.8876,121671079.0,10350570.0
0.1054,2078,0.3467,0.0717,0.8876,121734515.0,10350570.0
0.1055,2079,0.3469,0.0717,0.8876,121745581.0,10350570.0
0.1055,2080,0.3471,0.0716,0.8876,121798271.0,10350570.0
0.1056,2081,0.3472,0.0716,0.8876,121913109.0,10350570.0
0.1056,2082,0.3474,0.0716,0.8876,121941915.0,10350570.0
0.1056,2083,0.3476,0.0715,0.8876,121966523.0,10350570.0
0.1056,2084,0.3477,0.0715,0.8876,122019199.0,10350570.0
0.1057,2085,0.3479,0.0715,0.8876,122038076.0,10350570.0
0.1057,2086,0.3481,0.0714,0.8876,122299097.0,10350570.0
0.1058,2087,0.3482,0.0719,0.8869,122299097.0,10352964.0
0.1058,2088,0.3484,0.0718,0.8869,122430727.0,10352964.0
0.1058,2089,0.3486,0.0718,0.8869,122431117.0,10352964.0
0.1058,2090,0.3487,0.0718,0.8869,122489363.0,10352964.0
0.1059,2091,0.3489,0.0717,0.8869,122500924.0,10352964.0
0.1059,2092,0.3491,0.0717,0.8869,122721132.0,10352964.0
0.1059,2093,0.3492,0.0717,0.8869,122733827.0,10352964.0
0.1059,2094,0.3494,0.0716,0.8869,122852002.0,10352964.0
0.1059,2095,0.3496,0.0716,0.8869,122885946.0,10352964.0
0.1059,2096,0.3497,0.0716,0.8869,122886272.0,10352964.0
0.1061,2097,0.3499,0.072,0.8861,122886272.0,10359413.0
0.1061,2098,0.3501,0.072,0.8861,122947366.0,10359413.0
0.1062,2099,0.3502,0.0719,0.8861,122953512.0,10359413.0
0.1062,2100,0.3504,0.0719,0.8861,123006411.0,10359413.0
0.1062,2101,0.3506,0.0719,0.8861,123085273.0,10359413.0
0.1063,2102,0.3507,0.0718,0.8861,123153767.0,10359413.0
0.1063,2103,0.3509,0.0718,0.8861,123165267.0,10359413.0
0.1063,2104,0.3511,0.0718,0.8861,123181497.0,10359413.0
0.1063,2105,0.3512,0.0717,0.8861,123192318.0,10359413.0
0.1063,2106,0.3514,0.0722,0.8854,123192318.0,10404208.0
0.1064,2107,0.3516,0.0721,0.8854,123195533.0,10404208.0
0.1064,2108,0.3517,0.0721,0.8854,123238739.0,10404208.0
0.1065,2109,0.3519,0.0721,0.8854,123454055.0,10404208.0
0.1065,2110,0.3521,0.072,0.8854,123553020.0,10404208.0
0.1065,2111,0.3522,0.072,0.8854,123661058.0,10404208.0
0.1065,2112,0.3524,0.072,0.8854,123720875.0,10404208.0
0.1065,2113,0.3526,0.0719,0.8854,123720875.0,10404208.0
0.1065,2114,0.3527,0.0719,0.8854,123750844.0,10404208.0
0.1065,2115,0.3529,0.0719,0.8854,123773201.0,10404208.0
0.1066,2116,0.3531,0.0718,0.8854,123784024.0,10404208.0
0.1066,2117,0.3532,0.0718,0.8854,123785448.0,10404208.0
0.1066,2118,0.3534,0.0718,0.8854,123805337.0,10404208.0
0.1067,2119,0.3536,0.0717,0.8854,123854025.0,10404208.0
0.1068,2120,0.3537,0.0717,0.8854,123935407.0,10404208.0
0.1068,2121,0.3539,0.0717,0.8854,123935407.0,10404208.0
0.1068,2122,0.3541,0.0716,0.8854,124023956.0,10404208.0
0.1069,2123,0.3542,0.0716,0.8854,124031196.0,10404208.0
0.1069,2124,0.3544,0.0716,0.8854,124036527.0,10404208.0
0.1069,2125,0.3546,0.0715,0.8854,124043744.0,10404208.0
0.107,2126,0.3547,0.0715,0.8854,124091501.0,10404208.0
0.107,2127,0.3549,0.0715,0.8854,124100267.0,10404208.0
0.1071,2128,0.3551,0.0714,0.8854,124139754.0,10404208.0
0.1071,2129,0.3552,0.0714,0.8854,124145498.0,10404208.0
0.1071,2130,0.3554,0.0714,0.8854,124149279.0,10404208.0
0.1072,2131,0.3556,0.0713,0.8854,124337977.0,10404208.0
0.1072,2132,0.3557,0.0713,0.8854,124374058.0,10404208.0
0.1073,2133,0.3559,0.0713,0.8854,124376153.0,10404208.0
0.1073,2134,0.3561,0.0712,0.8854,124427255.0,10404208.0
0.1073,2135,0.3562,0.0712,0.8854,124428047.0,10404208.0
0.1073,2136,0.3564,0.0712,0.8854,124429869.0,10404208.0
0.1074,2137,0.3566,0.0711,0.8854,124433969.0,10404208.0
0.1074,2138,0.3567,0.0711,0.8854,124442486.0,10404208.0
0.1074,2139,0.3569,0.0711,0.8854,124465723.0,10404208.0
0.1075,2140,0.3571,0.071,0.8854,124484279.0,10404208.0
0.1075,2141,0.3573,0.071,0.8854,124608049.0,10404208.0
0.1075,2142,0.3574,0.071,0.8854,124609491.0,10404208.0
0.1076,2143,0.3576,0.0709,0.8854,124652422.0,10404208.0
0.1078,2144,0.3578,0.0709,0.8854,124683795.0,10404208.0
0.1078,2145,0.3579,0.0709,0.8854,124689154.0,10404208.0
0.1078,2146,0.3581,0.0708,0.8854,124720435.0,10404208.0
0.1078,2147,0.3583,0.0713,0.8846,124720435.0,10453715.0
0.1079,2148,0.3584,0.0717,0.8839,124720435.0,10689982.0
0.1079,2149,0.3586,0.0717,0.8839,124747728.0,10689982.0
0.108,2150,0.3588,0.0716,0.8839,124752392.0,10689982.0
0.108,2151,0.3589,0.0716,0.8839,124911043.0,10689982.0
0.108,2152,0.3591,0.0716,0.8839,124950220.0,10689982.0
0.108,2153,0.3593,0.0715,0.8839,125297751.0,10689982.0
0.1081,2154,0.3594,0.0715,0.8839,125299276.0,10689982.0
0.1081,2155,0.3596,0.0719,0.8831,125299276.0,10833688.0
0.1082,2156,0.3598,0.0719,0.8831,125301390.0,10833688.0
0.1082,2157,0.3599,0.0719,0.8831,125302984.0,10833688.0
0.1082,2158,0.3601,0.0718,0.8831,125363783.0,10833688.0
0.1082,2159,0.3603,0.0718,0.8831,125620939.0,10833688.0
0.1083,2160,0.3604,0.0718,0.8831,125628368.0,10833688.0
0.1083,2161,0.3606,0.0717,0.8831,125629056.0,10833688.0
0.1083,2162,0.3608,0.0722,0.8824,125629056.0,10838372.0
0.1083,2163,0.3609,0.0721,0.8824,125877090.0,10838372.0
0.1085,2164,0.3611,0.0721,0.8824,126082154.0,10838372.0
0.1085,2165,0.3613,0.0721,0.8824,126084054.0,10838372.0
0.1085,2166,0.3614,0.072,0.8824,126235866.0,10838372.0
0.1087,2167,0.3616,0.072,0.8824,126281514.0,10838372.0
0.1088,2168,0.3618,0.072,0.8824,126298935.0,10838372.0
0.1088,2169,0.3619,0.0719,0.8824,126355196.0,10838372.0
0.1089,2170,0.3621,0.0719,0.8824,126608745.0,10838372.0
0.1089,2171,0.3623,0.0719,0.8824,126610375.0,10838372.0
0.1089,2172,0.3624,0.0718,0.8824,126670415.0,10838372.0
0.1089,2173,0.3626,0.0718,0.8824,126747855.0,10838372.0
0.109,2174,0.3628,0.0718,0.8824,126754800.0,10838372.0
0.109,2175,0.3629,0.0717,0.8824,126852563.0,10838372.0
0.109,2176,0.3631,0.0717,0.8824,126911206.0,10838372.0
0.1091,2177,0.3633,0.0721,0.8816,126911206.0,10895758.0
0.1091,2178,0.3634,0.0721,0.8816,126914700.0,10895758.0
0.1091,2179,0.3636,0.0721,0.8816,127198799.0,10895758.0
0.1092,2180,0.3638,0.072,0.8816,127207190.0,10895758.0
0.1092,2181,0.3639,0.072,0.8816,127289340.0,10895758.0
0.1092,2182,0.3641,0.0724,0.8808,127289340.0,10912977.0
0.1093,2183,0.3643,0.0728,0.8801,127289340.0,10916949.0
0.1094,2184,0.3644,0.0728,0.8801,127290556.0,10916949.0
0.1095,2185,0.3646,0.0728,0.8801,127296393.0,10916949.0
0.1096,2186,0.3648,0.0727,0.8801,127299971.0,10916949.0
0.1096,2187,0.3649,0.0727,0.8801,127365978.0,10916949.0
0.1096,2188,0.3651,0.0727,0.8801,127375703.0,10916949.0
0.1097,2189,0.3653,0.0726,0.8801,127405367.0,10916949.0
0.1097,2190,0.3654,0.0726,0.8801,127413560.0,10916949.0
0.1098,2191,0.3656,0.0726,0.8801,127417698.0,10916949.0
0.1098,2192,0.3658,0.0725,0.8801,127420965.0,10916949.0
0.1099,2193,0.3659,0.073,0.8793,127420965.0,10965084.0
0.1099,2194,0.3661,0.0729,0.8793,127431805.0,10965084.0
0.1099,2195,0.3663,0.0729,0.8793,127867542.0,10965084.0
0.11,2196,0.3664,0.0729,0.8793,127903255.0,10965084.0
0.11,2197,0.3666,0.0728,0.8793,127954627.0,10965084.0
0.11,2198,0.3668,0.0728,0.8793,127975775.0,10965084.0
0.11,2199,0.3669,0.0728,0.8793,128024848.0,10965084.0
0.1101,2200,0.3671,0.0727,0.8793,128070246.0,10965084.0
0.1101,2201,0.3673,0.0727,0.8793,128085773.0,10965084.0
0.1101,2202,0.3674,0.0727,0.8793,128111932.0,10965084.0
0.1102,2203,0.3676,0.0726,0.8793,128112432.0,10965084.0
0.1102,2204,0.3678,0.0726,0.8793,128345746.0,10965084.0
0.1102,2205,0.3679,0.0726,0.8793,128405804.0,10965084.0
0.1102,2206,0.3681,0.0725,0.8793,128428739.0,10965084.0
0.1103,2207,0.3683,0.0725,0.8793,128495420.0,10965084.0
0.1103,2208,0.3684,0.0725,0.8793,128516251.0,10965084.0
0.1104,2209,0.3686,0.0724,0.8793,128537765.0,10965084.0
0.1104,2210,0.3688,0.0724,0.8793,128621514.0,10965084.0
0.1105,2211,0.3689,0.0724,0.8793,128634982.0,10965084.0
0.1105,2212,0.3691,0.0723,0.8793,128635717.0,10965084.0
0.1105,2213,0.3693,0.0723,0.8793,128636106.0,10965084.0
0.1105,2214,0.3694,0.0723,0.8793,128777846.0,10965084.0
0.1106,2215,0.3696,0.0722,0.8793,128821898.0,10965084.0
0.1107,2216,0.3698,0.0722,0.8793,128823242.0,10965084.0
0.1108,2217,0.3699,0.0722,0.8793,128830328.0,10965084.0
0.1108,2218,0.3701,0.0721,0.8793,129058606.0,10965084.0
0.1108,2219,0.3703,0.0721,0.8793,129113206.0,10965084.0
0.1108,2220,0.3704,0.0721,0.8793,129132102.0,10965084.0
0.1108,2221,0.3706,0.072,0.8793,129210414.0,10965084.0
0.1109,2222,0.3708,0.072,0.8793,129241578.0,10965084.0
0.1109,2223,0.3709,0.072,0.8793,129269735.0,10965084.0
0.111,2224,0.3711,0.0719,0.8793,129295312.0,10965084.0
0.111,2225,0.3713,0.0719,0.8793,129296302.0,10965084.0
0.111,2226,0.3714,0.0719,0.8793,129685637.0,10965084.0
0.111,2227,0.3716,0.0718,0.8793,129963317.0,10965084.0
0.111,2228,0.3718,0.0718,0.8793,129964151.0,10965084.0
0.111,2229,0.3719,0.0718,0.8793,130075406.0,10965084.0
0.1112,2230,0.3721,0.0722,0.8786,130075406.0,11021375.0
0.1112,2231,0.3723,0.0722,0.8786,130077022.0,11021375.0
0.1113,2232,0.3724,0.0721,0.8786,130077022.0,11021375.0
0.1113,2233,0.3726,0.0725,0.8778,130077022.0,11103958.0
0.1113,2234,0.3728,0.073,0.8771,130077022.0,11133703.0
0.1114,2235,0.3729,0.0729,0.8771,130080022.0,11133703.0
0.1114,2236,0.3731,0.0729,0.8771,130368055.0,11133703.0
0.1114,2237,0.3733,0.0729,0.8771,130368055.0,11133703.0
0.1115,2238,0.3734,0.0728,0.8771,130378797.0,11133703.0
0.1115,2239,0.3736,0.0728,0.8771,130380569.0,11133703.0
0.1115,2240,0.3738,0.0728,0.8771,130397924.0,11133703.0
0.1116,2241,0.3739,0.0727,0.8771,130634092.0,11133703.0
0.1117,2242,0.3741,0.0727,0.8771,130662671.0,11133703.0
0.1117,2243,0.3743,0.0727,0.8771,130664191.0,11133703.0
0.1117,2244,0.3744,0.0726,0.8771,130678112.0,11133703.0
0.1117,2245,0.3746,0.0726,0.8771,131304760.0,11133703.0
0.1118,2246,0.3748,0.0726,0.8771,131403022.0,11133703.0
0.1119,2247,0.3749,0.0725,0.8771,131406740.0,11133703.0
0.1119,2248,0.3751,0.0725,0.8771,131589285.0,11133703.0
0.1121,2249,0.3753,0.0729,0.8763,131589285.0,11415303.0
0.1121,2250,0.3754,0.0729,0.8763,131593049.0,11415303.0
0.1122,2251,0.3756,0.0729,0.8763,131635708.0,11415303.0
0.1122,2252,0.3758,0.0728,0.8763,131637229.0,11415303.0
0.1122,2253,0.3759,0.0728,0.8763,131812578.0,11415303.0
0.1124,2254,0.3761,0.0728,0.8763,131836096.0,11415303.0
0.1124,2255,0.3763,0.0727,0.8763,131837482.0,11415303.0
0.1124,2256,0.3764,0.0727,0.8763,131906521.0,11415303.0
0.1125,2257,0.3766,0.0731,0.8756,131906521.0,11440714.0
0.1125,2258,0.3768,0.0731,0.8756,132013296.0,11440714.0
0.1125,2259,0.3769,0.0735,0.8748,132013296.0,11544847.0
0.1125,2260,0.3771,0.0735,0.8748,132208803.0,11544847.0
0.1126,2261,0.3773,0.0734,0.8748,132224856.0,11544847.0
0.1126,2262,0.3774,0.0734,0.8748,132341915.0,11544847.0
0.1126,2263,0.3776,0.0734,0.8748,132344244.0,11544847.0
0.1127,2264,0.3778,0.0733,0.8748,132349244.0,11544847.0
0.1127,2265,0.3779,0.0733,0.8748,132353829.0,11544847.0
0.1127,2266,0.3781,0.0733,0.8748,132367251.0,11544847.0
0.1128,2267,0.3783,0.0732,0.8748,132373341.0,11544847.0
0.1128,2268,0.3784,0.0732,0.8748,132420311.0,11544847.0
0.1128,2269,0.3786,0.0732,0.8748,132421694.0,11544847.0
0.1129,2270,0.3788,0.0731,0.8748,132430085.0,11544847.0
0.1129,2271,0.3789,0.0731,0.8748,132431746.0,11544847.0
0.1129,2272,0.3791,0.0731,0.8748,132533636.0,11544847.0
0.1129,2273,0.3793,0.073,0.8748,132561722.0,11544847.0
0.113,2274,0.3794,0.073,0.8748,132571827.0,11544847.0
0.113,2275,0.3796,0.0734,0.8741,132571827.0,11634975.0
0.113,2276,0.3798,0.0734,0.8741,132571935.0,11634975.0
0.113,2277,0.3799,0.0733,0.8741,132606762.0,11634975.0
0.1131,2278,0.3801,0.0733,0.8741,132637619.0,11634975.0
0.1131,2279,0.3803,0.0733,0.8741,132746991.0,11634975.0
0.1132,2280,0.3804,0.0732,0.8741,132753293.0,11634975.0
0.1132,2281,0.3806,0.0732,0.8741,132894125.0,11634975.0
0.1132,2282,0.3808,0.0732,0.8741,132904053.0,11634975.0
0.1133,2283,0.3809,0.0731,0.8741,133199048.0,11634975.0
0.1133,2284,0.3811,0.0731,0.8741,133208813.0,11634975.0
0.1134,2285,0.3813,0.0731,0.8741,133259667.0,11634975.0
0.1134,2286,0.3814,0.0731,0.8741,133263791.0,11634975.0
0.1134,2287,0.3816,0.073,0.8741,133654184.0,11634975.0
0.1135,2288,0.3818,0.0734,0.8733,133654184.0,11661299.0
0.1135,2289,0.3819,0.0734,0.8733,133657280.0,11661299.0
0.1136,2290,0.3821,0.0734,0.8733,133715169.0,11661299.0
0.1136,2291,0.3823,0.0733,0.8733,133930948.0,11661299.0
0.1136,2292,0.3824,0.0733,0.8733,134000437.0,11661299.0
0.1136,2293,0.3826,0.0733,0.8733,134167288.0,11661299.0
0.1137,2294,0.3828,0.0732,0.8733,134282941.0,11661299.0
0.1137,2295,0.3829,0.0732,0.8733,134285146.0,11661299.0
0.1138,2296,0.3831,0.0732,0.8733,134522518.0,11661299.0
0.1138,2297,0.3833,0.0731,0.8733,134564581.0,11661299.0
0.1138,2298,0.3834,0.0731,0.8733,134564980.0,11661299.0
0.1139,2299,0.3836,0.0731,0.8733,134771137.0,11661299.0
0.1139,2300,0.3838,0.073,0.8733,134773218.0,11661299.0
0.114,2301,0.3839,0.073,0.8733,134919996.0,11661299.0
0.114,2302,0.3841,0.073,0.8733,134974207.0,11661299.0
0.114,2303,0.3843,0.0729,0.8733,135091494.0,11661299.0
0.1141,2304,0.3844,0.0729,0.8733,135110281.0,11661299.0
0.1141,2305,0.3846,0.0729,0.8733,135175835.0,11661299.0
0.1141,2306,0.3848,0.0733,0.8725,135175835.0,11694735.0
0.1142,2307,0.3849,0.0733,0.8725,135285079.0,11694735.0
0.1142,2308,0.3851,0.0732,0.8725,135285468.0,11694735.0
0.1142,2309,0.3853,0.0732,0.8725,135287151.0,11694735.0
0.1143,2310,0.3854,0.0732,0.8725,135293311.0,11694735.0
0.1143,2311,0.3856,0.0731,0.8725,135368667.0,11694735.0
0.1143,2312,0.3858,0.0731,0.8725,135375677.0,11694735.0
0.1143,2313,0.386,0.0731,0.8725,135426624.0,11694735.0
0.1143,2314,0.3861,0.073,0.8725,135427674.0,11694735.0
0.1143,2315,0.3863,0.073,0.8725,135442989.0,11694735.0
0.1144,2316,0.3865,0.073,0.8725,135451529.0,11694735.0
0.1144,2317,0.3866,0.0729,0.8725,135494750.0,11694735.0
0.1144,2318,0.3868,0.0729,0.8725,135545643.0,11694735.0
0.1144,2319,0.387,0.0729,0.8725,135546903.0,11694735.0
0.1145,2320,0.3871,0.0728,0.8725,135638946.0,11694735.0
0.1145,2321,0.3873,0.0728,0.8725,135640933.0,11694735.0
0.1146,2322,0.3875,0.0728,0.8725,135686565.0,11694735.0
0.1146,2323,0.3876,0.0728,0.8725,135699044.0,11694735.0
0.1146,2324,0.3878,0.0727,0.8725,135892344.0,11694735.0
0.1146,2325,0.388,0.0727,0.8725,135912710.0,11694735.0
0.1147,2326,0.3881,0.0727,0.8725,135965815.0,11694735.0
0.1148,2327,0.3883,0.0726,0.8725,135991113.0,11694735.0
0.1148,2328,0.3885,0.0726,0.8725,136075957.0,11694735.0
0.1148,2329,0.3886,0.0726,0.8725,136158021.0,11694735.0
0.115,2330,0.3888,0.0725,0.8725,136160682.0,11694735.0
0.115,2331,0.389,0.0725,0.8725,136263406.0,11694735.0
0.1151,2332,0.3891,0.0725,0.8725,136264000.0,11694735.0
0.1152,2333,0.3893,0.0724,0.8725,136267410.0,11694735.0
0.1152,2334,0.3895,0.0724,0.8725,136293752.0,11694735.0
0.1153,2335,0.3896,0.0724,0.8725,136298343.0,11694735.0
0.1153,2336,0.3898,0.0723,0.8725,136329883.0,11694735.0
0.1154,2337,0.39,0.0723,0.8725,136474644.0,11694735.0
0.1155,2338,0.3901,0.0723,0.8725,136475842.0,11694735.0
0.1155,2339,0.3903,0.0727,0.8718,136475842.0,11707515.0
0.1156,2340,0.3905,0.0726,0.8718,136475842.0,11707515.0
0.1157,2341,0.3906,0.0726,0.8718,136479244.0,11707515.0
0.1157,2342,0.3908,0.073,0.871,136479244.0,11708110.0
0.1157,2343,0.391,0.073,0.871,136573711.0,11708110.0
0.1157,2344,0.3911,0.073,0.871,136622080.0,11708110.0
0.1158,2345,0.3913,0.0729,0.871,136709315.0,11708110.0
0.1159,2346,0.3915,0.0729,0.871,136714940.0,11708110.0
0.1159,2347,0.3916,0.0729,0.871,136742841.0,11708110.0
0.116,2348,0.3918,0.0728,0.871,136750981.0,11708110.0
0.116,2349,0.392,0.0728,0.871,136764428.0,11708110.0
0.116,2350,0.3921,0.0728,0.871,136800490.0,11708110.0
0.1161,2351,0.3923,0.0727,0.871,136886765.0,11708110.0
0.1161,2352,0.3925,0.0727,0.871,136963069.0,11708110.0
0.1161,2353,0.3926,0.0727,0.871,137094932.0,11708110.0
0.1161,2354,0.3928,0.0726,0.871,137172329.0,11708110.0
0.1161,2355,0.393,0.0726,0.871,137216948.0,11708110.0
0.1161,2356,0.3931,0.0726,0.871,137454581.0,11708110.0
0.1162,2357,0.3933,0.073,0.8703,137454581.0,11734383.0
0.1162,2358,0.3935,0.0729,0.8703,137587210.0,11734383.0
0.1162,2359,0.3936,0.0733,0.8695,137587210.0,11781828.0
0.1162,2360,0.3938,0.0733,0.8695,137658645.0,11781828.0
0.1163,2361,0.394,0.0733,0.8695,137666814.0,11781828.0
0.1164,2362,0.3941,0.0737,0.8688,137666814.0,12041174.0
0.1164,2363,0.3943,0.0736,0.8688,137668375.0,12041174.0
0.1165,2364,0.3945,0.0736,0.8688,137738538.0,12041174.0
0.1165,2365,0.3946,0.0736,0.8688,138177868.0,12041174.0
0.1165,2366,0.3948,0.0735,0.8688,138186262.0,12041174.0
0.1165,2367,0.395,0.0735,0.8688,138367555.0,12041174.0
0.1165,2368,0.3951,0.0735,0.8688,138460511.0,12041174.0
0.1166,2369,0.3953,0.0734,0.8688,138548765.0,12041174.0
0.1166,2370,0.3955,0.0734,0.8688,138550717.0,12041174.0
0.1166,2371,0.3956,0.0738,0.868,138550717.0,12065937.0
0.1167,2372,0.3958,0.0738,0.868,138946872.0,12065937.0
0.1167,2373,0.396,0.0742,0.8673,138946872.0,12099168.0
0.1167,2374,0.3961,0.0741,0.8673,138948872.0,12099168.0
0.1168,2375,0.3963,0.0741,0.8673,138965911.0,12099168.0
0.1168,2376,0.3965,0.0741,0.8673,139045476.0,12099168.0
0.1169,2377,0.3966,0.074,0.8673,139296962.0,12099168.0
0.117,2378,0.3968,0.074,0.8673,139304925.0,12099168.0
0.117,2379,0.397,0.074,0.8673,139352740.0,12099168.0
0.117,2380,0.3971,0.0739,0.8673,139375198.0,12099168.0
0.1171,2381,0.3973,0.0739,0.8673,139375704.0,12099168.0
0.1171,2382,0.3975,0.0743,0.8665,139375704.0,12100661.0
0.1171,2383,0.3976,0.0743,0.8665,139475847.0,12100661.0
0.1171,2384,0.3978,0.0747,0.8658,139475847.0,12129503.0
0.1172,2385,0.398,0.0746,0.8658,139485537.0,12129503.0
0.1172,2386,0.3981,0.0746,0.8658,139504391.0,12129503.0
0.1172,2387,0.3983,0.075,0.865,139504391.0,12167724.0
0.1173,2388,0.3985,0.0754,0.8643,139504391.0,12374603.0
0.1174,2389,0.3986,0.0758,0.8635,139504391.0,12452940.0
0.1174,2390,0.3988,0.0757,0.8635,139547987.0,12452940.0
0.1174,2391,0.399,0.0757,0.8635,139549981.0,12452940.0
0.1175,2392,0.3991,0.0757,0.8635,139557056.0,12452940.0
0.1176,2393,0.3993,0.0756,0.8635,139586916.0,12452940.0
0.1176,2394,0.3995,0.0756,0.8635,139589485.0,12452940.0
0.1176,2395,0.3996,0.0756,0.8635,139841314.0,12452940.0
0.1176,2396,0.3998,0.0755,0.8635,139970916.0,12452940.0
0.1177,2397,0.4,0.0755,0.8635,140021098.0,12452940.0
0.1177,2398,0.4001,0.0755,0.8635,140096071.0,12452940.0
0.1177,2399,0.4003,0.0754,0.8635,140174644.0,12452940.0
0.1178,2400,0.4005,0.0754,0.8635,140184259.0,12452940.0
0.1178,2401,0.4006,0.0754,0.8635,140210787.0,12452940.0
0.1178,2402,0.4008,0.0758,0.8627,140210787.0,12573706.0
0.118,2403,0.401,0.0757,0.8627,140212287.0,12573706.0
0.118,2404,0.4011,0.0757,0.8627,140254836.0,12573706.0
0.1181,2405,0.4013,0.0757,0.8627,140269296.0,12573706.0
0.1182,2406,0.4015,0.0756,0.8627,140269922.0,12573706.0
0.1182,2407,0.4016,0.0756,0.8627,140348066.0,12573706.0
0.1183,2408,0.4018,0.0756,0.8627,140348066.0,12573706.0
0.1183,2409,0.402,0.0756,0.8627,140447834.0,12573706.0
0.1183,2410,0.4021,0.0755,0.8627,140515792.0,12573706.0
0.1183,2411,0.4023,0.0759,0.862,140515792.0,12790722.0
0.1183,2412,0.4025,0.0759,0.862,140575902.0,12790722.0
0.1184,2413,0.4026,0.0758,0.862,140642408.0,12790722.0
0.1184,2414,0.4028,0.0758,0.862,140719652.0,12790722.0
0.1185,2415,0.403,0.0758,0.862,140740529.0,12790722.0
0.1185,2416,0.4031,0.0757,0.862,140780429.0,12790722.0
0.1185,2417,0.4033,0.0757,0.862,140783896.0,12790722.0
0.1185,2418,0.4035,0.0757,0.862,140840205.0,12790722.0
0.1185,2419,0.4036,0.0761,0.8612,140840205.0,12793098.0
0.1186,2420,0.4038,0.076,0.8612,141018645.0,12793098.0
0.1187,2421,0.404,0.076,0.8612,141169654.0,12793098.0
0.1187,2422,0.4041,0.076,0.8612,141243882.0,12793098.0
0.1188,2423,0.4043,0.0764,0.8605,141243882.0,12854000.0
0.1188,2424,0.4045,0.0767,0.8597,141243882.0,12908770.0
0.1188,2425,0.4046,0.0767,0.8597,141300176.0,12908770.0
0.1188,2426,0.4048,0.0767,0.8597,141300176.0,12908770.0
0.1189,2427,0.405,0.0766,0.8597,141431735.0,12908770.0
0.1189,2428,0.4051,0.077,0.859,141431735.0,12942803.0
0.119,2429,0.4053,0.077,0.859,141441670.0,12942803.0
0.1192,2430,0.4055,0.077,0.859,141509920.0,12942803.0
0.1192,2431,0.4056,0.0773,0.8582,141509920.0,13031615.0
0.1193,2432,0.4058,0.0773,0.8582,141736235.0,13031615.0
0.1193,2433,0.406,0.0773,0.8582,141779873.0,13031615.0
0.1193,2434,0.4061,0.0772,0.8582,141782946.0,13031615.0
0.1193,2435,0.4063,0.0772,0.8582,141782946.0,13031615.0
0.1193,2436,0.4065,0.0772,0.8582,141787008.0,13031615.0
0.1194,2437,0.4066,0.0776,0.8575,141787008.0,13065043.0
0.1194,2438,0.4068,0.0775,0.8575,141869082.0,13065043.0
0.1195,2439,0.407,0.0775,0.8575,142056692.0,13065043.0
0.1195,2440,0.4071,0.0775,0.8575,142076181.0,13065043.0
0.1195,2441,0.4073,0.0774,0.8575,142152365.0,13065043.0
0.1195,2442,0.4075,0.0774,0.8575,142167365.0,13065043.0
0.1195,2443,0.4076,0.0774,0.8575,142167681.0,13065043.0
0.1196,2444,0.4078,0.0777,0.8567,142167681.0,13111843.0
0.1196,2445,0.408,0.0781,0.856,142167681.0,13112224.0
0.1196,2446,0.4081,0.0781,0.856,142176695.0,13112224.0
0.1196,2447,0.4083,0.0781,0.856,142180150.0,13112224.0
0.1197,2448,0.4085,0.078,0.856,142183205.0,13112224.0
0.1198,2449,0.4086,0.078,0.856,142183205.0,13112224.0
0.1198,2450,0.4088,0.078,0.856,142384201.0,13112224.0
0.1198,2451,0.409,0.0779,0.856,142538633.0,13112224.0
0.1199,2452,0.4091,0.0779,0.856,142587162.0,13112224.0
0.1199,2453,0.4093,0.0779,0.856,142605714.0,13112224.0
0.12,2454,0.4095,0.0782,0.8552,142605714.0,13299370.0
0.12,2455,0.4096,0.0782,0.8552,142654731.0,13299370.0
0.12,2456,0.4098,0.0782,0.8552,142719946.0,13299370.0
0.1201,2457,0.41,0.0781,0.8552,142724707.0,13299370.0
0.1201,2458,0.4101,0.0785,0.8544,142724707.0,13300550.0
0.1201,2459,0.4103,0.0785,0.8544,142727250.0,13300550.0
0.1201,2460,0.4105,0.0785,0.8544,142727250.0,13300550.0
0.1202,2461,0.4106,0.0784,0.8544,142733115.0,13300550.0
0.1202,2462,0.4108,0.0784,0.8544,142738746.0,13300550.0
0.1202,2463,0.411,0.0784,0.8544,142745707.0,13300550.0
0.1202,2464,0.4111,0.0783,0.8544,142750589.0,13300550.0
0.1203,2465,0.4113,0.0783,0.8544,142803633.0,13300550.0
0.1204,2466,0.4115,0.0783,0.8544,142805288.0,13300550.0
0.1204,2467,0.4116,0.0782,0.8544,142807723.0,13300550.0
0.1204,2468,0.4118,0.0782,0.8544,142876839.0,13300550.0
0.1204,2469,0.412,0.0786,0.8537,142876839.0,13326894.0
0.1205,2470,0.4121,0.0789,0.8529,142876839.0,13327284.0
0.1205,2471,0.4123,0.0789,0.8529,142988187.0,13327284.0
0.1205,2472,0.4125,0.0793,0.8522,142988187.0,13497417.0
0.1207,2473,0.4126,0.0797,0.8514,142988187.0,13535020.0
0.1207,2474,0.4128,0.0796,0.8514,142989336.0,13535020.0
0.1208,2475,0.413,0.0796,0.8514,143031010.0,13535020.0
0.1208,2476,0.4131,0.0796,0.8514,143031010.0,13535020.0
0.1209,2477,0.4133,0.0799,0.8507,143031010.0,13538288.0
0.1209,2478,0.4135,0.0799,0.8507,143038544.0,13538288.0
0.121,2479,0.4136,0.0799,0.8507,143461027.0,13538288.0
0.1211,2480,0.4138,0.0798,0.8507,143464758.0,13538288.0
0.1211,2481,0.414,0.0798,0.8507,143668031.0,13538288.0
0.1212,2482,0.4141,0.0798,0.8507,143739202.0,13538288.0
0.1212,2483,0.4143,0.0797,0.8507,143753496.0,13538288.0
0.1213,2484,0.4145,0.0801,0.8499,143753496.0,13685764.0
0.1213,2485,0.4147,0.0801,0.8499,143802579.0,13685764.0
0.1215,2486,0.4148,0.08,0.8499,143858982.0,13685764.0
0.1215,2487,0.415,0.08,0.8499,143861585.0,13685764.0
0.1215,2488,0.4152,0.08,0.8499,143865693.0,13685764.0
0.1216,2489,0.4153,0.08,0.8499,143881307.0,13685764.0
0.1216,2490,0.4155,0.0799,0.8499,143886507.0,13685764.0
0.1217,2491,0.4157,0.0799,0.8499,143961656.0,13685764.0
0.1217,2492,0.4158,0.0803,0.8492,143961656.0,13701212.0
0.1217,2493,0.416,0.0802,0.8492,143966737.0,13701212.0
0.1218,2494,0.4162,0.0802,0.8492,143967616.0,13701212.0
0.1218,2495,0.4163,0.0802,0.8492,143970880.0,13701212.0
0.1218,2496,0.4165,0.0805,0.8484,143970880.0,13836860.0
0.1218,2497,0.4167,0.0805,0.8484,144044012.0,13836860.0
0.1219,2498,0.4168,0.0805,0.8484,144134000.0,13836860.0
0.122,2499,0.417,0.0804,0.8484,144135257.0,13836860.0
0.122,2500,0.4172,0.0804,0.8484,144258837.0,13836860.0
0.1221,2501,0.4173,0.0804,0.8484,144261771.0,13836860.0
0.1221,2502,0.4175,0.0803,0.8484,144267081.0,13836860.0
0.1221,2503,0.4177,0.0803,0.8484,144270108.0,13836860.0
0.1221,2504,0.4178,0.0807,0.8477,144270108.0,13914870.0
0.1221,2505,0.418,0.081,0.8469,144270108.0,14003688.0
0.1222,2506,0.4182,0.081,0.8469,144281658.0,14003688.0
0.1222,2507,0.4183,0.081,0.8469,144288714.0,14003688.0
0.1222,2508,0.4185,0.0813,0.8462,144288714.0,14020040.0
0.1223,2509,0.4187,0.0813,0.8462,144333970.0,14020040.0
0.1223,2510,0.4188,0.0813,0.8462,144336970.0,14020040.0
0.1223,2511,0.419,0.0812,0.8462,144364936.0,14020040.0
0.1225,2512,0.4192,0.0812,0.8462,144405705.0,14020040.0
0.1225,2513,0.4193,0.0812,0.8462,144481110.0,14020040.0
0.1226,2514,0.4195,0.0811,0.8462,144484890.0,14020040.0
0.1226,2515,0.4197,0.0811,0.8462,144486248.0,14020040.0
0.1226,2516,0.4198,0.0811,0.8462,144492173.0,14020040.0
0.1227,2517,0.42,0.0814,0.8454,144492173.0,14152323.0
0.1227,2518,0.4202,0.0814,0.8454,144502413.0,14152323.0
0.1227,2519,0.4203,0.0814,0.8454,144516054.0,14152323.0
0.1228,2520,0.4205,0.0813,0.8454,144654819.0,14152323.0
0.1228,2521,0.4207,0.0817,0.8446,144654819.0,14171126.0
0.1228,2522,0.4208,0.0817,0.8446,144703743.0,14171126.0
0.1228,2523,0.421,0.082,0.8439,144703743.0,14172197.0
0.1229,2524,0.4212,0.082,0.8439,144832842.0,14172197.0
0.123,2525,0.4213,0.082,0.8439,144832842.0,14172197.0
0.1231,2526,0.4215,0.0819,0.8439,144845584.0,14172197.0
0.1231,2527,0.4217,0.0819,0.8439,144901720.0,14172197.0
0.1231,2528,0.4218,0.0819,0.8439,144943020.0,14172197.0
0.1232,2529,0.422,0.0819,0.8439,145168925.0,14172197.0
0.1232,2530,0.4222,0.0822,0.8431,145168925.0,14190732.0
0.1232,2531,0.4223,0.0826,0.8424,145168925.0,14219698.0
0.1233,2532,0.4225,0.0825,0.8424,145178157.0,14219698.0
0.1233,2533,0.4227,0.0825,0.8424,145178157.0,14219698.0
0.1233,2534,0.4228,0.0825,0.8424,145197404.0,14219698.0
0.1233,2535,0.423,0.0828,0.8416,145197404.0,14219698.0
0.1233,2536,0.4232,0.0828,0.8416,145200288.0,14219698.0
0.1233,2537,0.4233,0.0828,0.8416,145201817.0,14219698.0
0.1234,2538,0.4235,0.0827,0.8416,145229668.0,14219698.0
0.1234,2539,0.4237,0.0827,0.8416,145243398.0,14219698.0
0.1234,2540,0.4238,0.0831,0.8409,145243398.0,14226212.0
0.1235,2541,0.424,0.0834,0.8401,145243398.0,14329778.0
0.1236,2542,0.4242,0.0834,0.8401,145243398.0,14329778.0
0.1237,2543,0.4243,0.0834,0.8401,145252676.0,14329778.0
0.1238,2544,0.4245,0.0833,0.8401,145256820.0,14329778.0
0.1238,2545,0.4247,0.0833,0.8401,145302010.0,14329778.0
0.1238,2546,0.4248,0.0833,0.8401,145598825.0,14329778.0
0.1238,2547,0.425,0.0832,0.8401,145599958.0,14329778.0
0.1239,2548,0.4252,0.0832,0.8401,145655689.0,14329778.0
0.1239,2549,0.4253,0.0836,0.8394,145655689.0,14459916.0
0.1239,2550,0.4255,0.0839,0.8386,145655689.0,14484400.0
0.124,2551,0.4257,0.0839,0.8386,145875780.0,14484400.0
0.124,2552,0.4258,0.0839,0.8386,145879517.0,14484400.0
0.1242,2553,0.426,0.0838,0.8386,145880315.0,14484400.0
0.1243,2554,0.4262,0.0842,0.8379,145880315.0,14500522.0
0.1243,2555,0.4263,0.0841,0.8379,145897786.0,14500522.0
0.1243,2556,0.4265,0.0841,0.8379,145964116.0,14500522.0
0.1244,2557,0.4267,0.0841,0.8379,146003380.0,14500522.0
0.1244,2558,0.4268,0.0841,0.8379,146005607.0,14500522.0
0.1244,2559,0.427,0.084,0.8379,146032056.0,14500522.0
0.1244,2560,0.4272,0.084,0.8379,146112056.0,14500522.0
0.1246,2561,0.4273,0.084,0.8379,146239636.0,14500522.0
0.1247,2562,0.4275,0.0839,0.8379,146239839.0,14500522.0
0.1247,2563,0.4277,0.0839,0.8379,146274310.0,14500522.0
0.1247,2564,0.4278,0.0839,0.8379,146316548.0,14500522.0
0.1247,2565,0.428,0.0838,0.8379,146317028.0,14500522.0
0.1248,2566,0.4282,0.0842,0.8371,146317028.0,14507188.0
0.1248,2567,0.4283,0.0841,0.8371,146450489.0,14507188.0
0.1248,2568,0.4285,0.0841,0.8371,146638481.0,14507188.0
0.1248,2569,0.4287,0.0845,0.8363,146638481.0,14544774.0
0.1249,2570,0.4288,0.0844,0.8363,146638481.0,14544774.0
0.1249,2571,0.429,0.0844,0.8363,146733546.0,14544774.0
0.125,2572,0.4292,0.0844,0.8363,146734913.0,14544774.0
0.1251,2573,0.4293,0.0843,0.8363,146841368.0,14544774.0
0.1251,2574,0.4295,0.0843,0.8363,146851050.0,14544774.0
0.1251,2575,0.4297,0.0843,0.8363,146851550.0,14544774.0
0.1251,2576,0.4298,0.0842,0.8363,146902243.0,14544774.0
0.1252,2577,0.43,0.0842,0.8363,146905877.0,14544774.0
0.1254,2578,0.4302,0.0842,0.8363,146911250.0,14544774.0
0.1254,2579,0.4303,0.0845,0.8356,146911250.0,14549152.0
0.1254,2580,0.4305,0.0845,0.8356,146981726.0,14549152.0
0.1254,2581,0.4307,0.0849,0.8348,146981726.0,14549793.0
0.1255,2582,0.4308,0.0848,0.8348,146982752.0,14549793.0
0.1256,2583,0.431,0.0848,0.8348,146986308.0,14549793.0
0.1257,2584,0.4312,0.0848,0.8348,147094101.0,14549793.0
0.1257,2585,0.4313,0.0847,0.8348,147098136.0,14549793.0
0.1259,2586,0.4315,0.0847,0.8348,147214319.0,14549793.0
0.1259,2587,0.4317,0.085,0.8341,147214319.0,14570751.0
0.1259,2588,0.4318,0.0854,0.8333,147214319.0,14621634.0
0.126,2589,0.432,0.0854,0.8333,147214841.0,14621634.0
0.126,2590,0.4322,0.0853,0.8333,147268115.0,14621634.0
0.126,2591,0.4323,0.0853,0.8333,147355492.0,14621634.0
0.126,2592,0.4325,0.0856,0.8326,147355492.0,14866370.0
0.126,2593,0.4327,0.0856,0.8326,147373693.0,14866370.0
0.1261,2594,0.4328,0.0856,0.8326,147561470.0,14866370.0
0.1261,2595,0.433,0.0855,0.8326,147609531.0,14866370.0
0.1261,2596,0.4332,0.0859,0.8318,147609531.0,14868237.0
0.1261,2597,0.4333,0.0863,0.8311,147609531.0,14882919.0
0.1262,2598,0.4335,0.0862,0.8311,147611911.0,14882919.0
0.1262,2599,0.4337,0.0866,0.8303,147611911.0,14883905.0
0.1263,2600,0.4338,0.0865,0.8303,147701213.0,14883905.0
0.1263,2601,0.434,0.0865,0.8303,147701486.0,14883905.0
0.1263,2602,0.4342,0.0865,0.8303,147758753.0,14883905.0
0.1263,2603,0.4343,0.0864,0.8303,147762613.0,14883905.0
0.1264,2604,0.4345,0.0864,0.8303,147775683.0,14883905.0
0.1265,2605,0.4347,0.0864,0.8303,147885497.0,14883905.0
0.1265,2606,0.4348,0.0863,0.8303,147935247.0,14883905.0
0.1266,2607,0.435,0.0863,0.8303,147953411.0,14883905.0
0.1266,2608,0.4352,0.0863,0.8303,148003991.0,14883905.0
0.1267,2609,0.4353,0.0866,0.8296,148003991.0,15075214.0
0.1267,2610,0.4355,0.0866,0.8296,148295852.0,15075214.0
0.1268,2611,0.4357,0.0866,0.8296,148296292.0,15075214.0
0.1268,2612,0.4358,0.0869,0.8288,148296292.0,15076973.0
0.1268,2613,0.436,0.0869,0.8288,148513512.0,15076973.0
0.127,2614,0.4362,0.0868,0.8288,148566726.0,15076973.0
0.1271,2615,0.4363,0.0868,0.8288,148595063.0,15076973.0
0.1271,2616,0.4365,0.0868,0.8288,148645307.0,15076973.0
0.1272,2617,0.4367,0.0867,0.8288,148647912.0,15076973.0
0.1272,2618,0.4368,0.0867,0.8288,148652786.0,15076973.0
0.1273,2619,0.437,0.0871,0.8281,148652786.0,15076973.0
0.1273,2620,0.4372,0.087,0.8281,148656131.0,15076973.0
0.1273,2621,0.4373,0.087,0.8281,148866935.0,15076973.0
0.1273,2622,0.4375,0.087,0.8281,148866935.0,15076973.0
0.1273,2623,0.4377,0.0873,0.8273,148866935.0,15077969.0
0.1274,2624,0.4378,0.0873,0.8273,148980396.0,15077969.0
0.1274,2625,0.438,0.0876,0.8265,148980396.0,15219384.0
0.1275,2626,0.4382,0.088,0.8258,148980396.0,15220020.0
0.1275,2627,0.4383,0.0879,0.8258,148981657.0,15220020.0
0.1275,2628,0.4385,0.0883,0.825,148981657.0,15400221.0
0.1275,2629,0.4387,0.0882,0.825,148986760.0,15400221.0
0.1275,2630,0.4388,0.0886,0.8243,148986760.0,15441989.0
0.1276,2631,0.439,0.0886,0.8243,149041880.0,15441989.0
0.1276,2632,0.4392,0.0885,0.8243,149100719.0,15441989.0
0.1276,2633,0.4393,0.0885,0.8243,149271669.0,15441989.0
0.1276,2634,0.4395,0.0885,0.8243,149291008.0,15441989.0
0.1277,2635,0.4397,0.0884,0.8243,149295750.0,15441989.0
0.1278,2636,0.4398,0.0884,0.8243,149295750.0,15441989.0
0.1278,2637,0.44,0.0884,0.8243,149305587.0,15441989.0
0.1278,2638,0.4402,0.0883,0.8243,149336884.0,15441989.0
0.1279,2639,0.4403,0.0887,0.8235,149336884.0,15492286.0
0.1279,2640,0.4405,0.0886,0.8235,149347594.0,15492286.0
0.1279,2641,0.4407,0.0886,0.8235,149391852.0,15492286.0
0.128,2642,0.4408,0.0886,0.8235,149581592.0,15492286.0
0.1281,2643,0.441,0.0885,0.8235,149594535.0,15492286.0
0.1283,2644,0.4412,0.0885,0.8235,149726130.0,15492286.0
0.1283,2645,0.4413,0.0888,0.8228,149726130.0,15510506.0
0.1283,2646,0.4415,0.0888,0.8228,149857351.0,15510506.0
0.1284,2647,0.4417,0.0888,0.8228,150107922.0,15510506.0
0.1284,2648,0.4418,0.0887,0.8228,150160193.0,15510506.0
0.1284,2649,0.442,0.0887,0.8228,150204518.0,15510506.0
0.1285,2650,0.4422,0.0891,0.822,150204518.0,15516057.0
0.1286,2651,0.4423,0.089,0.822,150204518.0,15516057.0
0.1286,2652,0.4425,0.089,0.822,150205389.0,15516057.0
0.1287,2653,0.4427,0.089,0.822,150231131.0,15516057.0
0.1287,2654,0.4428,0.0889,0.822,150231725.0,15516057.0
0.1288,2655,0.443,0.0889,0.822,150232911.0,15516057.0
0.1288,2656,0.4432,0.0889,0.822,150420342.0,15516057.0
0.129,2657,0.4434,0.0888,0.822,150435238.0,15516057.0
0.129,2658,0.4435,0.0888,0.822,150627936.0,15516057.0
0.129,2659,0.4437,0.0888,0.822,150901366.0,15516057.0
0.1291,2660,0.4439,0.0887,0.822,150949283.0,15516057.0
0.1292,2661,0.444,0.0891,0.8213,150949283.0,15542450.0
0.1293,2662,0.4442,0.089,0.8213,150962096.0,15542450.0
0.1293,2663,0.4444,0.089,0.8213,151098593.0,15542450.0
0.1293,2664,0.4445,0.0893,0.8205,151098593.0,15676349.0
0.1294,2665,0.4447,0.0897,0.8198,151098593.0,15910554.0
0.1294,2666,0.4449,0.0896,0.8198,151146658.0,15910554.0
0.1295,2667,0.445,0.09,0.819,151146658.0,15939240.0
0.1295,2668,0.4452,0.09,0.819,151146658.0,15939240.0
0.1295,2669,0.4454,0.0899,0.819,151156730.0,15939240.0
0.1295,2670,0.4455,0.0903,0.8183,151156730.0,15981082.0
0.1296,2671,0.4457,0.0902,0.8183,151214856.0,15981082.0
0.1296,2672,0.4459,0.0902,0.8183,151214856.0,15981082.0
0.1297,2673,0.446,0.0902,0.8183,151272386.0,15981082.0
0.1298,2674,0.4462,0.0901,0.8183,151558892.0,15981082.0
0.1298,2675,0.4464,0.0901,0.8183,151560375.0,15981082.0
0.1299,2676,0.4465,0.0901,0.8183,151603316.0,15981082.0
0.1299,2677,0.4467,0.09,0.8183,151603618.0,15981082.0
0.1299,2678,0.4469,0.09,0.8183,151615606.0,15981082.0
0.13,2679,0.447,0.09,0.8183,151759256.0,15981082.0
0.13,2680,0.4472,0.0899,0.8183,151957354.0,15981082.0
0.13,2681,0.4474,0.0899,0.8183,152007969.0,15981082.0
0.1301,2682,0.4475,0.0899,0.8183,152013028.0,15981082.0
0.1301,2683,0.4477,0.0898,0.8183,152019215.0,15981082.0
0.1301,2684,0.4479,0.0898,0.8183,152231966.0,15981082.0
0.1301,2685,0.448,0.0898,0.8183,152275668.0,15981082.0
0.1302,2686,0.4482,0.0897,0.8183,152681158.0,15981082.0
0.1302,2687,0.4484,0.0897,0.8183,152698245.0,15981082.0
0.1303,2688,0.4485,0.0897,0.8183,152698245.0,15981082.0
0.1303,2689,0.4487,0.0896,0.8183,152725614.0,15981082.0
0.1303,2690,0.4489,0.0896,0.8183,152832481.0,15981082.0
0.1303,2691,0.449,0.0896,0.8183,152835078.0,15981082.0
0.1304,2692,0.4492,0.0895,0.8183,152845574.0,15981082.0
0.1305,2693,0.4494,0.0895,0.8183,152905336.0,15981082.0
0.1305,2694,0.4495,0.0895,0.8183,152916687.0,15981082.0
0.1305,2695,0.4497,0.0894,0.8183,152997402.0,15981082.0
0.1305,2696,0.4499,0.0894,0.8183,152998330.0,15981082.0
0.1305,2697,0.45,0.0894,0.8183,153065636.0,15981082.0
0.1306,2698,0.4502,0.0897,0.8175,153065636.0,16009004.0
0.1307,2699,0.4504,0.0897,0.8175,153100802.0,16009004.0
0.1309,2700,0.4505,0.0896,0.8175,153101973.0,16009004.0
0.1311,2701,0.4507,0.0896,0.8175,153104164.0,16009004.0
0.1313,2702,0.4509,0.0896,0.8175,153110483.0,16009004.0
0.1313,2703,0.451,0.0895,0.8175,153127537.0,16009004.0
0.1313,2704,0.4512,0.0895,0.8175,153145637.0,16009004.0
0.1314,2705,0.4514,0.0895,0.8175,153172977.0,16009004.0
0.1314,2706,0.4515,0.0894,0.8175,153173389.0,16009004.0
0.1314,2707,0.4517,0.0894,0.8175,153285314.0,16009004.0
0.1314,2708,0.4519,0.0894,0.8175,153450341.0,16009004.0
0.1314,2709,0.452,0.0893,0.8175,153450341.0,16009004.0
0.1315,2710,0.4522,0.0893,0.8175,153450731.0,16009004.0
0.1315,2711,0.4524,0.0893,0.8175,153465408.0,16009004.0
0.1316,2712,0.4525,0.0892,0.8175,153514226.0,16009004.0
0.1317,2713,0.4527,0.0892,0.8175,153563502.0,16009004.0
0.1317,2714,0.4529,0.0892,0.8175,153592253.0,16009004.0
0.1317,2715,0.453,0.0891,0.8175,153621262.0,16009004.0
0.1317,2716,0.4532,0.0891,0.8175,153621262.0,16009004.0
0.1318,2717,0.4534,0.0891,0.8175,153866473.0,16009004.0
0.1318,2718,0.4535,0.089,0.8175,153965391.0,16009004.0
0.132,2719,0.4537,0.0894,0.8167,153965391.0,16048608.0
0.132,2720,0.4539,0.0893,0.8167,153965391.0,16048608.0
0.132,2721,0.454,0.0893,0.8167,154014585.0,16048608.0
0.132,2722,0.4542,0.0893,0.8167,154155651.0,16048608.0
0.1321,2723,0.4544,0.0892,0.8167,154155651.0,16048608.0
0.1321,2724,0.4545,0.0892,0.8167,154156371.0,16048608.0
0.1321,2725,0.4547,0.0892,0.8167,154190172.0,16048608.0
0.1322,2726,0.4549,0.0891,0.8167,154196057.0,16048608.0
0.1322,2727,0.455,0.0891,0.8167,154444937.0,16048608.0
0.1323,2728,0.4552,0.0891,0.8167,154447725.0,16048608.0
0.1323,2729,0.4554,0.0894,0.816,154447725.0,16119863.0
0.1325,2730,0.4555,0.0894,0.816,154505419.0,16119863.0
0.1325,2731,0.4557,0.0893,0.816,154522439.0,16119863.0
0.1325,2732,0.4559,0.0893,0.816,154531129.0,16119863.0
0.1325,2733,0.456,0.0896,0.8152,154531129.0,16391139.0
0.1326,2734,0.4562,0.0896,0.8152,154673551.0,16391139.0
0.1326,2735,0.4564,0.0896,0.8152,154674137.0,16391139.0
0.1326,2736,0.4565,0.0895,0.8152,154696273.0,16391139.0
0.1327,2737,0.4567,0.0899,0.8145,154696273.0,16427007.0
0.1327,2738,0.4569,0.0898,0.8145,154696273.0,16427007.0
0.1327,2739,0.457,0.0898,0.8145,154697436.0,16427007.0
0.1328,2740,0.4572,0.0898,0.8145,154728336.0,16427007.0
0.1328,2741,0.4574,0.0897,0.8145,154762816.0,16427007.0
0.1328,2742,0.4575,0.0901,0.8137,154762816.0,16433457.0
0.1328,2743,0.4577,0.09,0.8137,154764718.0,16433457.0
0.1329,2744,0.4579,0.09,0.8137,154845376.0,16433457.0
0.1329,2745,0.458,0.09,0.8137,154902141.0,16433457.0
0.133,2746,0.4582,0.0899,0.8137,154950201.0,16433457.0
0.1331,2747,0.4584,0.0899,0.8137,155136310.0,16433457.0
0.1332,2748,0.4585,0.0899,0.8137,155139009.0,16433457.0
0.1332,2749,0.4587,0.0899,0.8137,155187546.0,16433457.0
0.1332,2750,0.4589,0.0902,0.813,155187546.0,16437678.0
0.1332,2751,0.459,0.0901,0.813,155328888.0,16437678.0
0.1332,2752,0.4592,0.0901,0.813,155393741.0,16437678.0
0.1333,2753,0.4594,0.0901,0.813,155409649.0,16437678.0
0.1334,2754,0.4595,0.0901,0.813,155457804.0,16437678.0
0.1334,2755,0.4597,0.09,0.813,155577488.0,16437678.0
0.1334,2756,0.4599,0.09,0.813,155579714.0,16437678.0
0.1335,2757,0.46,0.09,0.813,155580858.0,16437678.0
0.1335,2758,0.4602,0.0899,0.813,155734059.0,16437678.0
0.1336,2759,0.4604,0.0899,0.813,155792538.0,16437678.0
0.1336,2760,0.4605,0.0899,0.813,155840749.0,16437678.0
0.1336,2761,0.4607,0.0898,0.813,155844239.0,16437678.0
0.1336,2762,0.4609,0.0898,0.813,155846178.0,16437678.0
0.1336,2763,0.461,0.0901,0.8122,155846178.0,16438004.0
0.1336,2764,0.4612,0.0901,0.8122,155848142.0,16438004.0
0.1336,2765,0.4614,0.0901,0.8122,155890167.0,16438004.0
0.1337,2766,0.4615,0.09,0.8122,155899626.0,16438004.0
0.1337,2767,0.4617,0.09,0.8122,156137733.0,16438004.0
0.1338,2768,0.4619,0.09,0.8122,156229100.0,16438004.0
0.1338,2769,0.462,0.0899,0.8122,156256720.0,16438004.0
0.1339,2770,0.4622,0.0899,0.8122,156304858.0,16438004.0
0.1339,2771,0.4624,0.0899,0.8122,156323499.0,16438004.0
0.134,2772,0.4625,0.0902,0.8115,156323499.0,16660602.0
0.134,2773,0.4627,0.0905,0.8107,156323499.0,16699832.0
0.134,2774,0.4629,0.0908,0.81,156323499.0,16701519.0
0.134,2775,0.463,0.0908,0.81,156324246.0,16701519.0
0.1341,2776,0.4632,0.0908,0.81,156575309.0,16701519.0
0.1341,2777,0.4634,0.0907,0.81,156631696.0,16701519.0
0.1341,2778,0.4635,0.0907,0.81,156884506.0,16701519.0
0.1342,2779,0.4637,0.0907,0.81,156889444.0,16701519.0
0.1343,2780,0.4639,0.0906,0.81,156889444.0,16701519.0
0.1343,2781,0.464,0.0906,0.81,156889444.0,16701519.0
0.1344,2782,0.4642,0.0906,0.81,156890162.0,16701519.0
0.1345,2783,0.4644,0.0905,0.81,156891904.0,16701519.0
0.1345,2784,0.4645,0.0905,0.81,156905270.0,16701519.0
0.1346,2785,0.4647,0.0905,0.81,156933836.0,16701519.0
0.1346,2786,0.4649,0.0908,0.8092,156933836.0,16789044.0
0.1346,2787,0.465,0.0908,0.8092,156934964.0,16789044.0
0.1346,2788,0.4652,0.0907,0.8092,156934964.0,16789044.0
0.1347,2789,0.4654,0.0911,0.8084,156934964.0,16789124.0
0.1347,2790,0.4655,0.091,0.8084,157157986.0,16789124.0
0.1347,2791,0.4657,0.091,0.8084,157204423.0,16789124.0
0.1348,2792,0.4659,0.091,0.8084,157208891.0,16789124.0
0.1348,2793,0.466,0.0909,0.8084,157240405.0,16789124.0
0.135,2794,0.4662,0.0909,0.8084,157255673.0,16789124.0
0.135,2795,0.4664,0.0909,0.8084,157452815.0,16789124.0
0.1352,2796,0.4665,0.0908,0.8084,157491598.0,16789124.0
0.1353,2797,0.4667,0.0908,0.8084,157546518.0,16789124.0
0.1353,2798,0.4669,0.0908,0.8084,157548279.0,16789124.0
0.1354,2799,0.467,0.0907,0.8084,157549592.0,16789124.0
0.1354,2800,0.4672,0.0907,0.8084,157549592.0,16789124.0
0.1354,2801,0.4674,0.0907,0.8084,157549592.0,16789124.0
0.1356,2802,0.4675,0.0906,0.8084,157549592.0,16789124.0
0.1356,2803,0.4677,0.0906,0.8084,157551632.0,16789124.0
0.1358,2804,0.4679,0.0906,0.8084,157633109.0,16789124.0
0.1358,2805,0.468,0.0909,0.8077,157633109.0,16857152.0
0.1358,2806,0.4682,0.0909,0.8077,157634714.0,16857152.0
0.1358,2807,0.4684,0.0908,0.8077,157634773.0,16857152.0
0.1359,2808,0.4685,0.0908,0.8077,157664492.0,16857152.0
0.1359,2809,0.4687,0.0908,0.8077,157664492.0,16857152.0
0.1359,2810,0.4689,0.0911,0.8069,157664492.0,16859469.0
0.136,2811,0.469,0.0911,0.8069,157666060.0,16859469.0
0.136,2812,0.4692,0.091,0.8069,157668393.0,16859469.0
0.136,2813,0.4694,0.0914,0.8062,157668393.0,16996506.0
0.1361,2814,0.4695,0.0917,0.8054,157668393.0,17097964.0
0.1362,2815,0.4697,0.0917,0.8054,157683677.0,17097964.0
0.1362,2816,0.4699,0.0916,0.8054,157686623.0,17097964.0
0.1363,2817,0.47,0.0916,0.8054,157689005.0,17097964.0
0.1363,2818,0.4702,0.0916,0.8054,157760224.0,17097964.0
0.1363,2819,0.4704,0.0915,0.8054,157761759.0,17097964.0
0.1363,2820,0.4705,0.0918,0.8047,157761759.0,17108865.0
0.1363,2821,0.4707,0.0918,0.8047,157765451.0,17108865.0
0.1364,2822,0.4709,0.0921,0.8039,157765451.0,17144142.0
0.1364,2823,0.471,0.0921,0.8039,157778251.0,17144142.0
0.1364,2824,0.4712,0.0921,0.8039,157788096.0,17144142.0
0.1364,2825,0.4714,0.092,0.8039,157813330.0,17144142.0
0.1364,2826,0.4716,0.092,0.8039,157945301.0,17144142.0
0.1365,2827,0.4717,0.092,0.8039,158007339.0,17144142.0
0.1366,2828,0.4719,0.0919,0.8039,158056538.0,17144142.0
0.1366,2829,0.4721,0.0919,0.8039,158167809.0,17144142.0
0.1366,2830,0.4722,0.0922,0.8032,158167809.0,17172010.0
0.1367,2831,0.4724,0.0922,0.8032,158222787.0,17172010.0
0.1367,2832,0.4726,0.0922,0.8032,158273167.0,17172010.0
0.1367,2833,0.4727,0.0921,0.8032,158334261.0,17172010.0
0.1368,2834,0.4729,0.0921,0.8032,158425914.0,17172010.0
0.1368,2835,0.4731,0.0924,0.8024,158425914.0,17172856.0
0.1369,2836,0.4732,0.0924,0.8024,158432779.0,17172856.0
0.1369,2837,0.4734,0.0924,0.8024,158445040.0,17172856.0
0.1369,2838,0.4736,0.0923,0.8024,158447649.0,17172856.0
0.137,2839,0.4737,0.0923,0.8024,158487593.0,17172856.0
0.137,2840,0.4739,0.0923,0.8024,158566622.0,17172856.0
0.137,2841,0.4741,0.0922,0.8024,158570277.0,17172856.0
0.1371,2842,0.4742,0.0922,0.8024,158573588.0,17172856.0
0.1371,2843,0.4744,0.0922,0.8024,158576866.0,17172856.0
0.1371,2844,0.4746,0.0921,0.8024,158623518.0,17172856.0
0.1372,2845,0.4747,0.0921,0.8024,158672347.0,17172856.0
0.1373,2846,0.4749,0.0921,0.8024,158677114.0,17172856.0
0.1373,2847,0.4751,0.092,0.8024,158852462.0,17172856.0
0.1374,2848,0.4752,0.092,0.8024,158903028.0,17172856.0
0.1374,2849,0.4754,0.092,0.8024,158903528.0,17172856.0
0.1375,2850,0.4756,0.0919,0.8024,159081135.0,17172856.0
0.1375,2851,0.4757,0.0919,0.8024,159083411.0,17172856.0
0.1376,2852,0.4759,0.0919,0.8024,159142427.0,17172856.0
0.1377,2853,0.4761,0.0918,0.8024,159292853.0,17172856.0
0.1377,2854,0.4762,0.0918,0.8024,159334592.0,17172856.0
0.1377,2855,0.4764,0.0918,0.8024,159334592.0,17172856.0
0.138,2856,0.4766,0.0917,0.8024,159464590.0,17172856.0
0.138,2857,0.4767,0.0917,0.8024,159492653.0,17172856.0
0.138,2858,0.4769,0.0917,0.8024,159493050.0,17172856.0
0.1381,2859,0.4771,0.0916,0.8024,159493830.0,17172856.0
0.1382,2860,0.4772,0.0916,0.8024,159511471.0,17172856.0
0.1382,2861,0.4774,0.0916,0.8024,159521618.0,17172856.0
0.1383,2862,0.4776,0.0919,0.8017,159521618.0,17248508.0
0.1383,2863,0.4777,0.0919,0.8017,159600790.0,17248508.0
0.1383,2864,0.4779,0.0918,0.8017,160030099.0,17248508.0
0.1385,2865,0.4781,0.0918,0.8017,160030099.0,17248508.0
0.1386,2866,0.4782,0.0918,0.8017,160033937.0,17248508.0
0.1387,2867,0.4784,0.0917,0.8017,160082503.0,17248508.0
0.1388,2868,0.4786,0.0917,0.8017,160200995.0,17248508.0
0.1388,2869,0.4787,0.0917,0.8017,160299070.0,17248508.0
0.1388,2870,0.4789,0.0916,0.8017,160299450.0,17248508.0
0.139,2871,0.4791,0.092,0.8009,160299450.0,17299314.0
0.1391,2872,0.4792,0.0919,0.8009,160326429.0,17299314.0
0.1391,2873,0.4794,0.0919,0.8009,160376936.0,17299314.0
0.1391,2874,0.4796,0.0919,0.8009,160399651.0,17299314.0
0.1392,2875,0.4797,0.0918,0.8009,160399651.0,17299314.0
0.1393,2876,0.4799,0.0918,0.8009,160400951.0,17299314.0
0.1393,2877,0.4801,0.0918,0.8009,160448976.0,17299314.0
0.1393,2878,0.4802,0.0917,0.8009,160448976.0,17299314.0
0.1393,2879,0.4804,0.092,0.8002,160448976.0,17317877.0
0.1394,2880,0.4806,0.092,0.8002,160669319.0,17317877.0
0.1394,2881,0.4807,0.092,0.8002,160671157.0,17317877.0
0.1394,2882,0.4809,0.092,0.8002,160721568.0,17317877.0
0.1395,2883,0.4811,0.0919,0.8002,160791464.0,17317877.0
0.1395,2884,0.4812,0.0919,0.8002,160824309.0,17317877.0
0.1397,2885,0.4814,0.0919,0.8002,160824309.0,17317877.0
0.1397,2886,0.4816,0.0918,0.8002,160826830.0,17317877.0
0.1398,2887,0.4817,0.0918,0.8002,160892574.0,17317877.0
0.1399,2888,0.4819,0.0918,0.8002,161171143.0,17317877.0
0.1399,2889,0.4821,0.0917,0.8002,161174135.0,17317877.0
0.1399,2890,0.4822,0.0917,0.8002,161174735.0,17317877.0
0.14,2891,0.4824,0.0917,0.8002,161217362.0,17317877.0
0.14,2892,0.4826,0.0916,0.8002,161221651.0,17317877.0
0.14,2893,0.4827,0.0916,0.8002,161224387.0,17317877.0
0.1401,2894,0.4829,0.0916,0.8002,161463390.0,17317877.0
0.1401,2895,0.4831,0.0919,0.7994,161463390.0,17366300.0
0.1401,2896,0.4832,0.0919,0.7994,161543376.0,17366300.0
0.1403,2897,0.4834,0.0918,0.7994,161589466.0,17366300.0
0.1403,2898,0.4836,0.0918,0.7994,161939644.0,17366300.0
0.1403,2899,0.4837,0.0918,0.7994,161971604.0,17366300.0
0.1403,2900,0.4839,0.0917,0.7994,162055799.0,17366300.0
0.1403,2901,0.4841,0.0917,0.7994,162109038.0,17366300.0
0.1404,2902,0.4842,0.0917,0.7994,162156207.0,17366300.0
0.1405,2903,0.4844,0.092,0.7986,162156207.0,17444170.0
0.1406,2904,0.4846,0.0923,0.7979,162156207.0,17474266.0
0.1408,2905,0.4847,0.0923,0.7979,162204548.0,17474266.0
0.1408,2906,0.4849,0.0922,0.7979,162206423.0,17474266.0
0.1411,2907,0.4851,0.0922,0.7979,162234909.0,17474266.0
0.1412,2908,0.4852,0.0922,0.7979,162241965.0,17474266.0
0.1412,2909,0.4854,0.0921,0.7979,162365009.0,17474266.0
0.1412,2910,0.4856,0.0921,0.7979,162365009.0,17474266.0
0.1413,2911,0.4857,0.0924,0.7971,162365009.0,17479016.0
0.1414,2912,0.4859,0.0924,0.7971,162686055.0,17479016.0
0.1414,2913,0.4861,0.0923,0.7971,162686055.0,17479016.0
0.1415,2914,0.4862,0.0923,0.7971,162704888.0,17479016.0
0.1415,2915,0.4864,0.0926,0.7964,162704888.0,17553985.0
0.1416,2916,0.4866,0.0926,0.7964,162706388.0,17553985.0
0.1416,2917,0.4867,0.0926,0.7964,162709303.0,17553985.0
0.1419,2918,0.4869,0.0929,0.7956,162709303.0,17555975.0
0.142,2919,0.4871,0.0928,0.7956,162808440.0,17555975.0
0.1422,2920,0.4872,0.0928,0.7956,162808756.0,17555975.0
0.1422,2921,0.4874,0.0931,0.7949,162808756.0,17556145.0
0.1423,2922,0.4876,0.0931,0.7949,162822678.0,17556145.0
0.1424,2923,0.4877,0.0931,0.7949,162842639.0,17556145.0
0.1424,2924,0.4879,0.093,0.7949,162842639.0,17556145.0
0.1425,2925,0.4881,0.093,0.7949,162847547.0,17556145.0
0.1426,2926,0.4882,0.093,0.7949,162877215.0,17556145.0
0.1428,2927,0.4884,0.0929,0.7949,163070312.0,17556145.0
0.1428,2928,0.4886,0.0929,0.7949,163159920.0,17556145.0
0.1429,2929,0.4887,0.0929,0.7949,163194896.0,17556145.0
0.143,2930,0.4889,0.0928,0.7949,163593607.0,17556145.0
0.143,2931,0.4891,0.0931,0.7941,163593607.0,17557522.0
0.143,2932,0.4892,0.0931,0.7941,163596084.0,17557522.0
0.143,2933,0.4894,0.0931,0.7941,163775391.0,17557522.0
0.1431,2934,0.4896,0.093,0.7941,163855037.0,17557522.0
0.1433,2935,0.4897,0.093,0.7941,164058570.0,17557522.0
0.1433,2936,0.4899,0.093,0.7941,164073947.0,17557522.0
0.1434,2937,0.4901,0.093,0.7941,164076485.0,17557522.0
0.1434,2938,0.4902,0.0929,0.7941,164091799.0,17557522.0
0.1436,2939,0.4904,0.0929,0.7941,164134844.0,17557522.0
0.1439,2940,0.4906,0.0932,0.7934,164134844.0,17566339.0
0.1441,2941,0.4907,0.0932,0.7934,164140753.0,17566339.0
0.1441,2942,0.4909,0.0931,0.7934,164242310.0,17566339.0
0.1442,2943,0.4911,0.0934,0.7926,164242310.0,17566665.0
0.1442,2944,0.4912,0.0934,0.7926,164258204.0,17566665.0
0.1442,2945,0.4914,0.0937,0.7919,164258204.0,17568658.0
0.1443,2946,0.4916,0.0937,0.7919,164258764.0,17568658.0
0.1443,2947,0.4917,0.0937,0.7919,164288056.0,17568658.0
0.1444,2948,0.4919,0.0936,0.7919,164315226.0,17568658.0
0.1444,2949,0.4921,0.0936,0.7919,164322019.0,17568658.0
0.1446,2950,0.4922,0.0939,0.7911,164322019.0,17569158.0
0.1447,2951,0.4924,0.0942,0.7903,164322019.0,17602652.0
0.1448,2952,0.4926,0.0942,0.7903,164322744.0,17602652.0
0.1449,2953,0.4927,0.0941,0.7903,164339899.0,17602652.0
0.145,2954,0.4929,0.0941,0.7903,164347455.0,17602652.0
0.145,2955,0.4931,0.0941,0.7903,164348799.0,17602652.0
0.1451,2956,0.4932,0.094,0.7903,164373519.0,17602652.0
0.1451,2957,0.4934,0.094,0.7903,164373519.0,17602652.0
0.1453,2958,0.4936,0.094,0.7903,164374002.0,17602652.0
0.1453,2959,0.4937,0.0943,0.7896,164374002.0,17653233.0
0.1454,2960,0.4939,0.0946,0.7888,164374002.0,17704655.0
0.1454,2961,0.4941,0.0946,0.7888,164383412.0,17704655.0
0.1455,2962,0.4942,0.0945,0.7888,164431121.0,17704655.0
0.1455,2963,0.4944,0.0945,0.7888,164432500.0,17704655.0
0.1455,2964,0.4946,0.0945,0.7888,164446301.0,17704655.0
0.1456,2965,0.4947,0.0944,0.7888,164448133.0,17704655.0
0.1457,2966,0.4949,0.0944,0.7888,164448688.0,17704655.0
0.1457,2967,0.4951,0.0944,0.7888,164492271.0,17704655.0
0.1457,2968,0.4952,0.0943,0.7888,164492271.0,17704655.0
0.1457,2969,0.4954,0.0943,0.7888,164519546.0,17704655.0
0.1458,2970,0.4956,0.0943,0.7888,164579491.0,17704655.0
0.1459,2971,0.4957,0.0942,0.7888,164648010.0,17704655.0
0.1459,2972,0.4959,0.0942,0.7888,164652985.0,17704655.0
0.1459,2973,0.4961,0.0942,0.7888,164652985.0,17704655.0
0.146,2974,0.4962,0.0945,0.7881,164652985.0,17705870.0
0.146,2975,0.4964,0.0945,0.7881,164658730.0,17705870.0
0.146,2976,0.4966,0.0944,0.7881,164659046.0,17705870.0
0.1461,2977,0.4967,0.0944,0.7881,164686205.0,17705870.0
0.1462,2978,0.4969,0.0944,0.7881,164736234.0,17705870.0
0.1462,2979,0.4971,0.0943,0.7881,164758807.0,17705870.0
0.1463,2980,0.4972,0.0943,0.7881,164803380.0,17705870.0
0.1463,2981,0.4974,0.0943,0.7881,164822642.0,17705870.0
0.1463,2982,0.4976,0.0942,0.7881,164833112.0,17705870.0
0.1463,2983,0.4977,0.0942,0.7881,164839601.0,17705870.0
0.1463,2984,0.4979,0.0942,0.7881,164839601.0,17705870.0
0.1464,2985,0.4981,0.0941,0.7881,164901916.0,17705870.0
0.1464,2986,0.4982,0.0941,0.7881,164952932.0,17705870.0
0.1466,2987,0.4984,0.0941,0.7881,164964205.0,17705870.0
0.1466,2988,0.4986,0.094,0.7881,164986117.0,17705870.0
0.1466,2989,0.4987,0.0943,0.7873,164986117.0,18033785.0
0.1467,2990,0.4989,0.0943,0.7873,164987460.0,18033785.0
0.1467,2991,0.4991,0.0943,0.7873,164987460.0,18033785.0
0.1467,2992,0.4992,0.0943,0.7873,165016579.0,18033785.0
0.1468,2993,0.4994,0.0942,0.7873,165018311.0,18033785.0
0.1469,2994,0.4996,0.0942,0.7873,165020169.0,18033785.0
0.147,2995,0.4997,0.0942,0.7873,165155491.0,18033785.0
0.147,2996,0.4999,0.0941,0.7873,165184000.0,18033785.0
0.1471,2997,0.5001,0.0941,0.7873,165234734.0,18033785.0
0.1472,2998,0.5003,0.0944,0.7866,165234734.0,18060063.0
0.1472,2999,0.5004,0.0947,0.7858,165234734.0,18060063.0
0.1472,3000,0.5006,0.095,0.7851,165234734.0,18090253.0
0.1473,3001,0.5008,0.095,0.7851,165235374.0,18090253.0
0.1473,3002,0.5009,0.0949,0.7851,165243646.0,18090253.0
0.1474,3003,0.5011,0.0949,0.7851,165294142.0,18090253.0
0.1474,3004,0.5013,0.0949,0.7851,165392086.0,18090253.0
0.1474,3005,0.5014,0.0948,0.7851,165558073.0,18090253.0
0.1475,3006,0.5016,0.0948,0.7851,165562866.0,18090253.0
0.1475,3007,0.5018,0.0948,0.7851,165611415.0,18090253.0
0.1476,3008,0.5019,0.0947,0.7851,165611886.0,18090253.0
0.1476,3009,0.5021,0.0947,0.7851,165754712.0,18090253.0
0.1478,3010,0.5023,0.0947,0.7851,165763879.0,18090253.0
0.1478,3011,0.5024,0.0947,0.7851,165844406.0,18090253.0
0.1479,3012,0.5026,0.0946,0.7851,165858898.0,18090253.0
0.1479,3013,0.5028,0.0946,0.7851,165892857.0,18090253.0
0.1479,3014,0.5029,0.0946,0.7851,166074883.0,18090253.0
0.148,3015,0.5031,0.0945,0.7851,166112479.0,18090253.0
0.1481,3016,0.5033,0.0945,0.7851,166350694.0,18090253.0
0.1481,3017,0.5034,0.0948,0.7843,166350694.0,18120376.0
0.1482,3018,0.5036,0.0948,0.7843,166370350.0,18120376.0
0.1483,3019,0.5038,0.0947,0.7843,166607173.0,18120376.0
0.1484,3020,0.5039,0.095,0.7836,166607173.0,18168126.0
0.1484,3021,0.5041,0.095,0.7836,166617050.0,18168126.0
0.1485,3022,0.5043,0.0953,0.7828,166617050.0,18176383.0
0.1485,3023,0.5044,0.0953,0.7828,166617544.0,18176383.0
0.1485,3024,0.5046,0.0956,0.7821,166617544.0,18183764.0
0.1485,3025,0.5048,0.0955,0.7821,166664404.0,18183764.0
0.1486,3026,0.5049,0.0955,0.7821,166745470.0,18183764.0
0.1486,3027,0.5051,0.0955,0.7821,166750514.0,18183764.0
0.1487,3028,0.5053,0.0954,0.7821,166839823.0,18183764.0
0.1487,3029,0.5054,0.0954,0.7821,166850681.0,18183764.0
0.1489,3030,0.5056,0.0954,0.7821,166927979.0,18183764.0
0.1489,3031,0.5058,0.0953,0.7821,167209946.0,18183764.0
0.1489,3032,0.5059,0.0956,0.7813,167209946.0,18193942.0
0.149,3033,0.5061,0.0959,0.7805,167209946.0,18209544.0
0.149,3034,0.5063,0.0959,0.7805,167407085.0,18209544.0
0.149,3035,0.5064,0.0959,0.7805,167432252.0,18209544.0
0.149,3036,0.5066,0.0962,0.7798,167432252.0,18244065.0
0.1491,3037,0.5068,0.0961,0.7798,167432252.0,18244065.0
0.1492,3038,0.5069,0.0964,0.779,167432252.0,18307301.0
0.1493,3039,0.5071,0.0967,0.7783,167432252.0,18386859.0
0.1493,3040,0.5073,0.0967,0.7783,167432252.0,18386859.0
0.1494,3041,0.5074,0.0967,0.7783,167450768.0,18386859.0
0.1494,3042,0.5076,0.0966,0.7783,167529678.0,18386859.0
0.1494,3043,0.5078,0.0966,0.7783,167577100.0,18386859.0
0.1494,3044,0.5079,0.0966,0.7783,167606427.0,18386859.0
0.1497,3045,0.5081,0.0966,0.7783,167654161.0,18386859.0
0.1497,3046,0.5083,0.0965,0.7783,167675853.0,18386859.0
0.1499,3047,0.5084,0.0965,0.7783,167952893.0,18386859.0
0.1499,3048,0.5086,0.0965,0.7783,168145988.0,18386859.0
0.15,3049,0.5088,0.0968,0.7775,168145988.0,18387303.0
0.15,3050,0.5089,0.0967,0.7775,168244337.0,18387303.0
0.15,3051,0.5091,0.0967,0.7775,168253259.0,18387303.0
0.15,3052,0.5093,0.0967,0.7775,168303439.0,18387303.0
0.15,3053,0.5094,0.0966,0.7775,168312969.0,18387303.0
0.1501,3054,0.5096,0.0966,0.7775,168360827.0,18387303.0
0.1502,3055,0.5098,0.0966,0.7775,168386161.0,18387303.0
0.1502,3056,0.5099,0.0965,0.7775,168434314.0,18387303.0
0.1502,3057,0.5101,0.0965,0.7775,168484538.0,18387303.0
0.1502,3058,0.5103,0.0965,0.7775,168530099.0,18387303.0
0.1503,3059,0.5104,0.0964,0.7775,168575319.0,18387303.0
0.1503,3060,0.5106,0.0964,0.7775,168576597.0,18387303.0
0.1504,3061,0.5108,0.0964,0.7775,168576597.0,18387303.0
0.1507,3062,0.5109,0.0963,0.7775,168580517.0,18387303.0
0.1507,3063,0.5111,0.0963,0.7775,168656285.0,18387303.0
0.1507,3064,0.5113,0.0963,0.7775,168656715.0,18387303.0
0.1508,3065,0.5114,0.0962,0.7775,168715278.0,18387303.0
0.1508,3066,0.5116,0.0962,0.7775,168717674.0,18387303.0
0.1509,3067,0.5118,0.0965,0.7768,168717674.0,18475067.0
0.151,3068,0.5119,0.0965,0.7768,168730442.0,18475067.0
0.151,3069,0.5121,0.0964,0.7768,168749609.0,18475067.0
0.1511,3070,0.5123,0.0964,0.7768,168754309.0,18475067.0
0.1511,3071,0.5124,0.0964,0.7768,168770310.0,18475067.0
0.1512,3072,0.5126,0.0964,0.7768,168818327.0,18475067.0
0.1512,3073,0.5128,0.0963,0.7768,168848463.0,18475067.0
0.1513,3074,0.5129,0.0963,0.7768,168897121.0,18475067.0
0.1513,3075,0.5131,0.0963,0.7768,168914621.0,18475067.0
0.1514,3076,0.5133,0.0962,0.7768,168961031.0,18475067.0
0.1514,3077,0.5134,0.0962,0.7768,168963529.0,18475067.0
0.1514,3078,0.5136,0.0962,0.7768,168964870.0,18475067.0
0.1514,3079,0.5138,0.0961,0.7768,169002163.0,18475067.0
0.1514,3080,0.5139,0.0961,0.7768,169004118.0,18475067.0
0.1515,3081,0.5141,0.0964,0.776,169004118.0,18518952.0
0.1516,3082,0.5143,0.0967,0.7753,169004118.0,18601102.0
0.1516,3083,0.5144,0.0967,0.7753,169006314.0,18601102.0
0.1517,3084,0.5146,0.0966,0.7753,169019253.0,18601102.0
0.1517,3085,0.5148,0.0966,0.7753,169019983.0,18601102.0
0.1518,3086,0.5149,0.0966,0.7753,169067059.0,18601102.0
0.1518,3087,0.5151,0.0965,0.7753,169075476.0,18601102.0
0.1518,3088,0.5153,0.0965,0.7753,169105142.0,18601102.0
0.1518,3089,0.5154,0.0965,0.7753,169106733.0,18601102.0
0.1518,3090,0.5156,0.0964,0.7753,169167290.0,18601102.0
0.1518,3091,0.5158,0.0964,0.7753,169168940.0,18601102.0
0.1519,3092,0.5159,0.0964,0.7753,169184973.0,18601102.0
0.152,3093,0.5161,0.0963,0.7753,169228692.0,18601102.0
0.152,3094,0.5163,0.0963,0.7753,169328650.0,18601102.0
0.1521,3095,0.5164,0.0963,0.7753,169346470.0,18601102.0
0.1522,3096,0.5166,0.0963,0.7753,169367772.0,18601102.0
0.1523,3097,0.5168,0.0962,0.7753,169417385.0,18601102.0
0.1523,3098,0.5169,0.0965,0.7745,169417385.0,18648874.0
0.1524,3099,0.5171,0.0965,0.7745,169434403.0,18648874.0
0.1525,3100,0.5173,0.0965,0.7745,169745269.0,18648874.0
0.1525,3101,0.5174,0.0964,0.7745,169793181.0,18648874.0
0.1526,3102,0.5176,0.0964,0.7745,169820304.0,18648874.0
0.1526,3103,0.5178,0.0964,0.7745,170019953.0,18648874.0
0.1527,3104,0.5179,0.0963,0.7745,170068064.0,18648874.0
0.1527,3105,0.5181,0.0963,0.7745,170073012.0,18648874.0
0.1528,3106,0.5183,0.0966,0.7738,170073012.0,18679288.0
0.1528,3107,0.5184,0.0966,0.7738,170150414.0,18679288.0
0.1529,3108,0.5186,0.0968,0.773,170150414.0,18753271.0
0.1529,3109,0.5188,0.0971,0.7722,170150414.0,18775812.0
0.153,3110,0.5189,0.0971,0.7722,170175183.0,18775812.0
0.153,3111,0.5191,0.0971,0.7722,170176060.0,18775812.0
0.1532,3112,0.5193,0.097,0.7722,170179325.0,18775812.0
0.1532,3113,0.5194,0.097,0.7722,170196261.0,18775812.0
0.1532,3114,0.5196,0.097,0.7722,170201765.0,18775812.0
0.1533,3115,0.5198,0.097,0.7722,170262510.0,18775812.0
0.1533,3116,0.5199,0.0969,0.7722,170570523.0,18775812.0
0.1534,3117,0.5201,0.0969,0.7722,170640095.0,18775812.0
0.1535,3118,0.5203,0.0969,0.7722,170669732.0,18775812.0
0.1535,3119,0.5204,0.0968,0.7722,170819689.0,18775812.0
0.1535,3120,0.5206,0.0968,0.7722,171077676.0,18775812.0
0.1535,3121,0.5208,0.0968,0.7722,171205302.0,18775812.0
0.1537,3122,0.5209,0.0971,0.7715,171205302.0,18775812.0
0.1537,3123,0.5211,0.097,0.7715,171312276.0,18775812.0
0.1538,3124,0.5213,0.097,0.7715,171592080.0,18775812.0
0.1539,3125,0.5214,0.097,0.7715,171592797.0,18775812.0
0.1539,3126,0.5216,0.0969,0.7715,171642093.0,18775812.0
0.1539,3127,0.5218,0.0972,0.7707,171642093.0,19080679.0
0.154,3128,0.5219,0.0972,0.7707,171644163.0,19080679.0
0.154,3129,0.5221,0.0975,0.77,171644163.0,19080679.0
0.154,3130,0.5223,0.0974,0.77,171671534.0,19080679.0
0.154,3131,0.5224,0.0974,0.77,171672894.0,19080679.0
0.1541,3132,0.5226,0.0977,0.7692,171672894.0,19428469.0
0.1542,3133,0.5228,0.0977,0.7692,171723133.0,19428469.0
0.1543,3134,0.5229,0.0976,0.7692,171855347.0,19428469.0
0.1543,3135,0.5231,0.0979,0.7685,171855347.0,19479104.0
0.1543,3136,0.5233,0.0979,0.7685,171915759.0,19479104.0
0.1543,3137,0.5234,0.0979,0.7685,171917580.0,19479104.0
0.1543,3138,0.5236,0.0978,0.7685,171943956.0,19479104.0
0.1543,3139,0.5238,0.0978,0.7685,171944156.0,19479104.0
0.1546,3140,0.5239,0.0978,0.7685,171992992.0,19479104.0
0.1547,3141,0.5241,0.0977,0.7685,171993308.0,19479104.0
0.1547,3142,0.5243,0.0977,0.7685,171994315.0,19479104.0
0.1548,3143,0.5244,0.0977,0.7685,172005036.0,19479104.0
0.1549,3144,0.5246,0.0976,0.7685,172072697.0,19479104.0
0.155,3145,0.5248,0.0976,0.7685,172072697.0,19479104.0
0.1551,3146,0.5249,0.0976,0.7685,172078289.0,19479104.0
0.1551,3147,0.5251,0.0979,0.7677,172078289.0,19503484.0
0.1551,3148,0.5253,0.0978,0.7677,172135322.0,19503484.0
0.1552,3149,0.5254,0.0978,0.7677,172432264.0,19503484.0
0.1552,3150,0.5256,0.0978,0.7677,172450495.0,19503484.0
0.1553,3151,0.5258,0.0981,0.767,172450495.0,19529030.0
0.1554,3152,0.5259,0.098,0.767,172450715.0,19529030.0
0.1554,3153,0.5261,0.098,0.767,172545677.0,19529030.0
0.1554,3154,0.5263,0.098,0.767,172642198.0,19529030.0
0.1554,3155,0.5264,0.0979,0.767,172642198.0,19529030.0
0.1555,3156,0.5266,0.0979,0.767,172642701.0,19529030.0
0.1558,3157,0.5268,0.0979,0.767,172846888.0,19529030.0
0.1559,3158,0.5269,0.0978,0.767,172951692.0,19529030.0
0.1561,3159,0.5271,0.0978,0.767,173001049.0,19529030.0
0.1561,3160,0.5273,0.0978,0.767,173046059.0,19529030.0
0.1561,3161,0.5274,0.0981,0.7662,173046059.0,19576010.0
0.1561,3162,0.5276,0.098,0.7662,173095434.0,19576010.0
0.1561,3163,0.5278,0.098,0.7662,173095434.0,19576010.0
0.1562,3164,0.5279,0.098,0.7662,173095434.0,19576010.0
0.1562,3165,0.5281,0.0979,0.7662,173142841.0,19576010.0
0.1563,3166,0.5283,0.0979,0.7662,173142841.0,19576010.0
0.1563,3167,0.5284,0.0979,0.7662,173172503.0,19576010.0
0.1563,3168,0.5286,0.0979,0.7662,173172503.0,19576010.0
0.1563,3169,0.5288,0.0978,0.7662,173194536.0,19576010.0
0.1563,3170,0.529,0.0978,0.7662,173218036.0,19576010.0
0.1564,3171,0.5291,0.0981,0.7655,173218036.0,19580025.0
0.1564,3172,0.5293,0.098,0.7655,173306794.0,19580025.0
0.1565,3173,0.5295,0.0983,0.7647,173306794.0,19627954.0
0.1565,3174,0.5296,0.0983,0.7647,173306794.0,19627954.0
0.1566,3175,0.5298,0.0983,0.7647,173399610.0,19627954.0
0.1566,3176,0.53,0.0986,0.764,173399610.0,19635607.0
0.1567,3177,0.5301,0.0985,0.764,173416452.0,19635607.0
0.1567,3178,0.5303,0.0988,0.7632,173416452.0,19640189.0
0.1567,3179,0.5305,0.0988,0.7632,173416838.0,19640189.0
0.1567,3180,0.5306,0.0991,0.7624,173416838.0,19647941.0
0.1568,3181,0.5308,0.0993,0.7617,173416838.0,20036298.0
0.1569,3182,0.531,0.0996,0.7609,173416838.0,20038643.0
0.1569,3183,0.5311,0.0996,0.7609,173418916.0,20038643.0
0.1569,3184,0.5313,0.0999,0.7602,173418916.0,20087192.0
0.1569,3185,0.5315,0.0998,0.7602,173419093.0,20087192.0
0.1569,3186,0.5316,0.0998,0.7602,173419823.0,20087192.0
0.157,3187,0.5318,0.0998,0.7602,173467888.0,20087192.0
0.1571,3188,0.532,0.0997,0.7602,173474903.0,20087192.0
0.1571,3189,0.5321,0.0997,0.7602,173507655.0,20087192.0
0.1572,3190,0.5323,0.0997,0.7602,173507655.0,20087192.0
0.1572,3191,0.5325,0.0997,0.7602,173507978.0,20087192.0
0.1572,3192,0.5326,0.0996,0.7602,173513078.0,20087192.0
0.1573,3193,0.5328,0.0996,0.7602,173518955.0,20087192.0
0.1573,3194,0.533,0.0996,0.7602,173586610.0,20087192.0
0.1574,3195,0.5331,0.0995,0.7602,173590768.0,20087192.0
0.1575,3196,0.5333,0.0995,0.7602,173591434.0,20087192.0
0.1575,3197,0.5335,0.0995,0.7602,173608275.0,20087192.0
0.1576,3198,0.5336,0.0997,0.7594,173608275.0,20104371.0
0.1576,3199,0.5338,0.0997,0.7594,173654638.0,20104371.0
0.1576,3200,0.534,0.0997,0.7594,173959521.0,20104371.0
0.1577,3201,0.5341,0.0997,0.7594,173964369.0,20104371.0
0.1578,3202,0.5343,0.0996,0.7594,173967823.0,20104371.0
0.1579,3203,0.5345,0.0996,0.7594,174013240.0,20104371.0
0.1579,3204,0.5346,0.0996,0.7594,174040939.0,20104371.0
0.1579,3205,0.5348,0.0995,0.7594,174299299.0,20104371.0
0.158,3206,0.535,0.0995,0.7594,174301136.0,20104371.0
0.1581,3207,0.5351,0.0995,0.7594,174309243.0,20104371.0
0.1582,3208,0.5353,0.0994,0.7594,174309243.0,20104371.0
0.1582,3209,0.5355,0.0994,0.7594,174338839.0,20104371.0
0.1583,3210,0.5356,0.0997,0.7587,174338839.0,20170876.0
0.1583,3211,0.5358,0.0997,0.7587,174353778.0,20170876.0
0.1583,3212,0.536,0.0996,0.7587,174357680.0,20170876.0
0.1583,3213,0.5361,0.0999,0.7579,174357680.0,20181414.0
0.1583,3214,0.5363,0.0999,0.7579,174407072.0,20181414.0
0.1584,3215,0.5365,0.0998,0.7579,174409191.0,20181414.0
0.1584,3216,0.5366,0.0998,0.7579,174409687.0,20181414.0
0.1584,3217,0.5368,0.0998,0.7579,174454324.0,20181414.0
0.1585,3218,0.537,0.0998,0.7579,174457401.0,20181414.0
0.1585,3219,0.5371,0.0997,0.7579,174506182.0,20181414.0
0.1585,3220,0.5373,0.0997,0.7579,174506182.0,20181414.0
0.1586,3221,0.5375,0.0997,0.7579,174567730.0,20181414.0
0.1586,3222,0.5376,0.0996,0.7579,174614251.0,20181414.0
0.1588,3223,0.5378,0.0996,0.7579,174659168.0,20181414.0
0.1588,3224,0.538,0.0996,0.7579,174676527.0,20181414.0
0.1589,3225,0.5381,0.0995,0.7579,174785872.0,20181414.0
0.1589,3226,0.5383,0.0998,0.7572,174785872.0,20183218.0
0.1589,3227,0.5385,0.0998,0.7572,174826582.0,20183218.0
0.159,3228,0.5386,0.0998,0.7572,174854720.0,20183218.0
0.159,3229,0.5388,0.0997,0.7572,174854720.0,20183218.0
0.1591,3230,0.539,0.1,0.7564,174854720.0,20184364.0
0.1592,3231,0.5391,0.1,0.7564,174905879.0,20184364.0
0.1592,3232,0.5393,0.0999,0.7564,174910202.0,20184364.0
0.1595,3233,0.5395,0.0999,0.7564,174960011.0,20184364.0
0.1595,3234,0.5396,0.1002,0.7557,174960011.0,20228149.0
0.1596,3235,0.5398,0.1005,0.7549,174960011.0,20278726.0
0.1597,3236,0.54,0.1004,0.7549,174960011.0,20278726.0
0.1597,3237,0.5401,0.1004,0.7549,174963146.0,20278726.0
0.1598,3238,0.5403,0.1004,0.7549,174986426.0,20278726.0
0.1599,3239,0.5405,0.1003,0.7549,175067133.0,20278726.0
0.1599,3240,0.5406,0.1003,0.7549,175145027.0,20278726.0
0.16,3241,0.5408,0.1006,0.7541,175145027.0,20278726.0
0.16,3242,0.541,0.1006,0.7541,175159589.0,20278726.0
0.1601,3243,0.5411,0.1005,0.7541,175186985.0,20278726.0
0.1601,3244,0.5413,0.1008,0.7534,175186985.0,20308964.0
0.1601,3245,0.5415,0.1008,0.7534,175266503.0,20308964.0
0.1601,3246,0.5416,0.1007,0.7534,175576906.0,20308964.0
0.1602,3247,0.5418,0.1007,0.7534,175623356.0,20308964.0
0.1602,3248,0.542,0.1007,0.7534,176060848.0,20308964.0
0.1602,3249,0.5421,0.1006,0.7534,176121770.0,20308964.0
0.1603,3250,0.5423,0.1006,0.7534,176202574.0,20308964.0
0.1604,3251,0.5425,0.1006,0.7534,176514151.0,20308964.0
0.1604,3252,0.5426,0.1006,0.7534,176516053.0,20308964.0
0.1605,3253,0.5428,0.1005,0.7534,176516325.0,20308964.0
0.1605,3254,0.543,0.1005,0.7534,176564551.0,20308964.0
0.1605,3255,0.5431,0.1005,0.7534,176566050.0,20308964.0
0.1606,3256,0.5433,0.1004,0.7534,176576133.0,20308964.0
0.1606,3257,0.5435,0.1004,0.7534,176626872.0,20308964.0
0.1608,3258,0.5436,0.1004,0.7534,176626872.0,20308964.0
0.1608,3259,0.5438,0.1003,0.7534,176677419.0,20308964.0
0.1608,3260,0.544,0.1003,0.7534,176696437.0,20308964.0
0.1609,3261,0.5441,0.1003,0.7534,176696827.0,20308964.0
0.1611,3262,0.5443,0.1002,0.7534,176715119.0,20308964.0
0.1611,3263,0.5445,0.1002,0.7534,176739762.0,20308964.0
0.1611,3264,0.5446,0.1002,0.7534,177015249.0,20308964.0
0.1612,3265,0.5448,0.1002,0.7534,177015249.0,20308964.0
0.1612,3266,0.545,0.1001,0.7534,177017529.0,20308964.0
0.1612,3267,0.5451,0.1004,0.7526,177017529.0,20356991.0
0.1612,3268,0.5453,0.1004,0.7526,177046315.0,20356991.0
0.1614,3269,0.5455,0.1003,0.7526,177063672.0,20356991.0
0.1614,3270,0.5456,0.1003,0.7526,177074570.0,20356991.0
0.1614,3271,0.5458,0.1003,0.7526,177075510.0,20356991.0
0.1614,3272,0.546,0.1002,0.7526,177075510.0,20356991.0
0.1614,3273,0.5461,0.1002,0.7526,177091741.0,20356991.0
0.1615,3274,0.5463,0.1002,0.7526,177101741.0,20356991.0
0.1615,3275,0.5465,0.1002,0.7526,177123242.0,20356991.0
0.1615,3276,0.5466,0.1001,0.7526,177129975.0,20356991.0
0.1615,3277,0.5468,0.1001,0.7526,177160375.0,20356991.0
0.1615,3278,0.547,0.1001,0.7526,177320012.0,20356991.0
0.1616,3279,0.5471,0.1,0.7526,177344318.0,20356991.0
0.1616,3280,0.5473,0.1,0.7526,177348520.0,20356991.0
0.1617,3281,0.5475,0.1,0.7526,177349765.0,20356991.0
0.1617,3282,0.5476,0.0999,0.7526,177420871.0,20356991.0
0.1617,3283,0.5478,0.1002,0.7519,177420871.0,20414461.0
0.1617,3284,0.548,0.1002,0.7519,177421244.0,20414461.0
0.1618,3285,0.5481,0.1002,0.7519,177447169.0,20414461.0
0.1618,3286,0.5483,0.1001,0.7519,177508928.0,20414461.0
0.1618,3287,0.5485,0.1001,0.7519,177566415.0,20414461.0
0.1619,3288,0.5486,0.1001,0.7519,177574155.0,20414461.0
0.162,3289,0.5488,0.1,0.7519,177589776.0,20414461.0
0.1621,3290,0.549,0.1,0.7519,177589960.0,20414461.0
0.1622,3291,0.5491,0.1,0.7519,177728277.0,20414461.0
0.1622,3292,0.5493,0.0999,0.7519,177728927.0,20414461.0
0.1623,3293,0.5495,0.0999,0.7519,177738105.0,20414461.0
0.1623,3294,0.5496,0.0999,0.7519,177741693.0,20414461.0
0.1623,3295,0.5498,0.0998,0.7519,177780988.0,20414461.0
0.1623,3296,0.55,0.0998,0.7519,177834939.0,20414461.0
0.1623,3297,0.5501,0.0998,0.7519,177877990.0,20414461.0
0.1624,3298,0.5503,0.0998,0.7519,177880010.0,20414461.0
0.1625,3299,0.5505,0.0997,0.7519,177880592.0,20414461.0
0.1625,3300,0.5506,0.0997,0.7519,177880592.0,20414461.0
0.1625,3301,0.5508,0.1,0.7511,177880592.0,20616312.0
0.1626,3302,0.551,0.0999,0.7511,177888466.0,20616312.0
0.1628,3303,0.5511,0.1002,0.7504,177888466.0,20666739.0
0.1629,3304,0.5513,0.1002,0.7504,177890775.0,20666739.0
0.1629,3305,0.5515,0.1002,0.7504,177892484.0,20666739.0
0.163,3306,0.5516,0.1001,0.7504,177892661.0,20666739.0
0.163,3307,0.5518,0.1001,0.7504,177996411.0,20666739.0
0.163,3308,0.552,0.1001,0.7504,178030110.0,20666739.0
0.163,3309,0.5521,0.1,0.7504,178046730.0,20666739.0
0.1631,3310,0.5523,0.1,0.7504,178064707.0,20666739.0
0.1632,3311,0.5525,0.1003,0.7496,178064707.0,20722777.0
0.1632,3312,0.5526,0.1002,0.7496,178115439.0,20722777.0
0.1635,3313,0.5528,0.1002,0.7496,178166835.0,20722777.0
0.1638,3314,0.553,0.1002,0.7496,178167595.0,20722777.0
0.164,3315,0.5531,0.1002,0.7496,178176055.0,20722777.0
0.1641,3316,0.5533,0.1001,0.7496,178176891.0,20722777.0
0.1641,3317,0.5535,0.1004,0.7489,178176891.0,20726974.0
0.1641,3318,0.5536,0.1007,0.7481,178176891.0,20730460.0
0.1641,3319,0.5538,0.1006,0.7481,178203616.0,20730460.0
0.1641,3320,0.554,0.1006,0.7481,178254568.0,20730460.0
0.1642,3321,0.5541,0.1006,0.7481,178273484.0,20730460.0
0.1642,3322,0.5543,0.1005,0.7481,178273484.0,20730460.0
0.1642,3323,0.5545,0.1005,0.7481,178288574.0,20730460.0
0.1643,3324,0.5546,0.1005,0.7481,178339991.0,20730460.0
0.1643,3325,0.5548,0.1008,0.7474,178339991.0,20774921.0
0.1643,3326,0.555,0.101,0.7466,178339991.0,20845719.0
0.1644,3327,0.5551,0.101,0.7466,178570122.0,20845719.0
0.1646,3328,0.5553,0.101,0.7466,178614873.0,20845719.0
0.1647,3329,0.5555,0.1009,0.7466,178641284.0,20845719.0
0.1647,3330,0.5556,0.1009,0.7466,178649902.0,20845719.0
0.1647,3331,0.5558,0.1009,0.7466,178699998.0,20845719.0
0.1648,3332,0.556,0.1011,0.7459,178699998.0,21002786.0
0.1649,3333,0.5561,0.1011,0.7459,178701177.0,21002786.0
0.165,3334,0.5563,0.1014,0.7451,178701177.0,21015331.0
0.165,3335,0.5565,0.1013,0.7451,178754828.0,21015331.0
0.1652,3336,0.5566,0.1013,0.7451,178971410.0,21015331.0
0.1652,3337,0.5568,0.1013,0.7451,178972598.0,21015331.0
0.1653,3338,0.557,0.1013,0.7451,179114717.0,21015331.0
0.1653,3339,0.5572,0.1015,0.7443,179114717.0,21040446.0
0.1655,3340,0.5573,0.1015,0.7443,179245914.0,21040446.0
0.1656,3341,0.5575,0.1015,0.7443,179245914.0,21040446.0
0.1656,3342,0.5577,0.1014,0.7443,179296615.0,21040446.0
0.1657,3343,0.5578,0.1017,0.7436,179296615.0,21120096.0
0.1658,3344,0.558,0.1017,0.7436,179325463.0,21120096.0
0.1658,3345,0.5582,0.1016,0.7436,179955921.0,21120096.0
0.1658,3346,0.5583,0.1016,0.7436,180030824.0,21120096.0
0.1659,3347,0.5585,0.1016,0.7436,180054724.0,21120096.0
0.166,3348,0.5587,0.1019,0.7428,180054724.0,21169120.0
0.166,3349,0.5588,0.1018,0.7428,180060652.0,21169120.0
0.1661,3350,0.559,0.1018,0.7428,180105731.0,21169120.0
0.1661,3351,0.5592,0.1018,0.7428,180117837.0,21169120.0
0.1661,3352,0.5593,0.102,0.7421,180117837.0,21376712.0
0.1661,3353,0.5595,0.1023,0.7413,180117837.0,21377743.0
0.1662,3354,0.5597,0.1023,0.7413,180397021.0,21377743.0
0.1662,3355,0.5598,0.1022,0.7413,180402628.0,21377743.0
0.1662,3356,0.56,0.1022,0.7413,180403211.0,21377743.0
0.1662,3357,0.5602,0.1022,0.7413,180429981.0,21377743.0
0.1663,3358,0.5603,0.1021,0.7413,180430307.0,21377743.0
0.1664,3359,0.5605,0.1021,0.7413,180430307.0,21377743.0
0.1664,3360,0.5607,0.1024,0.7406,180430307.0,21424255.0
0.1666,3361,0.5608,0.1026,0.7398,180430307.0,21424255.0
0.1666,3362,0.561,0.1026,0.7398,180477343.0,21424255.0
0.1666,3363,0.5612,0.1026,0.7398,180478637.0,21424255.0
0.1667,3364,0.5613,0.1026,0.7398,180567456.0,21424255.0
0.1668,3365,0.5615,0.1028,0.7391,180567456.0,21424255.0
0.1668,3366,0.5617,0.1028,0.7391,181039270.0,21424255.0
0.167,3367,0.5618,0.1028,0.7391,181264582.0,21424255.0
0.167,3368,0.562,0.1027,0.7391,181302839.0,21424255.0
0.1671,3369,0.5622,0.1027,0.7391,181309128.0,21424255.0
0.1671,3370,0.5623,0.1027,0.7391,181346928.0,21424255.0
0.1671,3371,0.5625,0.1026,0.7391,181391684.0,21424255.0
0.1671,3372,0.5627,0.1026,0.7391,181494910.0,21424255.0
0.1672,3373,0.5628,0.1026,0.7391,181551779.0,21424255.0
0.1672,3374,0.563,0.1025,0.7391,181600182.0,21424255.0
0.1674,3375,0.5632,0.1028,0.7383,181600182.0,21426684.0
0.1674,3376,0.5633,0.1028,0.7383,181681975.0,21426684.0
0.1676,3377,0.5635,0.1028,0.7383,181685093.0,21426684.0
0.1676,3378,0.5637,0.1027,0.7383,181703867.0,21426684.0
0.1676,3379,0.5638,0.1027,0.7383,181706182.0,21426684.0
0.1676,3380,0.564,0.1027,0.7383,181706562.0,21426684.0
0.1676,3381,0.5642,0.1026,0.7383,181962035.0,21426684.0
0.1677,3382,0.5643,0.1026,0.7383,181962836.0,21426684.0
0.1677,3383,0.5645,0.1026,0.7383,182021100.0,21426684.0
0.1677,3384,0.5647,0.1025,0.7383,182070186.0,21426684.0
0.1678,3385,0.5648,0.1028,0.7376,182070186.0,21427212.0
0.1679,3386,0.565,0.1031,0.7368,182070186.0,21487592.0
0.1679,3387,0.5652,0.103,0.7368,182075819.0,21487592.0
0.1679,3388,0.5653,0.103,0.7368,182076748.0,21487592.0
0.1679,3389,0.5655,0.103,0.7368,182076905.0,21487592.0
0.1681,3390,0.5657,0.1029,0.7368,182076905.0,21487592.0
0.1681,3391,0.5658,0.1029,0.7368,182087990.0,21487592.0
0.1682,3392,0.566,0.1029,0.7368,182087990.0,21487592.0
0.1683,3393,0.5662,0.1029,0.7368,182106640.0,21487592.0
0.1686,3394,0.5663,0.1028,0.7368,182108066.0,21487592.0
0.1687,3395,0.5665,0.1031,0.736,182108066.0,21490321.0
0.1687,3396,0.5667,0.1034,0.7353,182108066.0,21496066.0
0.1687,3397,0.5668,0.1033,0.7353,182243532.0,21496066.0
0.1687,3398,0.567,0.1036,0.7345,182243532.0,21507905.0
0.1689,3399,0.5672,0.1039,0.7338,182243532.0,21533456.0
0.1689,3400,0.5673,0.1038,0.7338,182249947.0,21533456.0
0.169,3401,0.5675,0.1038,0.7338,182328673.0,21533456.0
0.169,3402,0.5677,0.1038,0.7338,182344869.0,21533456.0
0.1692,3403,0.5678,0.1037,0.7338,182370076.0,21533456.0
0.1692,3404,0.568,0.1037,0.7338,182540921.0,21533456.0
0.1692,3405,0.5682,0.104,0.733,182540921.0,21552534.0
0.1692,3406,0.5683,0.1039,0.733,182590307.0,21552534.0
0.1692,3407,0.5685,0.1039,0.733,182590307.0,21552534.0
0.1693,3408,0.5687,0.1039,0.733,182598608.0,21552534.0
0.1693,3409,0.5688,0.1041,0.7323,182598608.0,21552534.0
0.1693,3410,0.569,0.1041,0.7323,182828842.0,21552534.0
0.1693,3411,0.5692,0.1041,0.7323,182907755.0,21552534.0
0.1694,3412,0.5693,0.104,0.7323,183043049.0,21552534.0
0.1694,3413,0.5695,0.104,0.7323,183093100.0,21552534.0
0.1694,3414,0.5697,0.104,0.7323,183115377.0,21552534.0
0.1696,3415,0.5698,0.104,0.7323,183115377.0,21552534.0
0.1697,3416,0.57,0.1039,0.7323,183117254.0,21552534.0
0.1697,3417,0.5702,0.1039,0.7323,183117848.0,21552534.0
0.1698,3418,0.5703,0.1039,0.7323,183117848.0,21552534.0
0.1698,3419,0.5705,0.1038,0.7323,183121702.0,21552534.0
0.1699,3420,0.5707,0.1041,0.7315,183121702.0,21559356.0
0.1699,3421,0.5708,0.1041,0.7315,183415256.0,21559356.0
0.1699,3422,0.571,0.104,0.7315,183421615.0,21559356.0
0.17,3423,0.5712,0.104,0.7315,183426151.0,21559356.0
0.17,3424,0.5713,0.104,0.7315,183452641.0,21559356.0
0.1701,3425,0.5715,0.1039,0.7315,183499468.0,21559356.0
0.1701,3426,0.5717,0.1039,0.7315,183741986.0,21559356.0
0.1701,3427,0.5718,0.1039,0.7315,183791975.0,21559356.0
0.1702,3428,0.572,0.1039,0.7315,183791975.0,21559356.0
0.1703,3429,0.5722,0.1038,0.7315,183817460.0,21559356.0
0.1704,3430,0.5723,0.1038,0.7315,183819028.0,21559356.0
0.1704,3431,0.5725,0.1038,0.7315,183827848.0,21559356.0
0.1704,3432,0.5727,0.104,0.7308,183827848.0,21559837.0
0.1705,3433,0.5728,0.104,0.7308,183976583.0,21559837.0
0.1705,3434,0.573,0.104,0.7308,183980763.0,21559837.0
0.1705,3435,0.5732,0.1039,0.7308,183981428.0,21559837.0
0.1705,3436,0.5733,0.1039,0.7308,184021681.0,21559837.0
0.1706,3437,0.5735,0.1039,0.7308,184050222.0,21559837.0
0.1707,3438,0.5737,0.1041,0.73,184050222.0,21564256.0
0.1709,3439,0.5738,0.1041,0.73,184089131.0,21564256.0
0.1711,3440,0.574,0.1041,0.73,184094850.0,21564256.0
0.1711,3441,0.5742,0.104,0.73,184211480.0,21564256.0
0.1712,3442,0.5743,0.104,0.73,184328671.0,21564256.0
0.1712,3443,0.5745,0.104,0.73,184356085.0,21564256.0
0.1712,3444,0.5747,0.1039,0.73,184372878.0,21564256.0
0.1713,3445,0.5748,0.1039,0.73,184373978.0,21564256.0
0.1713,3446,0.575,0.1039,0.73,184381211.0,21564256.0
0.1713,3447,0.5752,0.1039,0.73,184409091.0,21564256.0
0.1714,3448,0.5753,0.1038,0.73,184410707.0,21564256.0
0.1715,3449,0.5755,0.1038,0.73,184411097.0,21564256.0
0.1716,3450,0.5757,0.1038,0.73,184411097.0,21564256.0
0.1716,3451,0.5758,0.1037,0.73,184683996.0,21564256.0
0.1716,3452,0.576,0.1037,0.73,184802059.0,21564256.0
0.1717,3453,0.5762,0.1037,0.73,184838776.0,21564256.0
0.1717,3454,0.5763,0.1036,0.73,184839622.0,21564256.0
0.1717,3455,0.5765,0.1036,0.73,184839622.0,21564256.0
0.1718,3456,0.5767,0.1036,0.73,184840054.0,21564256.0
0.1718,3457,0.5768,0.1036,0.73,184840639.0,21564256.0
0.1719,3458,0.577,0.1035,0.73,184967093.0,21564256.0
0.1719,3459,0.5772,0.1035,0.73,184977094.0,21564256.0
0.172,3460,0.5773,0.1035,0.73,185042760.0,21564256.0
0.172,3461,0.5775,0.1034,0.73,185062243.0,21564256.0
0.1721,3462,0.5777,0.1034,0.73,185090752.0,21564256.0
0.1722,3463,0.5778,0.1037,0.7293,185090752.0,21614801.0
0.1723,3464,0.578,0.1036,0.7293,185137609.0,21614801.0
0.1724,3465,0.5782,0.1036,0.7293,185162953.0,21614801.0
0.1724,3466,0.5783,0.1036,0.7293,185164179.0,21614801.0
0.1725,3467,0.5785,0.1035,0.7293,185164569.0,21614801.0
0.1726,3468,0.5787,0.1035,0.7293,185210535.0,21614801.0
0.1726,3469,0.5788,0.1035,0.7293,185292048.0,21614801.0
0.1726,3470,0.579,0.1035,0.7293,185356936.0,21614801.0
0.1727,3471,0.5792,0.1034,0.7293,185448208.0,21614801.0
0.1728,3472,0.5793,0.1034,0.7293,185477765.0,21614801.0
0.1731,3473,0.5795,0.1034,0.7293,185569406.0,21614801.0
0.1731,3474,0.5797,0.1033,0.7293,185620104.0,21614801.0
0.1732,3475,0.5798,0.1033,0.7293,185687224.0,21614801.0
0.1732,3476,0.58,0.1033,0.7293,185691358.0,21614801.0
0.1732,3477,0.5802,0.1032,0.7293,185824980.0,21614801.0
0.1733,3478,0.5803,0.1032,0.7293,185853307.0,21614801.0
0.1733,3479,0.5805,0.1035,0.7285,185853307.0,21656001.0
0.1734,3480,0.5807,0.1037,0.7278,185853307.0,21658902.0
0.1734,3481,0.5808,0.1037,0.7278,185853307.0,21658902.0
0.1734,3482,0.581,0.1037,0.7278,185853529.0,21658902.0
0.1735,3483,0.5812,0.1036,0.7278,185855829.0,21658902.0
0.1735,3484,0.5813,0.1039,0.727,185855829.0,21798347.0
0.1737,3485,0.5815,0.1039,0.727,185874122.0,21798347.0
0.1737,3486,0.5817,0.1038,0.727,185923500.0,21798347.0
0.1737,3487,0.5818,0.1038,0.727,185924391.0,21798347.0
0.1737,3488,0.582,0.1041,0.7262,185924391.0,21798347.0
0.1737,3489,0.5822,0.104,0.7262,186035967.0,21798347.0
0.1738,3490,0.5823,0.104,0.7262,186038183.0,21798347.0
0.1739,3491,0.5825,0.104,0.7262,186038183.0,21798347.0
0.1741,3492,0.5827,0.104,0.7262,186085837.0,21798347.0
0.1743,3493,0.5828,0.1039,0.7262,186135115.0,21798347.0
0.1743,3494,0.583,0.1039,0.7262,186184859.0,21798347.0
0.1745,3495,0.5832,0.1039,0.7262,186316660.0,21798347.0
0.1745,3496,0.5833,0.1038,0.7262,186365990.0,21798347.0
0.1746,3497,0.5835,0.1038,0.7262,186451231.0,21798347.0
0.1747,3498,0.5837,0.1038,0.7262,186451231.0,21798347.0
0.1747,3499,0.5838,0.1037,0.7262,186451231.0,21798347.0
0.1747,3500,0.584,0.1037,0.7262,186451620.0,21798347.0
0.1749,3501,0.5842,0.1037,0.7262,186653684.0,21798347.0
0.1749,3502,0.5843,0.1039,0.7255,186653684.0,21800416.0
0.175,3503,0.5845,0.1039,0.7255,186671381.0,21800416.0
0.1751,3504,0.5847,0.1042,0.7247,186671381.0,21828254.0
0.1752,3505,0.5848,0.1041,0.7247,186721825.0,21828254.0
0.1753,3506,0.585,0.1044,0.724,186721825.0,21840801.0
0.1753,3507,0.5852,0.1044,0.724,186721825.0,21840801.0
0.1753,3508,0.5853,0.1043,0.724,186961103.0,21840801.0
0.1753,3509,0.5855,0.1046,0.7232,186961103.0,21889862.0
0.1755,3510,0.5857,0.1046,0.7232,186991361.0,21889862.0
0.1756,3511,0.5859,0.1045,0.7232,187044202.0,21889862.0
0.1757,3512,0.586,0.1045,0.7232,187052491.0,21889862.0
0.1758,3513,0.5862,0.1045,0.7232,187100965.0,21889862.0
0.1759,3514,0.5864,0.1044,0.7232,187100965.0,21889862.0
0.1759,3515,0.5865,0.1044,0.7232,187101385.0,21889862.0
0.176,3516,0.5867,0.1044,0.7232,187147305.0,21889862.0
0.176,3517,0.5869,0.1044,0.7232,187151269.0,21889862.0
0.176,3518,0.587,0.1043,0.7232,187168285.0,21889862.0
0.1762,3519,0.5872,0.1043,0.7232,187170110.0,21889862.0
0.1762,3520,0.5874,0.1043,0.7232,187189075.0,21889862.0
0.1763,3521,0.5875,0.1045,0.7225,187189075.0,21890540.0
0.1764,3522,0.5877,0.1045,0.7225,187189075.0,21890540.0
0.1764,3523,0.5879,0.1047,0.7217,187189075.0,21920020.0
0.1764,3524,0.588,0.1047,0.7217,187233128.0,21920020.0
0.1765,3525,0.5882,0.1047,0.7217,187235696.0,21920020.0
0.1766,3526,0.5884,0.1047,0.7217,187252062.0,21920020.0
0.1769,3527,0.5885,0.1046,0.7217,187299096.0,21920020.0
0.1769,3528,0.5887,0.1046,0.7217,187299724.0,21920020.0
0.177,3529,0.5889,0.1046,0.7217,187307556.0,21920020.0
0.177,3530,0.589,0.1045,0.7217,187350311.0,21920020.0
0.1771,3531,0.5892,0.1045,0.7217,187493429.0,21920020.0
0.1771,3532,0.5894,0.1045,0.7217,187544137.0,21920020.0
0.1771,3533,0.5895,0.1044,0.7217,187594608.0,21920020.0
0.1772,3534,0.5897,0.1044,0.7217,187595654.0,21920020.0
0.1772,3535,0.5899,0.1044,0.7217,187595654.0,21920020.0
0.1773,3536,0.59,0.1044,0.7217,187644542.0,21920020.0
0.1774,3537,0.5902,0.1046,0.721,187644542.0,21920020.0
0.1774,3538,0.5904,0.1046,0.721,187646082.0,21920020.0
0.1775,3539,0.5905,0.1045,0.721,187694437.0,21920020.0
0.1775,3540,0.5907,0.1048,0.7202,187694437.0,21920020.0
0.1776,3541,0.5909,0.1048,0.7202,187698017.0,21920020.0
0.1777,3542,0.591,0.1047,0.7202,187698607.0,21920020.0
0.1777,3543,0.5912,0.1047,0.7202,187737041.0,21920020.0
0.1777,3544,0.5914,0.1047,0.7202,187765715.0,21920020.0
0.1779,3545,0.5915,0.1047,0.7202,187785137.0,21920020.0
0.1779,3546,0.5917,0.1046,0.7202,187787224.0,21920020.0
0.178,3547,0.5919,0.1046,0.7202,187836868.0,21920020.0
0.178,3548,0.592,0.1048,0.7195,187836868.0,21967384.0
0.178,3549,0.5922,0.1048,0.7195,187851319.0,21967384.0
0.1781,3550,0.5924,0.1051,0.7187,187851319.0,22253705.0
0.1782,3551,0.5925,0.105,0.7187,187852321.0,22253705.0
0.1784,3552,0.5927,0.105,0.7187,187879848.0,22253705.0
0.1785,3553,0.5929,0.105,0.7187,187955652.0,22253705.0
0.1785,3554,0.593,0.105,0.7187,187972679.0,22253705.0
0.1785,3555,0.5932,0.1049,0.7187,187976714.0,22253705.0
0.1785,3556,0.5934,0.1049,0.7187,188346112.0,22253705.0
0.1787,3557,0.5935,0.1049,0.7187,188352667.0,22253705.0
0.1787,3558,0.5937,0.1051,0.7179,188352667.0,22253705.0
0.1787,3559,0.5939,0.1051,0.7179,188415537.0,22253705.0
0.1788,3560,0.594,0.1051,0.7179,188909893.0,22253705.0
0.1788,3561,0.5942,0.105,0.7179,188910072.0,22253705.0
0.1789,3562,0.5944,0.105,0.7179,188910658.0,22253705.0
0.1789,3563,0.5945,0.105,0.7179,188910658.0,22253705.0
0.179,3564,0.5947,0.1049,0.7179,188929494.0,22253705.0
0.1791,3565,0.5949,0.1049,0.7179,188979193.0,22253705.0
0.1791,3566,0.595,0.1049,0.7179,188979668.0,22253705.0
0.1792,3567,0.5952,0.1051,0.7172,188979668.0,22302265.0
0.1794,3568,0.5954,0.1051,0.7172,189052431.0,22302265.0
0.1796,3569,0.5955,0.1051,0.7172,189173672.0,22302265.0
0.1796,3570,0.5957,0.1053,0.7164,189173672.0,22306290.0
0.1798,3571,0.5959,0.1053,0.7164,189176963.0,22306290.0
0.1798,3572,0.596,0.1055,0.7157,189176963.0,22381672.0
0.1799,3573,0.5962,0.1055,0.7157,189179737.0,22381672.0
0.1799,3574,0.5964,0.1058,0.7149,189179737.0,22992395.0
0.1799,3575,0.5965,0.1057,0.7149,189328955.0,22992395.0
0.18,3576,0.5967,0.1057,0.7149,189638035.0,22992395.0
0.18,3577,0.5969,0.1057,0.7149,189686747.0,22992395.0
0.1801,3578,0.597,0.1056,0.7149,189721451.0,22992395.0
0.1801,3579,0.5972,0.1056,0.7149,189722198.0,22992395.0
0.1801,3580,0.5974,0.1059,0.7142,189722198.0,22995201.0
0.1801,3581,0.5975,0.1058,0.7142,189722686.0,22995201.0
0.1802,3582,0.5977,0.1058,0.7142,189722686.0,22995201.0
0.1802,3583,0.5979,0.1058,0.7142,189825334.0,22995201.0
0.1803,3584,0.598,0.1057,0.7142,189865274.0,22995201.0
0.1804,3585,0.5982,0.1057,0.7142,189873734.0,22995201.0
0.1805,3586,0.5984,0.1057,0.7142,190110617.0,22995201.0
0.1805,3587,0.5985,0.1057,0.7142,190121265.0,22995201.0
0.1806,3588,0.5987,0.1056,0.7142,190151023.0,22995201.0
0.181,3589,0.5989,0.1059,0.7134,190151023.0,22997660.0
0.181,3590,0.599,0.1058,0.7134,190152401.0,22997660.0
0.1811,3591,0.5992,0.1058,0.7134,190202541.0,22997660.0
0.1812,3592,0.5994,0.1058,0.7134,190203709.0,22997660.0
0.1813,3593,0.5995,0.1058,0.7134,190205986.0,22997660.0
0.1813,3594,0.5997,0.106,0.7127,190205986.0,23001231.0
0.1814,3595,0.5999,0.1063,0.7119,190205986.0,23001527.0
0.1814,3596,0.6,0.1065,0.7112,190205986.0,23126549.0
0.1815,3597,0.6002,0.1065,0.7112,190210201.0,23126549.0
0.1815,3598,0.6004,0.1067,0.7104,190210201.0,23216780.0
0.1816,3599,0.6005,0.1067,0.7104,190271909.0,23216780.0
0.1816,3600,0.6007,0.1067,0.7104,190271909.0,23216780.0
0.1818,3601,0.6009,0.1066,0.7104,190276279.0,23216780.0
0.1818,3602,0.601,0.1066,0.7104,190310482.0,23216780.0
0.1818,3603,0.6012,0.1066,0.7104,190380688.0,23216780.0
0.1819,3604,0.6014,0.1068,0.7097,190380688.0,23555404.0
0.182,3605,0.6015,0.1068,0.7097,190398612.0,23555404.0
0.182,3606,0.6017,0.1068,0.7097,190400182.0,23555404.0
0.182,3607,0.6019,0.1067,0.7097,190400498.0,23555404.0
0.1821,3608,0.602,0.1067,0.7097,190405478.0,23555404.0
0.1821,3609,0.6022,0.1067,0.7097,190536036.0,23555404.0
0.1821,3610,0.6024,0.1066,0.7097,190587031.0,23555404.0
0.1821,3611,0.6025,0.1066,0.7097,190587031.0,23555404.0
0.1822,3612,0.6027,0.1066,0.7097,190588046.0,23555404.0
0.1822,3613,0.6029,0.1066,0.7097,190588375.0,23555404.0
0.1823,3614,0.603,0.1065,0.7097,190746701.0,23555404.0
0.1824,3615,0.6032,0.1065,0.7097,190748981.0,23555404.0
0.1825,3616,0.6034,0.1065,0.7097,190757059.0,23555404.0
0.1825,3617,0.6035,0.1064,0.7097,190766850.0,23555404.0
0.1825,3618,0.6037,0.1067,0.7089,190766850.0,23605823.0
0.1826,3619,0.6039,0.1069,0.7081,190766850.0,23783784.0
0.1826,3620,0.604,0.1069,0.7081,190773396.0,23783784.0
0.1827,3621,0.6042,0.1069,0.7081,190792831.0,23783784.0
0.1829,3622,0.6044,0.1068,0.7081,190812195.0,23783784.0
0.1829,3623,0.6045,0.1068,0.7081,190833702.0,23783784.0
0.183,3624,0.6047,0.1068,0.7081,190884268.0,23783784.0
0.183,3625,0.6049,0.1068,0.7081,190884856.0,23783784.0
0.183,3626,0.605,0.1067,0.7081,190902440.0,23783784.0
0.1833,3627,0.6052,0.1067,0.7081,190920033.0,23783784.0
0.1834,3628,0.6054,0.1067,0.7081,190920541.0,23783784.0
0.1834,3629,0.6055,0.1066,0.7081,190920541.0,23783784.0
0.1835,3630,0.6057,0.1066,0.7081,190922219.0,23783784.0
0.1835,3631,0.6059,0.1066,0.7081,190936572.0,23783784.0
0.1836,3632,0.606,0.1066,0.7081,191141722.0,23783784.0
0.1837,3633,0.6062,0.1065,0.7081,191143624.0,23783784.0
0.1838,3634,0.6064,0.1065,0.7081,191144042.0,23783784.0
0.1839,3635,0.6065,0.1065,0.7081,191144818.0,23783784.0
0.1839,3636,0.6067,0.1064,0.7081,191144818.0,23783784.0
0.1839,3637,0.6069,0.1064,0.7081,191294496.0,23783784.0
0.184,3638,0.607,0.1064,0.7081,191294723.0,23783784.0
0.1842,3639,0.6072,0.1063,0.7081,191295652.0,23783784.0
0.1842,3640,0.6074,0.1066,0.7074,191295652.0,23856676.0
0.1842,3641,0.6075,0.1068,0.7066,191295652.0,24216167.0
0.1843,3642,0.6077,0.1068,0.7066,191326239.0,24216167.0
0.1843,3643,0.6079,0.1068,0.7066,191433463.0,24216167.0
0.1843,3644,0.608,0.1068,0.7066,191516030.0,24216167.0
0.1844,3645,0.6082,0.1067,0.7066,191516030.0,24216167.0
0.1844,3646,0.6084,0.107,0.7059,191516030.0,24216637.0
0.1844,3647,0.6085,0.1072,0.7051,191516030.0,24223310.0
0.1845,3648,0.6087,0.1072,0.7051,191714754.0,24223310.0
0.1845,3649,0.6089,0.1074,0.7044,191714754.0,24388888.0
0.1847,3650,0.609,0.1077,0.7036,191714754.0,24391397.0
0.1847,3651,0.6092,0.1076,0.7036,191726951.0,24391397.0
0.185,3652,0.6094,0.1076,0.7036,191731221.0,24391397.0
0.1851,3653,0.6095,0.1076,0.7036,191732289.0,24391397.0
0.1851,3654,0.6097,0.1076,0.7036,191735289.0,24391397.0
0.1852,3655,0.6099,0.1075,0.7036,191783308.0,24391397.0
0.1853,3656,0.61,0.1075,0.7036,191791485.0,24391397.0
0.1853,3657,0.6102,0.1077,0.7029,191791485.0,24420115.0
0.1853,3658,0.6104,0.1077,0.7029,191791875.0,24420115.0
0.1853,3659,0.6105,0.1077,0.7029,191792575.0,24420115.0
0.1854,3660,0.6107,0.1077,0.7029,192263154.0,24420115.0
0.1854,3661,0.6109,0.1076,0.7029,192268734.0,24420115.0
0.1855,3662,0.611,0.1076,0.7029,192417086.0,24420115.0
0.1855,3663,0.6112,0.1076,0.7029,192475302.0,24420115.0
0.1855,3664,0.6114,0.1075,0.7029,192477737.0,24420115.0
0.1856,3665,0.6115,0.1078,0.7021,192477737.0,24420115.0
0.1857,3666,0.6117,0.1077,0.7021,192477737.0,24420115.0
0.1858,3667,0.6119,0.1077,0.7021,192495713.0,24420115.0
0.1858,3668,0.612,0.1077,0.7021,192495713.0,24420115.0
0.1861,3669,0.6122,0.1077,0.7021,192495713.0,24420115.0
0.1863,3670,0.6124,0.1076,0.7021,192495713.0,24420115.0
0.1865,3671,0.6125,0.1076,0.7021,192496262.0,24420115.0
0.1865,3672,0.6127,0.1076,0.7021,192496522.0,24420115.0
0.1865,3673,0.6129,0.1075,0.7021,192496522.0,24420115.0
0.1866,3674,0.613,0.1075,0.7021,192496710.0,24420115.0
0.1866,3675,0.6132,0.1075,0.7021,192497710.0,24420115.0
0.1866,3676,0.6134,0.1075,0.7021,192775525.0,24420115.0
0.1869,3677,0.6135,0.1074,0.7021,192887301.0,24420115.0
0.1869,3678,0.6137,0.1074,0.7021,193175316.0,24420115.0
0.1869,3679,0.6139,0.1074,0.7021,193175316.0,24420115.0
0.1869,3680,0.614,0.1073,0.7021,193295949.0,24420115.0
0.1871,3681,0.6142,0.1073,0.7021,193323330.0,24420115.0
0.1871,3682,0.6144,0.1073,0.7021,193343260.0,24420115.0
0.1871,3683,0.6146,0.1072,0.7021,193350687.0,24420115.0
0.1872,3684,0.6147,0.1072,0.7021,193476406.0,24420115.0
0.1872,3685,0.6149,0.1072,0.7021,193602128.0,24420115.0
0.1873,3686,0.6151,0.1072,0.7021,193602524.0,24420115.0
0.1874,3687,0.6152,0.1074,0.7014,193602524.0,24427285.0
0.1874,3688,0.6154,0.1076,0.7006,193602524.0,24427285.0
0.1874,3689,0.6156,0.1076,0.7006,193689675.0,24427285.0
0.1875,3690,0.6157,0.1076,0.7006,193690035.0,24427285.0
0.1876,3691,0.6159,0.1078,0.6998,193690035.0,24534433.0
0.1876,3692,0.6161,0.1078,0.6998,193692254.0,24534433.0
0.1878,3693,0.6162,0.1078,0.6998,193833477.0,24534433.0
0.1879,3694,0.6164,0.1077,0.6998,194048567.0,24534433.0
0.188,3695,0.6166,0.1077,0.6998,194070925.0,24534433.0
0.188,3696,0.6167,0.1077,0.6998,194072182.0,24534433.0
0.1881,3697,0.6169,0.1079,0.6991,194072182.0,24628190.0
0.1881,3698,0.6171,0.1079,0.6991,194074036.0,24628190.0
0.1881,3699,0.6172,0.1079,0.6991,194164869.0,24628190.0
0.1882,3700,0.6174,0.1078,0.6991,194342825.0,24628190.0
0.1883,3701,0.6176,0.1078,0.6991,194347323.0,24628190.0
0.1883,3702,0.6177,0.1078,0.6991,194356921.0,24628190.0
0.1884,3703,0.6179,0.1078,0.6991,194367049.0,24628190.0
0.1884,3704,0.6181,0.1077,0.6991,194367231.0,24628190.0
0.1885,3705,0.6182,0.1077,0.6991,194414843.0,24628190.0
0.1886,3706,0.6184,0.1079,0.6983,194414843.0,24942146.0
0.1887,3707,0.6186,0.1079,0.6983,194609969.0,24942146.0
0.1887,3708,0.6187,0.1079,0.6983,194610825.0,24942146.0
0.1888,3709,0.6189,0.1081,0.6976,194610825.0,24943407.0
0.1889,3710,0.6191,0.1081,0.6976,194659609.0,24943407.0
0.189,3711,0.6192,0.1083,0.6968,194659609.0,24974811.0
0.1891,3712,0.6194,0.1083,0.6968,194679610.0,24974811.0
0.1891,3713,0.6196,0.1083,0.6968,194681370.0,24974811.0
0.1892,3714,0.6197,0.1082,0.6968,194683370.0,24974811.0
0.1894,3715,0.6199,0.1082,0.6968,194700110.0,24974811.0
0.1894,3716,0.6201,0.1082,0.6968,194717917.0,24974811.0
0.1895,3717,0.6202,0.1082,0.6968,194724073.0,24974811.0
0.1895,3718,0.6204,0.1081,0.6968,194742050.0,24974811.0
0.1895,3719,0.6206,0.1081,0.6968,194745106.0,24974811.0
0.1895,3720,0.6207,0.1081,0.6968,194795775.0,24974811.0
0.1896,3721,0.6209,0.108,0.6968,195089273.0,24974811.0
0.1896,3722,0.6211,0.108,0.6968,195115573.0,24974811.0
0.1899,3723,0.6212,0.108,0.6968,195212217.0,24974811.0
0.1899,3724,0.6214,0.1079,0.6968,195262592.0,24974811.0
0.1899,3725,0.6216,0.1079,0.6968,195587044.0,24974811.0
0.1901,3726,0.6217,0.1082,0.6961,195587044.0,25136916.0
0.1902,3727,0.6219,0.1081,0.6961,195587044.0,25136916.0
0.1902,3728,0.6221,0.1081,0.6961,195600430.0,25136916.0
0.1903,3729,0.6222,0.1081,0.6961,195600430.0,25136916.0
0.1905,3730,0.6224,0.1083,0.6953,195600430.0,25136916.0
0.1906,3731,0.6226,0.1083,0.6953,195601691.0,25136916.0
0.1906,3732,0.6227,0.1083,0.6953,195604148.0,25136916.0
0.1906,3733,0.6229,0.1082,0.6953,195614916.0,25136916.0
0.1907,3734,0.6231,0.1082,0.6953,196046473.0,25136916.0
0.1908,3735,0.6232,0.1082,0.6953,196093951.0,25136916.0
0.1908,3736,0.6234,0.1081,0.6953,196093951.0,25136916.0
0.1908,3737,0.6236,0.1081,0.6953,196124582.0,25136916.0
0.191,3738,0.6237,0.1081,0.6953,196154060.0,25136916.0
0.191,3739,0.6239,0.1081,0.6953,196154920.0,25136916.0
0.191,3740,0.6241,0.108,0.6953,196154920.0,25136916.0
0.191,3741,0.6242,0.108,0.6953,196156358.0,25136916.0
0.1911,3742,0.6244,0.108,0.6953,196213953.0,25136916.0
0.1911,3743,0.6246,0.1079,0.6953,196480715.0,25136916.0
0.1912,3744,0.6247,0.1079,0.6953,196621772.0,25136916.0
0.1913,3745,0.6249,0.1079,0.6953,196945932.0,25136916.0
0.1913,3746,0.6251,0.1081,0.6946,196945932.0,25141728.0
0.1913,3747,0.6252,0.1081,0.6946,196952743.0,25141728.0
0.1914,3748,0.6254,0.1081,0.6946,196954193.0,25141728.0
0.1915,3749,0.6256,0.108,0.6946,196954193.0,25141728.0
0.1917,3750,0.6257,0.1083,0.6938,196954193.0,25251020.0
0.1918,3751,0.6259,0.1082,0.6938,196955865.0,25251020.0
0.1918,3752,0.6261,0.1082,0.6938,196957341.0,25251020.0
0.1921,3753,0.6262,0.1084,0.6931,196957341.0,25253097.0
0.1922,3754,0.6264,0.1084,0.6931,196957839.0,25253097.0
0.1922,3755,0.6266,0.1084,0.6931,196959421.0,25253097.0
0.1922,3756,0.6267,0.1084,0.6931,196959685.0,25253097.0
0.1925,3757,0.6269,0.1083,0.6931,196975763.0,25253097.0
0.1925,3758,0.6271,0.1083,0.6931,196985656.0,25253097.0
0.1925,3759,0.6272,0.1085,0.6923,196985656.0,25303562.0
0.1926,3760,0.6274,0.1085,0.6923,196986410.0,25303562.0
0.1927,3761,0.6276,0.1087,0.6916,196986410.0,25307876.0
0.1927,3762,0.6277,0.109,0.6908,196986410.0,25308712.0
0.1927,3763,0.6279,0.1092,0.69,196986410.0,25316492.0
0.1928,3764,0.6281,0.1092,0.69,196986410.0,25316492.0
0.1929,3765,0.6282,0.1092,0.69,197003913.0,25316492.0
0.193,3766,0.6284,0.1091,0.69,197013081.0,25316492.0
0.193,3767,0.6286,0.1091,0.69,197016675.0,25316492.0
0.1932,3768,0.6287,0.1091,0.69,197035860.0,25316492.0
0.1932,3769,0.6289,0.109,0.69,197038906.0,25316492.0
0.1932,3770,0.6291,0.109,0.69,197057459.0,25316492.0
0.1932,3771,0.6292,0.1093,0.6893,197057459.0,25316825.0
0.1932,3772,0.6294,0.1092,0.6893,197190030.0,25316825.0
0.1933,3773,0.6296,0.1092,0.6893,197236661.0,25316825.0
0.1934,3774,0.6297,0.1092,0.6893,197236661.0,25316825.0
0.1934,3775,0.6299,0.1094,0.6885,197236661.0,25327281.0
0.1934,3776,0.6301,0.1094,0.6885,197240187.0,25327281.0
0.1934,3777,0.6302,0.1093,0.6885,197245787.0,25327281.0
0.1937,3778,0.6304,0.1093,0.6885,197246059.0,25327281.0
0.1937,3779,0.6306,0.1093,0.6885,197249902.0,25327281.0
0.1937,3780,0.6307,0.1093,0.6885,197254172.0,25327281.0
0.1938,3781,0.6309,0.1092,0.6885,197269670.0,25327281.0
0.1938,3782,0.6311,0.1092,0.6885,197289679.0,25327281.0
0.1938,3783,0.6312,0.1094,0.6878,197289679.0,25407730.0
0.1941,3784,0.6314,0.1094,0.6878,197336732.0,25407730.0
0.1942,3785,0.6316,0.1094,0.6878,197420759.0,25407730.0
0.1943,3786,0.6317,0.1094,0.6878,197421305.0,25407730.0
0.1943,3787,0.6319,0.1093,0.6878,197648939.0,25407730.0
0.1943,3788,0.6321,0.1093,0.6878,197648939.0,25407730.0
0.1944,3789,0.6322,0.1093,0.6878,197662806.0,25407730.0
0.1944,3790,0.6324,0.1092,0.6878,197847408.0,25407730.0
0.1945,3791,0.6326,0.1092,0.6878,197848063.0,25407730.0
0.1946,3792,0.6327,0.1092,0.6878,197848063.0,25407730.0
0.1947,3793,0.6329,0.1091,0.6878,197862617.0,25407730.0
0.1949,3794,0.6331,0.1094,0.687,197862617.0,25408780.0
0.195,3795,0.6332,0.1094,0.687,197991946.0,25408780.0
0.195,3796,0.6334,0.1093,0.687,197996419.0,25408780.0
0.195,3797,0.6336,0.1093,0.687,197996419.0,25408780.0
0.195,3798,0.6337,0.1093,0.687,197998381.0,25408780.0
0.1952,3799,0.6339,0.1092,0.687,198004730.0,25408780.0
0.1953,3800,0.6341,0.1092,0.687,198004730.0,25408780.0
0.1953,3801,0.6342,0.1092,0.687,198053389.0,25408780.0
0.1955,3802,0.6344,0.1092,0.687,198053389.0,25408780.0
0.1956,3803,0.6346,0.1091,0.687,198072637.0,25408780.0
0.1958,3804,0.6347,0.1091,0.687,198082740.0,25408780.0
0.1958,3805,0.6349,0.1093,0.6863,198082740.0,25482082.0
0.1959,3806,0.6351,0.1093,0.6863,198100713.0,25482082.0
0.196,3807,0.6352,0.1093,0.6863,198100713.0,25482082.0
0.1962,3808,0.6354,0.1092,0.6863,198102233.0,25482082.0
0.1963,3809,0.6356,0.1095,0.6855,198102233.0,25491555.0
0.1963,3810,0.6357,0.1094,0.6855,198192795.0,25491555.0
0.1963,3811,0.6359,0.1094,0.6855,198195930.0,25491555.0
0.1964,3812,0.6361,0.1094,0.6855,198449725.0,25491555.0
0.1964,3813,0.6362,0.1094,0.6855,198457522.0,25491555.0
0.1966,3814,0.6364,0.1093,0.6855,198563861.0,25491555.0
0.1966,3815,0.6366,0.1093,0.6855,198675724.0,25491555.0
0.1966,3816,0.6367,0.1093,0.6855,198676715.0,25491555.0
0.1966,3817,0.6369,0.1092,0.6855,198725605.0,25491555.0
0.1967,3818,0.6371,0.1095,0.6848,198725605.0,25542272.0
0.1968,3819,0.6372,0.1095,0.6848,198725605.0,25542272.0
0.1968,3820,0.6374,0.1094,0.6848,198773015.0,25542272.0
0.1968,3821,0.6376,0.1094,0.6848,198773015.0,25542272.0
0.197,3822,0.6377,0.1094,0.6848,198800904.0,25542272.0
0.1971,3823,0.6379,0.1096,0.684,198800904.0,25558608.0
0.1971,3824,0.6381,0.1096,0.684,198838547.0,25558608.0
0.1974,3825,0.6382,0.1095,0.684,198838614.0,25558608.0
0.1974,3826,0.6384,0.1095,0.684,198871552.0,25558608.0
0.1975,3827,0.6386,0.1095,0.684,198939223.0,25558608.0
0.1975,3828,0.6387,0.1095,0.684,198939663.0,25558608.0
0.1976,3829,0.6389,0.1094,0.684,198939663.0,25558608.0
0.1976,3830,0.6391,0.1094,0.684,198939663.0,25558608.0
0.1977,3831,0.6392,0.1094,0.684,198946535.0,25558608.0
0.1979,3832,0.6394,0.1093,0.684,198952354.0,25558608.0
0.198,3833,0.6396,0.1093,0.684,198975776.0,25558608.0
0.198,3834,0.6397,0.1093,0.684,198978776.0,25558608.0
0.1982,3835,0.6399,0.1093,0.684,199425833.0,25558608.0
0.1984,3836,0.6401,0.1092,0.684,199516658.0,25558608.0
0.1984,3837,0.6402,0.1095,0.6833,199516658.0,25580039.0
0.1986,3838,0.6404,0.1094,0.6833,199535740.0,25580039.0
0.1987,3839,0.6406,0.1094,0.6833,199536307.0,25580039.0
0.1987,3840,0.6407,0.1094,0.6833,199536307.0,25580039.0
0.1987,3841,0.6409,0.1093,0.6833,199536307.0,25580039.0
0.1988,3842,0.6411,0.1093,0.6833,199536414.0,25580039.0
0.1988,3843,0.6412,0.1095,0.6825,199536414.0,25680947.0
0.1988,3844,0.6414,0.1095,0.6825,199536414.0,25680947.0
0.1989,3845,0.6416,0.1095,0.6825,199541061.0,25680947.0
0.1991,3846,0.6417,0.1095,0.6825,199546992.0,25680947.0
0.1992,3847,0.6419,0.1094,0.6825,199552211.0,25680947.0
0.1992,3848,0.6421,0.1094,0.6825,199552877.0,25680947.0
0.1992,3849,0.6422,0.1094,0.6825,199553870.0,25680947.0
0.1993,3850,0.6424,0.1094,0.6825,199553870.0,25680947.0
0.1993,3851,0.6426,0.1096,0.6817,199553870.0,26101062.0
0.1995,3852,0.6427,0.1098,0.681,199553870.0,26101062.0
0.1995,3853,0.6429,0.1098,0.681,199554686.0,26101062.0
0.1996,3854,0.6431,0.1098,0.681,199561826.0,26101062.0
0.1996,3855,0.6433,0.1097,0.681,200045010.0,26101062.0
0.1997,3856,0.6434,0.1097,0.681,200096139.0,26101062.0
0.1997,3857,0.6436,0.1097,0.681,200130223.0,26101062.0
0.1997,3858,0.6438,0.1096,0.681,200131636.0,26101062.0
0.1998,3859,0.6439,0.1096,0.681,200143208.0,26101062.0
0.1998,3860,0.6441,0.1096,0.681,200152021.0,26101062.0
0.1999,3861,0.6443,0.1096,0.681,200497429.0,26101062.0
0.1999,3862,0.6444,0.1095,0.681,200497429.0,26101062.0
0.2,3863,0.6446,0.1098,0.6802,200497429.0,26101062.0
0.2,3864,0.6448,0.1097,0.6802,200498676.0,26101062.0
0.2003,3865,0.6449,0.1097,0.6802,200500348.0,26101062.0
0.2003,3866,0.6451,0.1097,0.6802,200500673.0,26101062.0
0.2004,3867,0.6453,0.1096,0.6802,200500673.0,26101062.0
0.2004,3868,0.6454,0.1096,0.6802,200500673.0,26101062.0
0.2005,3869,0.6456,0.1096,0.6802,200501915.0,26101062.0
0.2005,3870,0.6458,0.1096,0.6802,200531672.0,26101062.0
0.2006,3871,0.6459,0.1098,0.6795,200531672.0,26105896.0
0.2008,3872,0.6461,0.1098,0.6795,200531672.0,26105896.0
0.2009,3873,0.6463,0.11,0.6787,200531672.0,26120372.0
0.201,3874,0.6464,0.11,0.6787,200532088.0,26120372.0
0.201,3875,0.6466,0.1099,0.6787,200550442.0,26120372.0
0.201,3876,0.6468,0.1099,0.6787,200550442.0,26120372.0
0.201,3877,0.6469,0.1101,0.678,200550442.0,26168172.0
0.2011,3878,0.6471,0.1101,0.678,200560101.0,26168172.0
0.2012,3879,0.6473,0.1101,0.678,200605474.0,26168172.0
0.2013,3880,0.6474,0.1103,0.6772,200605474.0,26168172.0
0.2015,3881,0.6476,0.1103,0.6772,200605474.0,26168172.0
0.2016,3882,0.6478,0.1105,0.6765,200605474.0,26168172.0
0.2016,3883,0.6479,0.1105,0.6765,200664897.0,26168172.0
0.2016,3884,0.6481,0.1107,0.6757,200664897.0,26168498.0
0.2017,3885,0.6483,0.1107,0.6757,200664897.0,26168498.0
0.2018,3886,0.6484,0.1107,0.6757,200664897.0,26168498.0
0.2018,3887,0.6486,0.1106,0.6757,200683023.0,26168498.0
0.2019,3888,0.6488,0.1106,0.6757,200706199.0,26168498.0
0.2021,3889,0.6489,0.1106,0.6757,200706199.0,26168498.0
0.2021,3890,0.6491,0.1105,0.6757,201017212.0,26168498.0
0.2022,3891,0.6493,0.1108,0.675,201017212.0,26187729.0
0.2022,3892,0.6494,0.1107,0.675,201022693.0,26187729.0
0.2022,3893,0.6496,0.1107,0.675,201040051.0,26187729.0
0.2024,3894,0.6498,0.1107,0.675,201040051.0,26187729.0
0.2028,3895,0.6499,0.1107,0.675,201056401.0,26187729.0
0.2029,3896,0.6501,0.1106,0.675,201056401.0,26187729.0
0.2029,3897,0.6503,0.1106,0.675,201085387.0,26187729.0
0.203,3898,0.6504,0.1106,0.675,201162632.0,26187729.0
0.203,3899,0.6506,0.1105,0.675,201173219.0,26187729.0
0.2031,3900,0.6508,0.1105,0.675,201176890.0,26187729.0
0.2031,3901,0.6509,0.1105,0.675,201177286.0,26187729.0
0.2032,3902,0.6511,0.1105,0.675,201216342.0,26187729.0
0.2033,3903,0.6513,0.1104,0.675,201267022.0,26187729.0
0.2034,3904,0.6514,0.1104,0.675,201267858.0,26187729.0
0.2035,3905,0.6516,0.1104,0.675,201437483.0,26187729.0
0.2035,3906,0.6518,0.1103,0.675,201457332.0,26187729.0
0.2036,3907,0.6519,0.1103,0.675,201595989.0,26187729.0
0.2036,3908,0.6521,0.1103,0.675,201921828.0,26187729.0
0.2036,3909,0.6523,0.1103,0.675,201922084.0,26187729.0
0.2037,3910,0.6524,0.1102,0.675,201926645.0,26187729.0
0.2039,3911,0.6526,0.1102,0.675,201946312.0,26187729.0
0.204,3912,0.6528,0.1102,0.675,201966652.0,26187729.0
0.2041,3913,0.6529,0.1101,0.675,201966652.0,26187729.0
0.2041,3914,0.6531,0.1101,0.675,202135877.0,26187729.0
0.2043,3915,0.6533,0.1101,0.675,202135877.0,26187729.0
0.2043,3916,0.6534,0.1101,0.675,202135877.0,26187729.0
0.2043,3917,0.6536,0.1103,0.6742,202135877.0,26197321.0
0.2043,3918,0.6538,0.1103,0.6742,202137273.0,26197321.0
0.2044,3919,0.6539,0.1102,0.6742,202137273.0,26197321.0
0.2044,3920,0.6541,0.1105,0.6735,202137273.0,26213293.0
0.2045,3921,0.6543,0.1104,0.6735,202139558.0,26213293.0
0.2045,3922,0.6544,0.1104,0.6735,202156749.0,26213293.0
0.2047,3923,0.6546,0.1106,0.6727,202156749.0,26521398.0
0.2048,3924,0.6548,0.1106,0.6727,202157012.0,26521398.0
0.2048,3925,0.6549,0.1106,0.6727,202157796.0,26521398.0
0.2049,3926,0.6551,0.1105,0.6727,202176445.0,26521398.0
0.2049,3927,0.6553,0.1105,0.6727,202184448.0,26521398.0
0.2055,3928,0.6554,0.1107,0.6719,202184448.0,26963689.0
0.2055,3929,0.6556,0.1107,0.6719,202185261.0,26963689.0
0.2055,3930,0.6558,0.1107,0.6719,202204855.0,26963689.0
0.2057,3931,0.6559,0.1107,0.6719,202206298.0,26963689.0
0.2058,3932,0.6561,0.1106,0.6719,202206298.0,26963689.0
0.206,3933,0.6563,0.1106,0.6719,202207256.0,26963689.0
0.206,3934,0.6564,0.1106,0.6719,202214690.0,26963689.0
0.2066,3935,0.6566,0.1105,0.6719,202244026.0,26963689.0
0.2066,3936,0.6568,0.1105,0.6719,202245598.0,26963689.0
0.2068,3937,0.6569,0.1105,0.6719,202296382.0,26963689.0
0.2068,3938,0.6571,0.1105,0.6719,202311418.0,26963689.0
0.2068,3939,0.6573,0.1104,0.6719,202311418.0,26963689.0
0.2069,3940,0.6574,0.1104,0.6719,202311494.0,26963689.0
0.207,3941,0.6576,0.1104,0.6719,202426291.0,26963689.0
0.2071,3942,0.6578,0.1104,0.6719,202663058.0,26963689.0
0.2071,3943,0.6579,0.1106,0.6712,202663058.0,27013090.0
0.2072,3944,0.6581,0.1108,0.6704,202663058.0,27017228.0
0.2073,3945,0.6583,0.1108,0.6704,202669204.0,27017228.0
0.2074,3946,0.6584,0.111,0.6697,202669204.0,27017228.0
0.2074,3947,0.6586,0.1112,0.6689,202669204.0,27020682.0
0.2075,3948,0.6588,0.1112,0.6689,202744655.0,27020682.0
0.2076,3949,0.6589,0.1114,0.6682,202744655.0,27020682.0
0.2076,3950,0.6591,0.1114,0.6682,202744655.0,27020682.0
0.2076,3951,0.6593,0.1116,0.6674,202744655.0,27040306.0
0.2076,3952,0.6594,0.1116,0.6674,202745981.0,27040306.0
0.2082,3953,0.6596,0.1116,0.6674,202771432.0,27040306.0
0.2082,3954,0.6598,0.1115,0.6674,202771432.0,27040306.0
0.2083,3955,0.6599,0.1115,0.6674,202790543.0,27040306.0
0.2083,3956,0.6601,0.1117,0.6667,202790543.0,27057747.0
0.2084,3957,0.6603,0.1117,0.6667,202790543.0,27057747.0
0.2087,3958,0.6604,0.1117,0.6667,202790833.0,27057747.0
0.2087,3959,0.6606,0.1116,0.6667,202846878.0,27057747.0
0.2088,3960,0.6608,0.1116,0.6667,202846878.0,27057747.0
0.2088,3961,0.6609,0.1116,0.6667,202862071.0,27057747.0
0.2088,3962,0.6611,0.1116,0.6667,202877831.0,27057747.0
0.2089,3963,0.6613,0.1118,0.6659,202877831.0,27058945.0
0.209,3964,0.6614,0.1118,0.6659,202879726.0,27058945.0
0.209,3965,0.6616,0.1117,0.6659,202881579.0,27058945.0
0.2091,3966,0.6618,0.112,0.6652,202881579.0,27177076.0
0.2094,3967,0.6619,0.1119,0.6652,202882312.0,27177076.0
0.2095,3968,0.6621,0.1119,0.6652,203171775.0,27177076.0
0.2095,3969,0.6623,0.1119,0.6652,203174194.0,27177076.0
0.2096,3970,0.6624,0.1118,0.6652,203252226.0,27177076.0
0.2097,3971,0.6626,0.1118,0.6652,203252892.0,27177076.0
0.2101,3972,0.6628,0.1118,0.6652,203262064.0,27177076.0
0.2101,3973,0.6629,0.1118,0.6652,203262454.0,27177076.0
0.2104,3974,0.6631,0.1117,0.6652,203262454.0,27177076.0
0.2104,3975,0.6633,0.1117,0.6652,203263700.0,27177076.0
0.2107,3976,0.6634,0.1117,0.6652,203265683.0,27177076.0
0.2107,3977,0.6636,0.1116,0.6652,203266009.0,27177076.0
0.2109,3978,0.6638,0.1116,0.6652,203286719.0,27177076.0
0.2109,3979,0.6639,0.1116,0.6652,203286719.0,27177076.0
0.211,3980,0.6641,0.1116,0.6652,203288102.0,27177076.0
0.2111,3981,0.6643,0.1115,0.6652,203288102.0,27177076.0
0.2111,3982,0.6644,0.1115,0.6652,203288102.0,27177076.0
0.2114,3983,0.6646,0.1115,0.6652,203370340.0,27177076.0
0.212,3984,0.6648,0.1114,0.6652,203370340.0,27177076.0
0.2121,3985,0.6649,0.1114,0.6652,203388016.0,27177076.0
0.2121,3986,0.6651,0.1114,0.6652,203389489.0,27177076.0
0.2122,3987,0.6653,0.1114,0.6652,203408646.0,27177076.0
0.2122,3988,0.6654,0.1113,0.6652,203408924.0,27177076.0
0.2122,3989,0.6656,0.1113,0.6652,203409124.0,27177076.0
0.2122,3990,0.6658,0.1113,0.6652,203409124.0,27177076.0
0.2124,3991,0.6659,0.1113,0.6652,203428154.0,27177076.0
0.2126,3992,0.6661,0.1115,0.6644,203428154.0,27177852.0
0.213,3993,0.6663,0.1114,0.6644,203432149.0,27177852.0
0.213,3994,0.6664,0.1117,0.6637,203432149.0,27184202.0
0.2131,3995,0.6666,0.1116,0.6637,203432545.0,27184202.0
0.2132,3996,0.6668,0.1116,0.6637,203432545.0,27184202.0
0.2133,3997,0.6669,0.1116,0.6637,203473618.0,27184202.0
0.2133,3998,0.6671,0.1116,0.6637,203473618.0,27184202.0
0.2133,3999,0.6673,0.1115,0.6637,203474014.0,27184202.0
0.2133,4000,0.6674,0.1118,0.6629,203474014.0,27186232.0
0.2133,4001,0.6676,0.1117,0.6629,203475686.0,27186232.0
0.2133,4002,0.6678,0.1117,0.6629,203612204.0,27186232.0
0.2135,4003,0.6679,0.1117,0.6629,203678407.0,27186232.0
0.2135,4004,0.6681,0.1116,0.6629,203678407.0,27186232.0
0.2136,4005,0.6683,0.1116,0.6629,203678407.0,27186232.0
0.2136,4006,0.6684,0.1116,0.6629,203678627.0,27186232.0
0.2137,4007,0.6686,0.1116,0.6629,203679737.0,27186232.0
0.2137,4008,0.6688,0.1118,0.6621,203679737.0,27251581.0
0.2137,4009,0.6689,0.1117,0.6621,203700341.0,27251581.0
0.2138,4010,0.6691,0.1117,0.6621,203709199.0,27251581.0
0.2138,4011,0.6693,0.1117,0.6621,203765871.0,27251581.0
0.2139,4012,0.6694,0.1117,0.6621,203767176.0,27251581.0
0.2141,4013,0.6696,0.1116,0.6621,203767176.0,27251581.0
0.2142,4014,0.6698,0.1116,0.6621,203768526.0,27251581.0
0.2142,4015,0.6699,0.1118,0.6614,203768526.0,27267951.0
0.2142,4016,0.6701,0.1118,0.6614,203783941.0,27267951.0
0.2142,4017,0.6703,0.1118,0.6614,203784331.0,27267951.0
0.2143,4018,0.6704,0.1117,0.6614,203834756.0,27267951.0
0.2143,4019,0.6706,0.1117,0.6614,203847957.0,27267951.0
0.2145,4020,0.6708,0.1117,0.6614,203851920.0,27267951.0
0.2145,4021,0.6709,0.1119,0.6606,203851920.0,27288782.0
0.2146,4022,0.6711,0.1119,0.6606,203851920.0,27288782.0
0.2146,4023,0.6713,0.1119,0.6606,203865856.0,27288782.0
0.2148,4024,0.6715,0.1118,0.6606,203997961.0,27288782.0
0.2149,4025,0.6716,0.1118,0.6606,204006808.0,27288782.0
0.215,4026,0.6718,0.1118,0.6606,204007198.0,27288782.0
0.2152,4027,0.672,0.112,0.6599,204007198.0,27288782.0
0.2152,4028,0.6721,0.112,0.6599,204007198.0,27288782.0
0.2154,4029,0.6723,0.1119,0.6599,204303547.0,27288782.0
0.2155,4030,0.6725,0.1119,0.6599,204329348.0,27288782.0
0.2156,4031,0.6726,0.1119,0.6599,204329348.0,27288782.0
0.2156,4032,0.6728,0.1119,0.6599,204381245.0,27288782.0
0.216,4033,0.673,0.1118,0.6599,204381245.0,27288782.0
0.2161,4034,0.6731,0.112,0.6591,204381245.0,27337263.0
0.2161,4035,0.6733,0.112,0.6591,204402066.0,27337263.0
0.2161,4036,0.6735,0.1122,0.6584,204402066.0,27415678.0
0.2161,4037,0.6736,0.1122,0.6584,204434592.0,27415678.0
0.2162,4038,0.6738,0.1124,0.6576,204434592.0,27443442.0
0.2163,4039,0.674,0.1127,0.6569,204434592.0,27494121.0
0.2164,4040,0.6741,0.1126,0.6569,204500524.0,27494121.0
0.2166,4041,0.6743,0.1128,0.6561,204500524.0,27588349.0
0.2168,4042,0.6745,0.1128,0.6561,204861070.0,27588349.0
0.2169,4043,0.6746,0.1128,0.6561,204872519.0,27588349.0
0.2169,4044,0.6748,0.1128,0.6561,204906941.0,27588349.0
0.2169,4045,0.675,0.1127,0.6561,205017698.0,27588349.0
0.217,4046,0.6751,0.1127,0.6561,205019028.0,27588349.0
0.2171,4047,0.6753,0.1127,0.6561,205078987.0,27588349.0
0.2172,4048,0.6755,0.1126,0.6561,205078987.0,27588349.0
0.2172,4049,0.6756,0.1126,0.6561,205078987.0,27588349.0
0.2173,4050,0.6758,0.1126,0.6561,205142355.0,27588349.0
0.2175,4051,0.676,0.1126,0.6561,205207897.0,27588349.0
0.2177,4052,0.6761,0.1125,0.6561,205256623.0,27588349.0
0.2178,4053,0.6763,0.1128,0.6554,205256623.0,27896710.0
0.2178,4054,0.6765,0.1127,0.6554,205257674.0,27896710.0
0.2178,4055,0.6766,0.1127,0.6554,205535558.0,27896710.0
0.2178,4056,0.6768,0.1127,0.6554,205535988.0,27896710.0
0.2178,4057,0.677,0.1126,0.6554,205535988.0,27896710.0
0.2182,4058,0.6771,0.1126,0.6554,205535988.0,27896710.0
0.2185,4059,0.6773,0.1126,0.6554,205545100.0,27896710.0
0.2185,4060,0.6775,0.1126,0.6554,205815348.0,27896710.0
0.2185,4061,0.6776,0.1125,0.6554,205815348.0,27896710.0
0.2185,4062,0.6778,0.1125,0.6554,205829126.0,27896710.0
0.2186,4063,0.678,0.1125,0.6554,205847561.0,27896710.0
0.2187,4064,0.6781,0.1125,0.6554,205875699.0,27896710.0
0.2188,4065,0.6783,0.1124,0.6554,206304868.0,27896710.0
0.2189,4066,0.6785,0.1124,0.6554,206340100.0,27896710.0
0.2189,4067,0.6786,0.1124,0.6554,206340496.0,27896710.0
0.219,4068,0.6788,0.1123,0.6554,206340791.0,27896710.0
0.2191,4069,0.679,0.1123,0.6554,206343737.0,27896710.0
0.2195,4070,0.6791,0.1123,0.6554,206375943.0,27896710.0
0.2195,4071,0.6793,0.1123,0.6554,206411681.0,27896710.0
0.2197,4072,0.6795,0.1125,0.6546,206411681.0,27944115.0
0.2197,4073,0.6796,0.1124,0.6546,206495852.0,27944115.0
0.2197,4074,0.6798,0.1124,0.6546,206495852.0,27944115.0
0.2198,4075,0.68,0.1124,0.6546,206608188.0,27944115.0
0.2199,4076,0.6801,0.1124,0.6546,206657266.0,27944115.0
0.2202,4077,0.6803,0.1123,0.6546,206721791.0,27944115.0
0.2204,4078,0.6805,0.1123,0.6546,206722365.0,27944115.0
0.2205,4079,0.6806,0.1123,0.6546,206783352.0,27944115.0
0.2206,4080,0.6808,0.1125,0.6538,206783352.0,27958773.0
0.2208,4081,0.681,0.1125,0.6538,206784121.0,27958773.0
0.2209,4082,0.6811,0.1127,0.6531,206784121.0,27959484.0
0.2209,4083,0.6813,0.1127,0.6531,206784979.0,27959484.0
0.221,4084,0.6815,0.1126,0.6531,206785369.0,27959484.0
0.2214,4085,0.6816,0.1126,0.6531,206801351.0,27959484.0
0.2214,4086,0.6818,0.1126,0.6531,206810217.0,27959484.0
0.2215,4087,0.682,0.1126,0.6531,206810633.0,27959484.0
0.2216,4088,0.6821,0.1128,0.6523,206810633.0,27961964.0
0.2216,4089,0.6823,0.1127,0.6523,206810633.0,27961964.0
0.2217,4090,0.6825,0.113,0.6516,206810633.0,27963464.0
0.2219,4091,0.6826,0.1129,0.6516,206912925.0,27963464.0
0.222,4092,0.6828,0.1131,0.6508,206912925.0,28064427.0
0.2221,4093,0.683,0.1131,0.6508,206944559.0,28064427.0
0.2221,4094,0.6831,0.1131,0.6508,206944559.0,28064427.0
0.2222,4095,0.6833,0.1131,0.6508,206965411.0,28064427.0
0.2223,4096,0.6835,0.113,0.6508,206976736.0,28064427.0
0.2223,4097,0.6836,0.113,0.6508,206976736.0,28064427.0
0.2225,4098,0.6838,0.113,0.6508,207000806.0,28064427.0
0.2226,4099,0.684,0.113,0.6508,207000806.0,28064427.0
0.2228,4100,0.6841,0.1132,0.6501,207000806.0,28248227.0
0.2228,4101,0.6843,0.1134,0.6493,207000806.0,28248741.0
0.2229,4102,0.6845,0.1134,0.6493,207121096.0,28248741.0
0.223,4103,0.6846,0.1133,0.6493,207122392.0,28248741.0
0.2231,4104,0.6848,0.1133,0.6493,207122392.0,28248741.0
0.2231,4105,0.685,0.1133,0.6493,207133548.0,28248741.0
0.2232,4106,0.6851,0.1132,0.6493,207142593.0,28248741.0
0.2233,4107,0.6853,0.1132,0.6493,207151752.0,28248741.0
0.2236,4108,0.6855,0.1134,0.6486,207151752.0,28249412.0
0.2236,4109,0.6856,0.1134,0.6486,207191468.0,28249412.0
0.2237,4110,0.6858,0.1136,0.6478,207191468.0,28250188.0
0.2238,4111,0.686,0.1138,0.6471,207191468.0,28267291.0
0.2238,4112,0.6861,0.1138,0.6471,207191867.0,28267291.0
0.2241,4113,0.6863,0.1138,0.6471,207192183.0,28267291.0
0.2241,4114,0.6865,0.1138,0.6471,207210824.0,28267291.0
0.2241,4115,0.6866,0.114,0.6463,207210824.0,28283726.0
0.2245,4116,0.6868,0.1139,0.6463,207324071.0,28283726.0
0.2245,4117,0.687,0.1142,0.6456,207324071.0,28292386.0
0.2248,4118,0.6871,0.1144,0.6448,207324071.0,28526023.0
0.2248,4119,0.6873,0.1143,0.6448,207344329.0,28526023.0
0.2251,4120,0.6875,0.1143,0.6448,207346318.0,28526023.0
0.2251,4121,0.6876,0.1143,0.6448,207354601.0,28526023.0
0.2252,4122,0.6878,0.1143,0.6448,207354981.0,28526023.0
0.2253,4123,0.688,0.1145,0.644,207354981.0,28664924.0
0.2253,4124,0.6881,0.1145,0.644,207362995.0,28664924.0
0.2255,4125,0.6883,0.1147,0.6433,207362995.0,28673033.0
0.2256,4126,0.6885,0.1146,0.6433,207363319.0,28673033.0
0.2256,4127,0.6886,0.1149,0.6425,207363319.0,28734795.0
0.2257,4128,0.6888,0.1148,0.6425,207586530.0,28734795.0
0.2258,4129,0.689,0.1148,0.6425,207601959.0,28734795.0
0.2258,4130,0.6891,0.115,0.6418,207601959.0,28770809.0
0.226,4131,0.6893,0.1152,0.641,207601959.0,28770809.0
0.2261,4132,0.6895,0.1152,0.641,207615564.0,28770809.0
0.2263,4133,0.6896,0.1152,0.641,207615564.0,28770809.0
0.2264,4134,0.6898,0.1154,0.6403,207615564.0,28807891.0
0.2264,4135,0.69,0.1154,0.6403,207616344.0,28807891.0
0.2264,4136,0.6901,0.1153,0.6403,207635344.0,28807891.0
0.2265,4137,0.6903,0.1155,0.6395,207635344.0,28824512.0
0.2266,4138,0.6905,0.1155,0.6395,207635344.0,28824512.0
0.2266,4139,0.6906,0.1155,0.6395,207664379.0,28824512.0
0.2269,4140,0.6908,0.1155,0.6395,207665264.0,28824512.0
0.2271,4141,0.691,0.1157,0.6388,207665264.0,29130335.0
0.2271,4142,0.6911,0.1156,0.6388,207665485.0,29130335.0
0.2272,4143,0.6913,0.1156,0.6388,207665485.0,29130335.0
0.2276,4144,0.6915,0.1156,0.6388,207665485.0,29130335.0
0.2277,4145,0.6916,0.1156,0.6388,207681392.0,29130335.0
0.2277,4146,0.6918,0.1155,0.6388,207690493.0,29130335.0
0.2278,4147,0.692,0.1155,0.6388,207690493.0,29130335.0
0.2281,4148,0.6921,0.1155,0.6388,207691738.0,29130335.0
0.2283,4149,0.6923,0.1154,0.6388,207726355.0,29130335.0
0.2284,4150,0.6925,0.1154,0.6388,207726355.0,29130335.0
0.2285,4151,0.6926,0.1154,0.6388,207726355.0,29130335.0
0.2287,4152,0.6928,0.1156,0.638,207726355.0,29160968.0
0.2287,4153,0.693,0.1158,0.6373,207726355.0,29368096.0
0.2287,4154,0.6931,0.1158,0.6373,207775289.0,29368096.0
0.229,4155,0.6933,0.1158,0.6373,207835539.0,29368096.0
0.2293,4156,0.6935,0.116,0.6365,207835539.0,29368915.0
0.2294,4157,0.6936,0.1159,0.6365,207883529.0,29368915.0
0.2294,4158,0.6938,0.1159,0.6365,207943529.0,29368915.0
0.2294,4159,0.694,0.1159,0.6365,207943529.0,29368915.0
0.2299,4160,0.6941,0.1161,0.6357,207943529.0,29619623.0
0.23,4161,0.6943,0.1161,0.6357,208016459.0,29619623.0
0.2306,4162,0.6945,0.116,0.6357,208044201.0,29619623.0
0.2307,4163,0.6946,0.116,0.6357,208213059.0,29619623.0
0.2307,4164,0.6948,0.116,0.6357,208264205.0,29619623.0
0.2316,4165,0.695,0.116,0.6357,208264375.0,29619623.0
0.2317,4166,0.6951,0.1162,0.635,208264375.0,29619623.0
0.2321,4167,0.6953,0.1162,0.635,208267160.0,29619623.0
0.2322,4168,0.6955,0.1161,0.635,208267160.0,29619623.0
0.2322,4169,0.6956,0.1161,0.635,208270321.0,29619623.0
0.2325,4170,0.6958,0.1161,0.635,208275674.0,29619623.0
0.2325,4171,0.696,0.116,0.635,208352785.0,29619623.0
0.2326,4172,0.6961,0.1163,0.6342,208352785.0,29686070.0
0.2328,4173,0.6963,0.1162,0.6342,208411085.0,29686070.0
0.2329,4174,0.6965,0.1162,0.6342,208451817.0,29686070.0
0.2329,4175,0.6966,0.1164,0.6335,208451817.0,29714986.0
0.233,4176,0.6968,0.1164,0.6335,208468989.0,29714986.0
0.2331,4177,0.697,0.1164,0.6335,208468989.0,29714986.0
0.2333,4178,0.6971,0.1163,0.6335,208479389.0,29714986.0
0.2334,4179,0.6973,0.1163,0.6335,208480015.0,29714986.0
0.2335,4180,0.6975,0.1163,0.6335,208480214.0,29714986.0
0.2335,4181,0.6976,0.1162,0.6335,208483854.0,29714986.0
0.2335,4182,0.6978,0.1162,0.6335,208483854.0,29714986.0
0.2335,4183,0.698,0.1164,0.6327,208483854.0,29734791.0
0.2336,4184,0.6981,0.1166,0.632,208483854.0,29738466.0
0.2336,4185,0.6983,0.1166,0.632,208933644.0,29738466.0
0.2337,4186,0.6985,0.1166,0.632,208934484.0,29738466.0
0.2339,4187,0.6986,0.1166,0.632,209174878.0,29738466.0
0.2339,4188,0.6988,0.1165,0.632,209181808.0,29738466.0
0.234,4189,0.699,0.1165,0.632,209183079.0,29738466.0
0.2341,4190,0.6991,0.1165,0.632,209195316.0,29738466.0
0.2344,4191,0.6993,0.1164,0.632,209245844.0,29738466.0
0.2346,4192,0.6995,0.1164,0.632,209252344.0,29738466.0
0.235,4193,0.6996,0.1164,0.632,209252344.0,29738466.0
0.2351,4194,0.6998,0.1166,0.6312,209252344.0,29739727.0
0.2351,4195,0.7,0.1166,0.6312,209253124.0,29739727.0
0.2356,4196,0.7002,0.1165,0.6312,209401358.0,29739727.0
0.2358,4197,0.7003,0.1168,0.6305,209401358.0,29777378.0
0.236,4198,0.7005,0.1167,0.6305,209406341.0,29777378.0
0.2361,4199,0.7007,0.1167,0.6305,209441992.0,29777378.0
0.2363,4200,0.7008,0.1169,0.6297,209441992.0,29782964.0
0.2364,4201,0.701,0.1169,0.6297,209444100.0,29782964.0
0.2366,4202,0.7012,0.1168,0.6297,209450094.0,29782964.0
0.2368,4203,0.7013,0.1168,0.6297,209450481.0,29782964.0
0.237,4204,0.7015,0.1168,0.6297,209571499.0,29782964.0
0.2371,4205,0.7017,0.1168,0.6297,209571825.0,29782964.0
0.2372,4206,0.7018,0.117,0.629,209571825.0,29782964.0
0.2373,4207,0.702,0.1169,0.629,209571825.0,29782964.0
0.2374,4208,0.7022,0.1169,0.629,209571825.0,29782964.0
0.2378,4209,0.7023,0.1171,0.6282,209571825.0,29783380.0
0.2378,4210,0.7025,0.1171,0.6282,209579013.0,29783380.0
0.2378,4211,0.7027,0.1171,0.6282,209579403.0,29783380.0
0.2379,4212,0.7028,0.117,0.6282,209579403.0,29783380.0
0.2379,4213,0.703,0.117,0.6282,209579879.0,29783380.0
0.238,4214,0.7032,0.117,0.6282,209579979.0,29783380.0
0.238,4215,0.7033,0.117,0.6282,209579979.0,29783380.0
0.2381,4216,0.7035,0.1169,0.6282,209588113.0,29783380.0
0.2382,4217,0.7037,0.1169,0.6282,209588503.0,29783380.0
0.2382,4218,0.7038,0.1169,0.6282,209589279.0,29783380.0
0.2383,4219,0.704,0.1169,0.6282,209616124.0,29783380.0
0.2383,4220,0.7042,0.1171,0.6275,209616124.0,29847874.0
0.2383,4221,0.7043,0.1173,0.6267,209616124.0,29847874.0
0.2384,4222,0.7045,0.1172,0.6267,209616124.0,29847874.0
0.2385,4223,0.7047,0.1175,0.6259,209616124.0,29848206.0
0.2386,4224,0.7048,0.1174,0.6259,209616625.0,29848206.0
0.2386,4225,0.705,0.1174,0.6259,209617229.0,29848206.0
0.2387,4226,0.7052,0.1174,0.6259,209617229.0,29848206.0
0.2388,4227,0.7053,0.1173,0.6259,209623295.0,29848206.0
0.2388,4228,0.7055,0.1173,0.6259,209690054.0,29848206.0
0.2389,4229,0.7057,0.1173,0.6259,209690054.0,29848206.0
0.2392,4230,0.7058,0.1173,0.6259,209710783.0,29848206.0
0.2394,4231,0.706,0.1172,0.6259,209711059.0,29848206.0
0.2395,4232,0.7062,0.1172,0.6259,209711059.0,29848206.0
0.2395,4233,0.7063,0.1174,0.6252,209711059.0,29865150.0
0.2396,4234,0.7065,0.1176,0.6244,209711059.0,29865546.0
0.2398,4235,0.7067,0.1176,0.6244,209764172.0,29865546.0
0.2398,4236,0.7068,0.1178,0.6237,209764172.0,29873432.0
0.2398,4237,0.707,0.118,0.6229,209764172.0,29900014.0
0.2401,4238,0.7072,0.118,0.6229,209764172.0,29900014.0
0.2401,4239,0.7073,0.118,0.6229,209764562.0,29900014.0
0.2404,4240,0.7075,0.1182,0.6222,209764562.0,30329406.0
0.2406,4241,0.7077,0.1181,0.6222,209778686.0,30329406.0
0.2409,4242,0.7078,0.1183,0.6214,209778686.0,30344228.0
0.2411,4243,0.708,0.1183,0.6214,209781078.0,30344228.0
0.2412,4244,0.7082,0.1183,0.6214,209783438.0,30344228.0
0.2412,4245,0.7083,0.1183,0.6214,209783438.0,30344228.0
0.2413,4246,0.7085,0.1185,0.6207,209783438.0,30345547.0
0.2414,4247,0.7087,0.1184,0.6207,209783438.0,30345547.0
0.2417,4248,0.7088,0.1184,0.6207,209783438.0,30345547.0
0.242,4249,0.709,0.1186,0.6199,209783438.0,30345547.0
0.242,4250,0.7092,0.1186,0.6199,209783626.0,30345547.0
0.2422,4251,0.7093,0.1186,0.6199,209834702.0,30345547.0
0.2423,4252,0.7095,0.1185,0.6199,209835092.0,30345547.0
0.2426,4253,0.7097,0.1185,0.6199,209835092.0,30345547.0
0.2427,4254,0.7098,0.1185,0.6199,209835092.0,30345547.0
0.2427,4255,0.71,0.1184,0.6199,209844426.0,30345547.0
0.2429,4256,0.7102,0.1184,0.6199,209849102.0,30345547.0
0.2431,4257,0.7103,0.1184,0.6199,209944412.0,30345547.0
0.2435,4258,0.7105,0.1186,0.6192,209944412.0,30425505.0
0.2436,4259,0.7107,0.1186,0.6192,210003256.0,30425505.0
0.2437,4260,0.7108,0.1185,0.6192,210030540.0,30425505.0
0.2437,4261,0.711,0.1185,0.6192,210031658.0,30425505.0
0.2437,4262,0.7112,0.1187,0.6184,210031658.0,30425505.0
0.2438,4263,0.7113,0.1187,0.6184,210079036.0,30425505.0
0.2441,4264,0.7115,0.1187,0.6184,210079036.0,30425505.0
0.2443,4265,0.7117,0.1186,0.6184,210181524.0,30425505.0
0.2444,4266,0.7118,0.1186,0.6184,210182152.0,30425505.0
0.2447,4267,0.712,0.1186,0.6184,210182451.0,30425505.0
0.245,4268,0.7122,0.1186,0.6184,210219454.0,30425505.0
0.2452,4269,0.7123,0.1185,0.6184,210431262.0,30425505.0
0.2453,4270,0.7125,0.1185,0.6184,210433762.0,30425505.0
0.2453,4271,0.7127,0.1185,0.6184,210476153.0,30425505.0
0.2454,4272,0.7128,0.1184,0.6184,210503915.0,30425505.0
0.2454,4273,0.713,0.1184,0.6184,210503915.0,30425505.0
0.2458,4274,0.7132,0.1186,0.6176,210503915.0,30436055.0
0.2458,4275,0.7133,0.1186,0.6176,210531016.0,30436055.0
0.2459,4276,0.7135,0.1186,0.6176,210531209.0,30436055.0
0.2459,4277,0.7137,0.1185,0.6176,210531535.0,30436055.0
0.246,4278,0.7138,0.1185,0.6176,210531785.0,30436055.0
0.2464,4279,0.714,0.1185,0.6176,210534697.0,30436055.0
0.2465,4280,0.7142,0.1185,0.6176,210534697.0,30436055.0
0.2465,4281,0.7143,0.1184,0.6176,210534885.0,30436055.0
0.2466,4282,0.7145,0.1184,0.6176,210557364.0,30436055.0
0.2466,4283,0.7147,0.1184,0.6176,210711193.0,30436055.0
0.2472,4284,0.7148,0.1186,0.6169,210711193.0,30438866.0
0.2472,4285,0.715,0.1188,0.6161,210711193.0,30438866.0
0.2479,4286,0.7152,0.1188,0.6161,210759990.0,30438866.0
0.2481,4287,0.7153,0.1187,0.6161,210766067.0,30438866.0
0.2481,4288,0.7155,0.1187,0.6161,210766067.0,30438866.0
0.2482,4289,0.7157,0.1187,0.6161,210778345.0,30438866.0
0.2483,4290,0.7158,0.1186,0.6161,210833742.0,30438866.0
0.2485,4291,0.716,0.1186,0.6161,210833742.0,30438866.0
0.2486,4292,0.7162,0.1188,0.6154,210833742.0,30467384.0
0.2486,4293,0.7163,0.1188,0.6154,210834131.0,30467384.0
0.2486,4294,0.7165,0.1188,0.6154,210859212.0,30467384.0
0.2487,4295,0.7167,0.1187,0.6154,210882521.0,30467384.0
0.2489,4296,0.7168,0.1187,0.6154,210963202.0,30467384.0
0.249,4297,0.717,0.1187,0.6154,210963202.0,30467384.0
0.2492,4298,0.7172,0.1187,0.6154,210963780.0,30467384.0
0.2494,4299,0.7173,0.1186,0.6154,210991770.0,30467384.0
0.2495,4300,0.7175,0.1186,0.6154,210993925.0,30467384.0
0.2495,4301,0.7177,0.1186,0.6154,210994085.0,30467384.0
0.2496,4302,0.7178,0.1185,0.6154,211031625.0,30467384.0
0.2497,4303,0.718,0.1185,0.6154,211031625.0,30467384.0
0.2497,4304,0.7182,0.1185,0.6154,211032125.0,30467384.0
0.2499,4305,0.7183,0.1187,0.6146,211032125.0,30472151.0
0.2499,4306,0.7185,0.1187,0.6146,211032125.0,30472151.0
0.2501,4307,0.7187,0.1189,0.6139,211032125.0,30484325.0
0.2501,4308,0.7188,0.1188,0.6139,211033121.0,30484325.0
0.2505,4309,0.719,0.1188,0.6139,211033121.0,30484325.0
0.2506,4310,0.7192,0.1188,0.6139,211052750.0,30484325.0
0.2509,4311,0.7193,0.1188,0.6139,211135141.0,30484325.0
0.2509,4312,0.7195,0.1187,0.6139,211135531.0,30484325.0
0.2511,4313,0.7197,0.1187,0.6139,211135531.0,30484325.0
0.2515,4314,0.7198,0.1187,0.6139,211136806.0,30484325.0
0.2515,4315,0.72,0.1187,0.6139,211208001.0,30484325.0
0.2516,4316,0.7202,0.1186,0.6139,211208224.0,30484325.0
0.252,4317,0.7203,0.1186,0.6139,211208550.0,30484325.0
0.252,4318,0.7205,0.1186,0.6139,211208550.0,30484325.0
0.2521,4319,0.7207,0.1185,0.6139,211208550.0,30484325.0
0.2523,4320,0.7208,0.1185,0.6139,211208946.0,30484325.0
0.2524,4321,0.721,0.1185,0.6139,211714074.0,30484325.0
0.2525,4322,0.7212,0.1185,0.6139,211714074.0,30484325.0
0.2526,4323,0.7213,0.1184,0.6139,211714182.0,30484325.0
0.2526,4324,0.7215,0.1184,0.6139,211717667.0,30484325.0
0.2527,4325,0.7217,0.1184,0.6139,211717667.0,30484325.0
0.2527,4326,0.7218,0.1184,0.6139,211718353.0,30484325.0
0.2528,4327,0.722,0.1183,0.6139,211718353.0,30484325.0
0.2529,4328,0.7222,0.1185,0.6131,211718353.0,30492280.0
0.2529,4329,0.7223,0.1187,0.6124,211718353.0,30492280.0
0.2532,4330,0.7225,0.1187,0.6124,211718644.0,30492280.0
0.2533,4331,0.7227,0.1189,0.6116,211718644.0,30531372.0
0.2533,4332,0.7228,0.1191,0.6109,211718644.0,30531372.0
0.2534,4333,0.723,0.1193,0.6101,211718644.0,30531372.0
0.2534,4334,0.7232,0.1193,0.6101,211718644.0,30531372.0
0.2534,4335,0.7233,0.1193,0.6101,211718644.0,30531372.0
0.2535,4336,0.7235,0.1192,0.6101,211720224.0,30531372.0
0.2536,4337,0.7237,0.1192,0.6101,211746762.0,30531372.0
0.2536,4338,0.7238,0.1192,0.6101,211746762.0,30531372.0
0.2536,4339,0.724,0.1194,0.6094,211746762.0,30531372.0
0.2538,4340,0.7242,0.1196,0.6086,211746762.0,30552545.0
0.2538,4341,0.7243,0.1196,0.6086,211746762.0,30552545.0
0.2539,4342,0.7245,0.1195,0.6086,211764331.0,30552545.0
0.2541,4343,0.7247,0.1195,0.6086,211768071.0,30552545.0
0.2541,4344,0.7248,0.1195,0.6086,211798589.0,30552545.0
0.2542,4345,0.725,0.1194,0.6086,211798589.0,30552545.0
0.2544,4346,0.7252,0.1197,0.6078,211798589.0,30598784.0
0.2545,4347,0.7253,0.1199,0.6071,211798589.0,30600533.0
0.2547,4348,0.7255,0.1198,0.6071,211799221.0,30600533.0
0.2548,4349,0.7257,0.1198,0.6071,211799221.0,30600533.0
0.2548,4350,0.7258,0.1198,0.6071,211799718.0,30600533.0
0.255,4351,0.726,0.12,0.6063,211799718.0,30600533.0
0.255,4352,0.7262,0.1199,0.6063,211807870.0,30600533.0
0.255,4353,0.7263,0.1199,0.6063,212014300.0,30600533.0
0.2557,4354,0.7265,0.1199,0.6063,212014300.0,30600533.0
0.256,4355,0.7267,0.1199,0.6063,212064018.0,30600533.0
0.256,4356,0.7268,0.1198,0.6063,212082118.0,30600533.0
0.256,4357,0.727,0.12,0.6056,212082118.0,30604557.0
0.2561,4358,0.7272,0.12,0.6056,212083270.0,30604557.0
0.2562,4359,0.7273,0.12,0.6056,212202962.0,30604557.0
0.2563,4360,0.7275,0.12,0.6056,212343895.0,30604557.0
0.2571,4361,0.7277,0.1199,0.6056,212344211.0,30604557.0
0.2571,4362,0.7278,0.1201,0.6048,212344211.0,30604557.0
0.2573,4363,0.728,0.1203,0.6041,212344211.0,30604557.0
0.2576,4364,0.7282,0.1203,0.6041,212344651.0,30604557.0
0.2578,4365,0.7283,0.1203,0.6041,212430086.0,30604557.0
0.2579,4366,0.7285,0.1202,0.6041,212430086.0,30604557.0
0.258,4367,0.7287,0.1202,0.6041,212430476.0,30604557.0
0.2584,4368,0.7289,0.1202,0.6041,212430476.0,30604557.0
0.2585,4369,0.729,0.1204,0.6033,212430476.0,30640233.0
0.2585,4370,0.7292,0.1204,0.6033,212434817.0,30640233.0
0.2588,4371,0.7294,0.1206,0.6026,212434817.0,30805870.0
0.2588,4372,0.7295,0.1208,0.6018,212434817.0,30811303.0
0.2588,4373,0.7297,0.1207,0.6018,212434817.0,30811303.0
0.2591,4374,0.7299,0.1209,0.6011,212434817.0,30811303.0
0.2591,4375,0.73,0.1211,0.6003,212434817.0,30854170.0
0.2592,4376,0.7302,0.1211,0.6003,212434817.0,30854170.0
0.2592,4377,0.7304,0.1213,0.5995,212434817.0,30854586.0
0.2593,4378,0.7305,0.1213,0.5995,212437763.0,30854586.0
0.2595,4379,0.7307,0.1213,0.5995,212488095.0,30854586.0
0.2595,4380,0.7309,0.1212,0.5995,212488875.0,30854586.0
0.2596,4381,0.731,0.1212,0.5995,212491821.0,30854586.0
0.2598,4382,0.7312,0.1212,0.5995,212520343.0,30854586.0
0.2598,4383,0.7314,0.1211,0.5995,212533772.0,30854586.0
0.2599,4384,0.7315,0.1211,0.5995,212550986.0,30854586.0
0.2604,4385,0.7317,0.1211,0.5995,212553508.0,30854586.0
0.2609,4386,0.7319,0.1211,0.5995,212578664.0,30854586.0
0.2609,4387,0.732,0.121,0.5995,212581053.0,30854586.0
0.2612,4388,0.7322,0.121,0.5995,212581053.0,30854586.0
0.2613,4389,0.7324,0.1212,0.5988,212581053.0,30858479.0
0.2613,4390,0.7325,0.1212,0.5988,212590835.0,30858479.0
0.2616,4391,0.7327,0.1212,0.5988,212590835.0,30858479.0
0.2617,4392,0.7329,0.1211,0.5988,212610286.0,30858479.0
0.2617,4393,0.733,0.1211,0.5988,212610286.0,30858479.0
0.2617,4394,0.7332,0.1211,0.5988,212610286.0,30858479.0
0.2618,4395,0.7334,0.121,0.5988,212610286.0,30858479.0
0.2619,4396,0.7335,0.1212,0.598,212610286.0,30858479.0
0.2622,4397,0.7337,0.1212,0.598,212613114.0,30858479.0
0.2624,4398,0.7339,0.1212,0.598,212620532.0,30858479.0
0.2625,4399,0.734,0.1212,0.598,212637267.0,30858479.0
0.2625,4400,0.7342,0.1214,0.5973,212637267.0,30858479.0
0.2625,4401,0.7344,0.1213,0.5973,212661612.0,30858479.0
0.2625,4402,0.7345,0.1213,0.5973,212661612.0,30858479.0
0.2626,4403,0.7347,0.1215,0.5965,212661612.0,30858479.0
0.2629,4404,0.7349,0.1215,0.5965,212663055.0,30858479.0
0.2634,4405,0.735,0.1215,0.5965,212663055.0,30858479.0
0.2635,4406,0.7352,0.1214,0.5965,212746886.0,30858479.0
0.2636,4407,0.7354,0.1214,0.5965,212792315.0,30858479.0
0.2637,4408,0.7355,0.1214,0.5965,212854100.0,30858479.0
0.2637,4409,0.7357,0.1213,0.5965,212855696.0,30858479.0
0.264,4410,0.7359,0.1213,0.5965,212856076.0,30858479.0
0.2643,4411,0.736,0.1213,0.5965,212862753.0,30858479.0
0.2643,4412,0.7362,0.1213,0.5965,212864226.0,30858479.0
0.2643,4413,0.7364,0.1215,0.5958,212864226.0,30858479.0
0.2648,4414,0.7365,0.1214,0.5958,212864226.0,30858479.0
0.2649,4415,0.7367,0.1214,0.5958,212864616.0,30858479.0
0.2649,4416,0.7369,0.1214,0.5958,212865877.0,30858479.0
0.2651,4417,0.737,0.1216,0.595,212865877.0,30858479.0
0.2654,4418,0.7372,0.1215,0.595,212867355.0,30858479.0
0.2658,4419,0.7374,0.1215,0.595,212885958.0,30858479.0
0.2658,4420,0.7375,0.1215,0.595,212885958.0,30858479.0
0.2659,4421,0.7377,0.1217,0.5943,212885958.0,30860483.0
0.2659,4422,0.7379,0.1219,0.5935,212885958.0,30860808.0
0.2659,4423,0.738,0.1219,0.5935,212915188.0,30860808.0
0.2659,4424,0.7382,0.1221,0.5928,212915188.0,30860808.0
0.266,4425,0.7384,0.122,0.5928,212915188.0,30860808.0
0.266,4426,0.7385,0.122,0.5928,212915604.0,30860808.0
0.2661,4427,0.7387,0.1222,0.592,212915604.0,30873529.0
0.2662,4428,0.7389,0.1222,0.592,212915604.0,30873529.0
0.2662,4429,0.739,0.1221,0.592,213057647.0,30873529.0
0.2663,4430,0.7392,0.1221,0.592,213352122.0,30873529.0
0.2665,4431,0.7394,0.1223,0.5913,213352122.0,30873529.0
0.2667,4432,0.7395,0.1225,0.5905,213352122.0,30873529.0
0.2667,4433,0.7397,0.1225,0.5905,213353781.0,30873529.0
0.267,4434,0.7399,0.1227,0.5897,213353781.0,30879081.0
0.267,4435,0.74,0.1227,0.5897,213353781.0,30879081.0
0.2672,4436,0.7402,0.1226,0.5897,213380523.0,30879081.0
0.2673,4437,0.7404,0.1226,0.5897,213411375.0,30879081.0
0.2679,4438,0.7405,0.1226,0.5897,213549046.0,30879081.0
0.268,4439,0.7407,0.1226,0.5897,213549046.0,30879081.0
0.268,4440,0.7409,0.1225,0.5897,213549566.0,30879081.0
0.2682,4441,0.741,0.1225,0.5897,213550358.0,30879081.0
0.2683,4442,0.7412,0.1225,0.5897,213550358.0,30879081.0
0.2685,4443,0.7414,0.1224,0.5897,213559160.0,30879081.0
0.2685,4444,0.7415,0.1224,0.5897,213593244.0,30879081.0
0.2686,4445,0.7417,0.1226,0.589,213593244.0,30886887.0
0.2686,4446,0.7419,0.1228,0.5882,213593244.0,30886887.0
0.2691,4447,0.742,0.1228,0.5882,213593244.0,30886887.0
0.2692,4448,0.7422,0.1228,0.5882,213593378.0,30886887.0
0.2695,4449,0.7424,0.1227,0.5882,213703576.0,30886887.0
0.2696,4450,0.7425,0.1227,0.5882,213703972.0,30886887.0
0.2698,4451,0.7427,0.1227,0.5882,213704227.0,30886887.0
0.2699,4452,0.7429,0.1226,0.5882,213704227.0,30886887.0
0.2699,4453,0.743,0.1226,0.5882,213713860.0,30886887.0
0.27,4454,0.7432,0.1226,0.5882,213729995.0,30886887.0
0.2701,4455,0.7434,0.1226,0.5882,213731151.0,30886887.0
0.2702,4456,0.7435,0.1225,0.5882,213779023.0,30886887.0
0.2703,4457,0.7437,0.1225,0.5882,213779213.0,30886887.0
0.2704,4458,0.7439,0.1227,0.5875,213779213.0,30887010.0
0.2705,4459,0.744,0.1227,0.5875,213779378.0,30887010.0
0.2705,4460,0.7442,0.1226,0.5875,213779378.0,30887010.0
0.2708,4461,0.7444,0.1228,0.5867,213779378.0,30903304.0
0.271,4462,0.7445,0.1228,0.5867,213779378.0,30903304.0
0.271,4463,0.7447,0.1228,0.5867,213785931.0,30903304.0
0.2711,4464,0.7449,0.1228,0.5867,213788772.0,30903304.0
0.2713,4465,0.745,0.1227,0.5867,213819506.0,30903304.0
0.2714,4466,0.7452,0.1227,0.5867,213819822.0,30903304.0
0.2715,4467,0.7454,0.1227,0.5867,213820614.0,30903304.0
0.2717,4468,0.7455,0.1226,0.5867,213828298.0,30903304.0
0.272,4469,0.7457,0.1226,0.5867,213848713.0,30903304.0
0.272,4470,0.7459,0.1228,0.586,213848713.0,30903304.0
0.2722,4471,0.746,0.1228,0.586,214026248.0,30903304.0
0.2723,4472,0.7462,0.1228,0.586,214032409.0,30903304.0
0.2724,4473,0.7464,0.1227,0.586,214038696.0,30903304.0
0.2724,4474,0.7465,0.1229,0.5852,214038696.0,30955045.0
0.2725,4475,0.7467,0.1229,0.5852,214150560.0,30955045.0
0.2725,4476,0.7469,0.1229,0.5852,214185008.0,30955045.0
0.2727,4477,0.747,0.1229,0.5852,214185008.0,30955045.0
0.2727,4478,0.7472,0.1228,0.5852,214192119.0,30955045.0
0.2728,4479,0.7474,0.1228,0.5852,214248820.0,30955045.0
0.273,4480,0.7475,0.1228,0.5852,214306922.0,30955045.0
0.273,4481,0.7477,0.1227,0.5852,214307174.0,30955045.0
0.2731,4482,0.7479,0.1227,0.5852,214307499.0,30955045.0
0.2732,4483,0.748,0.1229,0.5845,214307499.0,30956968.0
0.2737,4484,0.7482,0.1229,0.5845,214307499.0,30956968.0
0.2737,4485,0.7484,0.1231,0.5837,214307499.0,30956968.0
0.2739,4486,0.7485,0.1233,0.583,214307499.0,31017528.0
0.274,4487,0.7487,0.1235,0.5822,214307499.0,31036174.0
0.2741,4488,0.7489,0.1234,0.5822,214308160.0,31036174.0
0.2743,4489,0.749,0.1236,0.5814,214308160.0,31036174.0
0.2744,4490,0.7492,0.1238,0.5807,214308160.0,31048659.0
0.2747,4491,0.7494,0.124,0.5799,214308160.0,31083392.0
0.2749,4492,0.7495,0.124,0.5799,214386832.0,31083392.0
0.2752,4493,0.7497,0.1242,0.5792,214386832.0,31083392.0
0.2753,4494,0.7499,0.1244,0.5784,214386832.0,31083392.0
0.2755,4495,0.75,0.1244,0.5784,214399350.0,31083392.0
0.2756,4496,0.7502,0.1246,0.5777,214399350.0,31083873.0
0.2756,4497,0.7504,0.1247,0.5769,214399350.0,31084199.0
0.2761,4498,0.7505,0.1247,0.5769,214404761.0,31084199.0
0.2763,4499,0.7507,0.1249,0.5762,214404761.0,31084199.0
0.2767,4500,0.7509,0.1251,0.5754,214404761.0,31096387.0
0.2769,4501,0.751,0.1251,0.5754,214407565.0,31096387.0
0.2774,4502,0.7512,0.1251,0.5754,214483960.0,31096387.0
0.2775,4503,0.7514,0.125,0.5754,214487099.0,31096387.0
0.2775,4504,0.7515,0.125,0.5754,214508415.0,31096387.0
0.2776,4505,0.7517,0.125,0.5754,214555043.0,31096387.0
0.2779,4506,0.7519,0.1249,0.5754,214555043.0,31096387.0
0.278,4507,0.752,0.1251,0.5747,214555043.0,31096387.0
0.2781,4508,0.7522,0.1251,0.5747,214555043.0,31096387.0
0.2783,4509,0.7524,0.1253,0.5739,214555043.0,31131291.0
0.2786,4510,0.7525,0.1253,0.5739,214555043.0,31131291.0
0.2788,4511,0.7527,0.1252,0.5739,214561591.0,31131291.0
0.2788,4512,0.7529,0.1252,0.5739,214561591.0,31131291.0
0.279,4513,0.753,0.1252,0.5739,214564790.0,31131291.0
0.2794,4514,0.7532,0.1252,0.5739,214570090.0,31131291.0
0.2794,4515,0.7534,0.1251,0.5739,214570090.0,31131291.0
0.2795,4516,0.7535,0.1251,0.5739,214570189.0,31131291.0
0.2795,4517,0.7537,0.1251,0.5739,214570585.0,31131291.0
0.2796,4518,0.7539,0.1253,0.5732,214570585.0,31131291.0
0.2798,4519,0.754,0.1255,0.5724,214570585.0,31131291.0
0.2799,4520,0.7542,0.1254,0.5724,214576029.0,31131291.0
0.28,4521,0.7544,0.1254,0.5724,214576606.0,31131291.0
0.2803,4522,0.7545,0.1256,0.5716,214576606.0,31131291.0
0.2803,4523,0.7547,0.1256,0.5716,214576996.0,31131291.0
0.2804,4524,0.7549,0.1256,0.5716,214576996.0,31131291.0
0.2806,4525,0.755,0.1255,0.5716,214577375.0,31131291.0
0.2807,4526,0.7552,0.1255,0.5716,214629483.0,31131291.0
0.2807,4527,0.7554,0.1257,0.5709,214629483.0,31137684.0
0.281,4528,0.7555,0.1259,0.5701,214629483.0,31146719.0
0.2811,4529,0.7557,0.1259,0.5701,214629746.0,31146719.0
0.2811,4530,0.7559,0.1258,0.5701,214629984.0,31146719.0
0.2812,4531,0.756,0.1258,0.5701,214797342.0,31146719.0
0.2818,4532,0.7562,0.1258,0.5701,214797342.0,31146719.0
0.2824,4533,0.7564,0.126,0.5694,214797342.0,31151529.0
0.2827,4534,0.7565,0.1259,0.5694,214797668.0,31151529.0
0.2828,4535,0.7567,0.1259,0.5694,214825530.0,31151529.0
0.2832,4536,0.7569,0.1261,0.5686,214825530.0,31152048.0
0.2832,4537,0.757,0.1261,0.5686,214825920.0,31152048.0
0.2835,4538,0.7572,0.126,0.5686,214921719.0,31152048.0
0.2838,4539,0.7574,0.126,0.5686,214927694.0,31152048.0
0.2839,4540,0.7576,0.126,0.5686,214927694.0,31152048.0
0.284,4541,0.7577,0.126,0.5686,214927694.0,31152048.0
0.2841,4542,0.7579,0.1259,0.5686,214943369.0,31152048.0
0.2843,4543,0.7581,0.1259,0.5686,214943708.0,31152048.0
0.2846,4544,0.7582,0.1259,0.5686,215017666.0,31152048.0
0.2846,4545,0.7584,0.1261,0.5679,215017666.0,31176109.0
0.2849,4546,0.7586,0.1263,0.5671,215017666.0,31176889.0
0.2849,4547,0.7587,0.1262,0.5671,215017666.0,31176889.0
0.285,4548,0.7589,0.1262,0.5671,215018179.0,31176889.0
0.2851,4549,0.7591,0.1262,0.5671,215018336.0,31176889.0
0.2851,4550,0.7592,0.1262,0.5671,215028876.0,31176889.0
0.2854,4551,0.7594,0.1261,0.5671,215028876.0,31176889.0
0.2854,4552,0.7596,0.1261,0.5671,215028876.0,31176889.0
0.2855,4553,0.7597,0.1263,0.5664,215028876.0,31176889.0
0.2857,4554,0.7599,0.1265,0.5656,215028876.0,31240033.0
0.2859,4555,0.7601,0.1267,0.5649,215028876.0,31257712.0
0.2861,4556,0.7602,0.1266,0.5649,215117221.0,31257712.0
0.2863,4557,0.7604,0.1268,0.5641,215117221.0,31354902.0
0.2863,4558,0.7606,0.1268,0.5641,215117221.0,31354902.0
0.2868,4559,0.7607,0.1268,0.5641,215122540.0,31354902.0
0.2869,4560,0.7609,0.127,0.5633,215122540.0,31355017.0
0.287,4561,0.7611,0.1269,0.5633,215122540.0,31355017.0
0.287,4562,0.7612,0.1269,0.5633,215129158.0,31355017.0
0.2871,4563,0.7614,0.1269,0.5633,215129158.0,31355017.0
0.2872,4564,0.7616,0.1269,0.5633,215129554.0,31355017.0
0.2874,4565,0.7617,0.1268,0.5633,215298671.0,31355017.0
0.2875,4566,0.7619,0.1268,0.5633,215298671.0,31355017.0
0.2879,4567,0.7621,0.127,0.5626,215298671.0,31356398.0
0.2883,4568,0.7622,0.127,0.5626,215299061.0,31356398.0
0.2884,4569,0.7624,0.1269,0.5626,215723305.0,31356398.0
0.2884,4570,0.7626,0.1271,0.5618,215723305.0,31356398.0
0.2885,4571,0.7627,0.1273,0.5611,215723305.0,31356398.0
0.2888,4572,0.7629,0.1275,0.5603,215723305.0,31356398.0
0.2895,4573,0.7631,0.1275,0.5603,215723305.0,31356398.0
0.2897,4574,0.7632,0.1277,0.5596,215723305.0,31356787.0
0.2897,4575,0.7634,0.1279,0.5588,215723305.0,31374510.0
0.2897,4576,0.7636,0.1278,0.5588,215927148.0,31374510.0
0.2897,4577,0.7637,0.128,0.5581,215927148.0,31374510.0
0.29,4578,0.7639,0.128,0.5581,215937588.0,31374510.0
0.29,4579,0.7641,0.128,0.5581,215937588.0,31374510.0
0.2903,4580,0.7642,0.1282,0.5573,215937588.0,31374510.0
0.2906,4581,0.7644,0.1284,0.5566,215937588.0,31427723.0
0.2906,4582,0.7646,0.1285,0.5558,215937588.0,31427723.0
0.2906,4583,0.7647,0.1285,0.5558,215940299.0,31427723.0
0.2909,4584,0.7649,0.1285,0.5558,215941277.0,31427723.0
0.2911,4585,0.7651,0.1285,0.5558,215944714.0,31427723.0
0.2911,4586,0.7652,0.1287,0.5551,215944714.0,31452145.0
0.2912,4587,0.7654,0.1286,0.5551,215944714.0,31452145.0
0.2914,4588,0.7656,0.1286,0.5551,215960156.0,31452145.0
0.2915,4589,0.7657,0.1286,0.5551,215960420.0,31452145.0
0.2916,4590,0.7659,0.1285,0.5551,215961551.0,31452145.0
0.2922,4591,0.7661,0.1285,0.5551,215961868.0,31452145.0
0.2922,4592,0.7662,0.1287,0.5543,215961868.0,31468114.0
0.2928,4593,0.7664,0.1287,0.5543,215962258.0,31468114.0
0.293,4594,0.7666,0.1286,0.5543,215979240.0,31468114.0
0.2932,4595,0.7667,0.1288,0.5535,215979240.0,31480566.0
0.2934,4596,0.7669,0.1288,0.5535,215996679.0,31480566.0
0.2939,4597,0.7671,0.129,0.5528,215996679.0,31481745.0
0.2939,4598,0.7672,0.129,0.5528,216011692.0,31481745.0
0.294,4599,0.7674,0.1289,0.5528,216011787.0,31481745.0
0.294,4600,0.7676,0.1291,0.552,216011787.0,31482135.0
0.2942,4601,0.7677,0.1293,0.5513,216011787.0,31485235.0
0.2945,4602,0.7679,0.1293,0.5513,216011787.0,31485235.0
0.2947,4603,0.7681,0.1293,0.5513,216011787.0,31485235.0
0.2951,4604,0.7682,0.1295,0.5505,216011787.0,31609468.0
0.2952,4605,0.7684,0.1294,0.5505,216011787.0,31609468.0
0.2955,4606,0.7686,0.1296,0.5498,216011787.0,31609468.0
0.2956,4607,0.7687,0.1296,0.5498,216011787.0,31609468.0
0.2956,4608,0.7689,0.1298,0.549,216011787.0,31610120.0
0.2956,4609,0.7691,0.1297,0.549,216011787.0,31610120.0
0.2957,4610,0.7692,0.1299,0.5483,216011787.0,31610752.0
0.2958,4611,0.7694,0.1301,0.5475,216011787.0,31620680.0
0.2962,4612,0.7696,0.1303,0.5468,216011787.0,31620680.0
0.2966,4613,0.7697,0.1303,0.5468,216011787.0,31620680.0
0.297,4614,0.7699,0.1303,0.5468,216028141.0,31620680.0
0.2971,4615,0.7701,0.1304,0.546,216028141.0,31682760.0
0.2972,4616,0.7702,0.1304,0.546,216035498.0,31682760.0
0.2973,4617,0.7704,0.1304,0.546,216035498.0,31682760.0
0.2974,4618,0.7706,0.1304,0.546,216035498.0,31682760.0
0.2979,4619,0.7707,0.1303,0.546,216042838.0,31682760.0
0.2985,4620,0.7709,0.1305,0.5452,216042838.0,31682760.0
0.2988,4621,0.7711,0.1307,0.5445,216042838.0,31682760.0
0.2988,4622,0.7712,0.1307,0.5445,216049138.0,31682760.0
0.299,4623,0.7714,0.1307,0.5445,216049138.0,31682760.0
0.2992,4624,0.7716,0.1306,0.5445,216050020.0,31682760.0
0.2992,4625,0.7717,0.1306,0.5445,216089486.0,31682760.0
0.2994,4626,0.7719,0.1306,0.5445,216089651.0,31682760.0
0.2994,4627,0.7721,0.1305,0.5445,216089967.0,31682760.0
0.2996,4628,0.7722,0.1307,0.5437,216089967.0,31682760.0
0.2997,4629,0.7724,0.1307,0.5437,216090090.0,31682760.0
0.2998,4630,0.7726,0.1307,0.5437,216101762.0,31682760.0
0.2998,4631,0.7727,0.1309,0.543,216101762.0,31766520.0
0.3,4632,0.7729,0.1308,0.543,216110186.0,31766520.0
0.3006,4633,0.7731,0.131,0.5422,216110186.0,31767462.0
0.3007,4634,0.7732,0.1312,0.5415,216110186.0,31767462.0
0.3009,4635,0.7734,0.1312,0.5415,216137041.0,31767462.0
0.301,4636,0.7736,0.1311,0.5415,216158142.0,31767462.0
0.3012,4637,0.7737,0.1311,0.5415,216158314.0,31767462.0
0.3017,4638,0.7739,0.1311,0.5415,216175376.0,31767462.0
0.3025,4639,0.7741,0.1313,0.5407,216175376.0,31774450.0
0.3027,4640,0.7742,0.1313,0.5407,216186735.0,31774450.0
0.3028,4641,0.7744,0.1314,0.54,216186735.0,31779900.0
0.3028,4642,0.7746,0.1316,0.5392,216186735.0,31780525.0
0.3032,4643,0.7747,0.1318,0.5385,216186735.0,31780941.0
0.3034,4644,0.7749,0.1318,0.5385,216424829.0,31780941.0
0.3035,4645,0.7751,0.1318,0.5385,216425931.0,31780941.0
0.3037,4646,0.7752,0.1317,0.5385,216444841.0,31780941.0
0.3037,4647,0.7754,0.1317,0.5385,216447019.0,31780941.0
0.3038,4648,0.7756,0.1317,0.5385,216447126.0,31780941.0
0.3038,4649,0.7757,0.1316,0.5385,216510780.0,31780941.0
0.3039,4650,0.7759,0.1316,0.5385,216549082.0,31780941.0
0.3042,4651,0.7761,0.1316,0.5385,216564182.0,31780941.0
0.3048,4652,0.7762,0.1318,0.5377,216564182.0,31786655.0
0.305,4653,0.7764,0.132,0.537,216564182.0,31894249.0
0.305,4654,0.7766,0.1319,0.537,216564182.0,31894249.0
0.305,4655,0.7767,0.1319,0.537,216564182.0,31894249.0
0.3051,4656,0.7769,0.1319,0.537,216565016.0,31894249.0
0.306,4657,0.7771,0.1318,0.537,216571843.0,31894249.0
0.3061,4658,0.7772,0.1318,0.537,216585503.0,31894249.0
0.3062,4659,0.7774,0.132,0.5362,216585503.0,31937181.0
0.3068,4660,0.7776,0.132,0.5362,216585503.0,31937181.0
0.3069,4661,0.7777,0.1319,0.5362,216588004.0,31937181.0
0.3077,4662,0.7779,0.1319,0.5362,216816614.0,31937181.0
0.3077,4663,0.7781,0.1319,0.5362,216931670.0,31937181.0
0.308,4664,0.7782,0.1319,0.5362,217146120.0,31937181.0
0.3083,4665,0.7784,0.132,0.5354,217146120.0,31937445.0
0.3084,4666,0.7786,0.1322,0.5347,217146120.0,31937445.0
0.3088,4667,0.7787,0.1324,0.5339,217146120.0,31937835.0
0.309,4668,0.7789,0.1326,0.5332,217146120.0,31947424.0
0.309,4669,0.7791,0.1326,0.5332,217253052.0,31947424.0
0.309,4670,0.7792,0.1325,0.5332,217277687.0,31947424.0
0.3093,4671,0.7794,0.1325,0.5332,217283544.0,31947424.0
0.3095,4672,0.7796,0.1325,0.5332,217285722.0,31947424.0
0.31,4673,0.7797,0.1325,0.5332,217285722.0,31947424.0
0.3103,4674,0.7799,0.1324,0.5332,217285833.0,31947424.0
0.3103,4675,0.7801,0.1324,0.5332,217285833.0,31947424.0
0.3103,4676,0.7802,0.1324,0.5332,217293029.0,31947424.0
0.3104,4677,0.7804,0.1323,0.5332,217345448.0,31947424.0
0.3108,4678,0.7806,0.1323,0.5332,217376055.0,31947424.0
0.3111,4679,0.7807,0.1325,0.5324,217376055.0,32334616.0
0.3111,4680,0.7809,0.1325,0.5324,217376055.0,32334616.0
0.3113,4681,0.7811,0.1325,0.5324,217377555.0,32334616.0
0.3116,4682,0.7812,0.1326,0.5317,217377555.0,32334880.0
0.3117,4683,0.7814,0.1326,0.5317,217390491.0,32334880.0
0.3118,4684,0.7816,0.1326,0.5317,217391041.0,32334880.0
0.3125,4685,0.7817,0.1326,0.5317,217442113.0,32334880.0
0.3128,4686,0.7819,0.1327,0.5309,217442113.0,32418247.0
0.313,4687,0.7821,0.1327,0.5309,217442113.0,32418247.0
0.3131,4688,0.7822,0.1327,0.5309,217700477.0,32418247.0
0.3135,4689,0.7824,0.1327,0.5309,217700477.0,32418247.0
0.3136,4690,0.7826,0.1326,0.5309,217703087.0,32418247.0
0.3138,4691,0.7827,0.1328,0.5302,217703087.0,32418637.0
0.3139,4692,0.7829,0.133,0.5294,217703087.0,32418637.0
0.3143,4693,0.7831,0.133,0.5294,217703087.0,32418637.0
0.3146,4694,0.7832,0.1331,0.5287,217703087.0,32423612.0
0.3146,4695,0.7834,0.1331,0.5287,217704018.0,32423612.0
0.3147,4696,0.7836,0.1331,0.5287,217704421.0,32423612.0
0.3151,4697,0.7837,0.1331,0.5287,217739636.0,32423612.0
0.3154,4698,0.7839,0.133,0.5287,217760003.0,32423612.0
0.3154,4699,0.7841,0.133,0.5287,217915966.0,32423612.0
0.3157,4700,0.7842,0.133,0.5287,217915966.0,32423612.0
0.3158,4701,0.7844,0.1332,0.5279,217915966.0,32782507.0
0.316,4702,0.7846,0.1331,0.5279,217916356.0,32782507.0
0.3166,4703,0.7847,0.1331,0.5279,217916356.0,32782507.0
0.3169,4704,0.7849,0.1331,0.5279,217916356.0,32782507.0
0.317,4705,0.7851,0.133,0.5279,217917596.0,32782507.0
0.317,4706,0.7852,0.133,0.5279,217929289.0,32782507.0
0.3174,4707,0.7854,0.133,0.5279,217929615.0,32782507.0
0.3175,4708,0.7856,0.133,0.5279,217971682.0,32782507.0
0.3179,4709,0.7858,0.1329,0.5279,218030200.0,32782507.0
0.3181,4710,0.7859,0.1329,0.5279,218030200.0,32782507.0
0.3181,4711,0.7861,0.1329,0.5279,218030200.0,32782507.0
0.3192,4712,0.7863,0.1331,0.5271,218030200.0,32834946.0
0.3193,4713,0.7864,0.1332,0.5264,218030200.0,32845940.0
0.3194,4714,0.7866,0.1332,0.5264,218283272.0,32845940.0
0.3197,4715,0.7868,0.1332,0.5264,218283446.0,32845940.0
0.3198,4716,0.7869,0.1334,0.5256,218283446.0,32860435.0
0.3201,4717,0.7871,0.1333,0.5256,218294847.0,32860435.0
0.3214,4718,0.7873,0.1335,0.5249,218294847.0,32890113.0
0.3216,4719,0.7874,0.1337,0.5241,218294847.0,32890949.0
0.3223,4720,0.7876,0.1337,0.5241,218296452.0,32890949.0
0.3224,4721,0.7878,0.1339,0.5234,218296452.0,32890949.0
0.3227,4722,0.7879,0.1338,0.5234,218296768.0,32890949.0
0.3228,4723,0.7881,0.1338,0.5234,218297158.0,32890949.0
0.323,4724,0.7883,0.1338,0.5234,218336926.0,32890949.0
0.3231,4725,0.7884,0.1338,0.5234,218337252.0,32890949.0
0.3236,4726,0.7886,0.1339,0.5226,218337252.0,32890949.0
0.3237,4727,0.7888,0.1339,0.5226,218337252.0,32890949.0
0.3237,4728,0.7889,0.1339,0.5226,218337667.0,32890949.0
0.3237,4729,0.7891,0.1341,0.5219,218337667.0,32962876.0
0.3238,4730,0.7893,0.134,0.5219,218338615.0,32962876.0
0.3246,4731,0.7894,0.1342,0.5211,218338615.0,32963250.0
0.325,4732,0.7896,0.1344,0.5204,218338615.0,32963250.0
0.3259,4733,0.7898,0.1344,0.5204,218339005.0,32963250.0
0.3261,4734,0.7899,0.1343,0.5204,218339005.0,32963250.0
0.3262,4735,0.7901,0.1345,0.5196,218339005.0,32963250.0
0.3262,4736,0.7903,0.1345,0.5196,218386355.0,32963250.0
0.3263,4737,0.7904,0.1345,0.5196,218411702.0,32963250.0
0.3267,4738,0.7906,0.1344,0.5196,218412198.0,32963250.0
0.3268,4739,0.7908,0.1346,0.5189,218412198.0,32971340.0
0.3269,4740,0.7909,0.1346,0.5189,218432777.0,32971340.0
0.3271,4741,0.7911,0.1348,0.5181,218432777.0,33076688.0
0.3274,4742,0.7913,0.1348,0.5181,218432777.0,33076688.0
0.3274,4743,0.7914,0.1347,0.5181,218432777.0,33076688.0
0.3274,4744,0.7916,0.1347,0.5181,218432777.0,33076688.0
0.3275,4745,0.7918,0.1349,0.5173,218432777.0,33076688.0
0.3277,4746,0.7919,0.1349,0.5173,218446612.0,33076688.0
0.3278,4747,0.7921,0.135,0.5166,218446612.0,33109988.0
0.3283,4748,0.7923,0.135,0.5166,218490260.0,33109988.0
0.3285,4749,0.7924,0.135,0.5166,218491750.0,33109988.0
0.3286,4750,0.7926,0.1349,0.5166,218491750.0,33109988.0
0.3286,4751,0.7928,0.1349,0.5166,218583412.0,33109988.0
0.3294,4752,0.7929,0.1349,0.5166,218583802.0,33109988.0
0.3295,4753,0.7931,0.1349,0.5166,218592360.0,33109988.0
0.3296,4754,0.7933,0.1348,0.5166,218601770.0,33109988.0
0.3302,4755,0.7934,0.1348,0.5166,218607243.0,33109988.0
0.3308,4756,0.7936,0.135,0.5158,218607243.0,33109988.0
0.3309,4757,0.7938,0.135,0.5158,218627147.0,33109988.0
0.331,4758,0.7939,0.1349,0.5158,218668615.0,33109988.0
0.331,4759,0.7941,0.1349,0.5158,218669005.0,33109988.0
0.3311,4760,0.7943,0.1349,0.5158,218669395.0,33109988.0
0.3315,4761,0.7944,0.1348,0.5158,218669395.0,33109988.0
0.3315,4762,0.7946,0.1348,0.5158,218676386.0,33109988.0
0.3317,4763,0.7948,0.1348,0.5158,218694485.0,33109988.0
0.3319,4764,0.7949,0.1348,0.5158,218740433.0,33109988.0
0.332,4765,0.7951,0.1347,0.5158,218822832.0,33109988.0
0.333,4766,0.7953,0.1349,0.5151,218822832.0,33137654.0
0.3331,4767,0.7954,0.1351,0.5143,218822832.0,33138927.0
0.3331,4768,0.7956,0.1351,0.5143,219003205.0,33138927.0
0.334,4769,0.7958,0.1352,0.5136,219003205.0,33146454.0
0.3341,4770,0.7959,0.1354,0.5128,219003205.0,33207745.0
0.3343,4771,0.7961,0.1354,0.5128,219207417.0,33207745.0
0.3344,4772,0.7963,0.1354,0.5128,219208161.0,33207745.0
0.3347,4773,0.7964,0.1353,0.5128,219208161.0,33207745.0
0.3347,4774,0.7966,0.1353,0.5128,219208997.0,33207745.0
0.3347,4775,0.7968,0.1353,0.5128,219209408.0,33207745.0
0.3347,4776,0.7969,0.1355,0.5121,219209408.0,33209267.0
0.3354,4777,0.7971,0.1354,0.5121,219268787.0,33209267.0
0.3355,4778,0.7973,0.1354,0.5121,219288001.0,33209267.0
0.3357,4779,0.7974,0.1354,0.5121,219291776.0,33209267.0
0.3361,4780,0.7976,0.1354,0.5121,219291776.0,33209267.0
0.3362,4781,0.7978,0.1353,0.5121,219291776.0,33209267.0
0.3363,4782,0.7979,0.1355,0.5113,219291776.0,33290134.0
0.337,4783,0.7981,0.1357,0.5106,219291776.0,33290312.0
0.3373,4784,0.7983,0.1357,0.5106,219291776.0,33290312.0
0.3373,4785,0.7984,0.1356,0.5106,219291776.0,33290312.0
0.3374,4786,0.7986,0.1358,0.5098,219291776.0,33350500.0
0.3376,4787,0.7988,0.1358,0.5098,219291776.0,33350500.0
0.3377,4788,0.7989,0.1358,0.5098,219291776.0,33350500.0
0.3381,4789,0.7991,0.1359,0.509,219291776.0,33350816.0
0.3386,4790,0.7993,0.1359,0.509,219292166.0,33350816.0
0.3386,4791,0.7994,0.1361,0.5083,219292166.0,33350816.0
0.3389,4792,0.7996,0.1363,0.5075,219292166.0,33351000.0
0.3389,4793,0.7998,0.1364,0.5068,219292166.0,33407166.0
0.339,4794,0.7999,0.1366,0.506,219292166.0,33437890.0
0.339,4795,0.8001,0.1368,0.5053,219292166.0,33451115.0
0.3392,4796,0.8003,0.1368,0.5053,219326235.0,33451115.0
0.3402,4797,0.8004,0.137,0.5045,219326235.0,33460660.0
0.3407,4798,0.8006,0.1369,0.5045,219326235.0,33460660.0
0.3411,4799,0.8008,0.1369,0.5045,219326235.0,33460660.0
0.3413,4800,0.8009,0.1369,0.5045,219327617.0,33460660.0
0.3417,4801,0.8011,0.1368,0.5045,219327617.0,33460660.0
0.3417,4802,0.8013,0.1368,0.5045,219331397.0,33460660.0
0.3418,4803,0.8014,0.137,0.5038,219331397.0,33519339.0
0.342,4804,0.8016,0.137,0.5038,219478957.0,33519339.0
0.3422,4805,0.8018,0.1369,0.5038,219561302.0,33519339.0
0.3423,4806,0.8019,0.1369,0.5038,219561302.0,33519339.0
0.3427,4807,0.8021,0.1369,0.5038,219561302.0,33519339.0
0.3429,4808,0.8023,0.1369,0.5038,219588962.0,33519339.0
0.343,4809,0.8024,0.1368,0.5038,219614629.0,33519339.0
0.3435,4810,0.8026,0.1368,0.5038,219614629.0,33519339.0
0.3436,4811,0.8028,0.1368,0.5038,219654677.0,33519339.0
0.3436,4812,0.8029,0.1367,0.5038,219660951.0,33519339.0
0.3437,4813,0.8031,0.1369,0.503,219660951.0,33567386.0
0.344,4814,0.8033,0.1369,0.503,219660951.0,33567386.0
0.3444,4815,0.8034,0.1369,0.503,219699762.0,33567386.0
0.3447,4816,0.8036,0.1368,0.503,219712507.0,33567386.0
0.3449,4817,0.8038,0.137,0.5023,219712507.0,33605816.0
0.345,4818,0.8039,0.137,0.5023,219712920.0,33605816.0
0.3451,4819,0.8041,0.137,0.5023,219728140.0,33605816.0
0.3451,4820,0.8043,0.1371,0.5015,219728140.0,33605816.0
0.3451,4821,0.8044,0.1371,0.5015,219728462.0,33605816.0
0.3454,4822,0.8046,0.1371,0.5015,219827474.0,33605816.0
0.3457,4823,0.8048,0.1373,0.5008,219827474.0,33619633.0
0.3459,4824,0.8049,0.1372,0.5008,219827474.0,33619633.0
0.3459,4825,0.8051,0.1372,0.5008,219827474.0,33619633.0
0.346,4826,0.8053,0.1372,0.5008,219830863.0,33619633.0
0.3461,4827,0.8054,0.1371,0.5008,219830863.0,33619633.0
0.3462,4828,0.8056,0.1373,0.5,219830863.0,33686961.0
0.3465,4829,0.8058,0.1373,0.5,219855572.0,33686961.0
0.3465,4830,0.8059,0.1373,0.5,219855572.0,33686961.0
0.3465,4831,0.8061,0.1372,0.5,219855572.0,33686961.0
0.3467,4832,0.8063,0.1372,0.5,219856563.0,33686961.0
0.3469,4833,0.8064,0.1372,0.5,219876464.0,33686961.0
0.347,4834,0.8066,0.1374,0.4992,219876464.0,33687321.0
0.3471,4835,0.8068,0.1373,0.4992,219892167.0,33687321.0
0.3472,4836,0.8069,0.1375,0.4985,219892167.0,33687321.0
0.3477,4837,0.8071,0.1375,0.4985,219922938.0,33687321.0
0.3477,4838,0.8073,0.1375,0.4985,219972550.0,33687321.0
0.3478,4839,0.8074,0.1376,0.4977,219972550.0,33810505.0
0.3482,4840,0.8076,0.1376,0.4977,219974689.0,33810505.0
0.3488,4841,0.8078,0.1378,0.497,219974689.0,33816900.0
0.3489,4842,0.8079,0.1378,0.497,219975005.0,33816900.0
0.3493,4843,0.8081,0.1377,0.497,219975005.0,33816900.0
0.3493,4844,0.8083,0.1377,0.497,219991621.0,33816900.0
0.3497,4845,0.8084,0.1377,0.497,220096113.0,33816900.0
0.3497,4846,0.8086,0.1376,0.497,220096113.0,33816900.0
0.3501,4847,0.8088,0.1376,0.497,220105834.0,33816900.0
0.3503,4848,0.8089,0.1376,0.497,220123702.0,33816900.0
0.3513,4849,0.8091,0.1378,0.4962,220123702.0,33864665.0
0.3514,4850,0.8093,0.1379,0.4955,220123702.0,33864665.0
0.3514,4851,0.8094,0.1379,0.4955,220262330.0,33864665.0
0.3515,4852,0.8096,0.1381,0.4947,220262330.0,33872510.0
0.3516,4853,0.8098,0.1383,0.494,220262330.0,34028897.0
0.3517,4854,0.8099,0.1382,0.494,220266166.0,34028897.0
0.3517,4855,0.8101,0.1382,0.494,220293498.0,34028897.0
0.3519,4856,0.8103,0.1382,0.494,220299626.0,34028897.0
0.3519,4857,0.8104,0.1384,0.4932,220299626.0,34037098.0
0.3524,4858,0.8106,0.1383,0.4932,220299626.0,34037098.0
0.3526,4859,0.8108,0.1383,0.4932,220314591.0,34037098.0
0.3529,4860,0.8109,0.1383,0.4932,220325396.0,34037098.0
0.3531,4861,0.8111,0.1382,0.4932,220338095.0,34037098.0
0.3531,4862,0.8113,0.1384,0.4925,220338095.0,34037098.0
0.3533,4863,0.8114,0.1386,0.4917,220338095.0,34037098.0
0.3535,4864,0.8116,0.1386,0.4917,220354007.0,34037098.0
0.3535,4865,0.8118,0.1385,0.4917,220360981.0,34037098.0
0.3537,4866,0.8119,0.1385,0.4917,220360981.0,34037098.0
0.3537,4867,0.8121,0.1385,0.4917,220371286.0,34037098.0
0.3538,4868,0.8123,0.1387,0.491,220371286.0,34037098.0
0.354,4869,0.8124,0.1388,0.4902,220371286.0,34037390.0
0.3546,4870,0.8126,0.1388,0.4902,220371676.0,34037390.0
0.355,4871,0.8128,0.1388,0.4902,220401352.0,34037390.0
0.355,4872,0.8129,0.1388,0.4902,220478560.0,34037390.0
0.3552,4873,0.8131,0.1387,0.4902,220507211.0,34037390.0
0.3556,4874,0.8133,0.1387,0.4902,220590691.0,34037390.0
0.3559,4875,0.8134,0.1387,0.4902,220590691.0,34037390.0
0.356,4876,0.8136,0.1386,0.4902,220597358.0,34037390.0
0.3561,4877,0.8138,0.1388,0.4894,220597358.0,34094893.0
0.3561,4878,0.8139,0.139,0.4887,220597358.0,34100178.0
0.3563,4879,0.8141,0.139,0.4887,220598138.0,34100178.0
0.3563,4880,0.8143,0.1391,0.4879,220598138.0,34100178.0
0.3567,4881,0.8145,0.1391,0.4879,220598138.0,34100178.0
0.3569,4882,0.8146,0.1391,0.4879,220605240.0,34100178.0
0.3574,4883,0.8148,0.1391,0.4879,220605240.0,34100178.0
0.3574,4884,0.815,0.1392,0.4872,220605240.0,34101890.0
0.3578,4885,0.8151,0.1392,0.4872,220605240.0,34101890.0
0.3579,4886,0.8153,0.1392,0.4872,220605240.0,34101890.0
0.3581,4887,0.8155,0.1393,0.4864,220605240.0,34103939.0
0.3585,4888,0.8156,0.1393,0.4864,220605240.0,34103939.0
0.3585,4889,0.8158,0.1395,0.4857,220605240.0,34103939.0
0.3586,4890,0.816,0.1395,0.4857,220618861.0,34103939.0
0.3586,4891,0.8161,0.1394,0.4857,220649208.0,34103939.0
0.3589,4892,0.8163,0.1396,0.4849,220649208.0,34168778.0
0.3589,4893,0.8165,0.1396,0.4849,220649208.0,34168778.0
0.3597,4894,0.8166,0.1396,0.4849,220673299.0,34168778.0
0.3599,4895,0.8168,0.1395,0.4849,220714209.0,34168778.0
0.3599,4896,0.817,0.1397,0.4842,220714209.0,34168778.0
0.3601,4897,0.8171,0.1399,0.4834,220714209.0,34168778.0
0.3601,4898,0.8173,0.1399,0.4834,220745298.0,34168778.0
0.3606,4899,0.8175,0.14,0.4827,220745298.0,34171460.0
0.3608,4900,0.8176,0.1402,0.4819,220745298.0,34181708.0
0.3609,4901,0.8178,0.1402,0.4819,220755409.0,34181708.0
0.3611,4902,0.818,0.1404,0.4811,220755409.0,34181708.0
0.3612,4903,0.8181,0.1403,0.4811,220755585.0,34181708.0
0.3613,4904,0.8183,0.1405,0.4804,220755585.0,34181708.0
0.3616,4905,0.8185,0.1407,0.4796,220755585.0,34193272.0
0.3617,4906,0.8186,0.1406,0.4796,220762150.0,34193272.0
0.3618,4907,0.8188,0.1406,0.4796,220910455.0,34193272.0
0.362,4908,0.819,0.1408,0.4789,220910455.0,34193272.0
0.362,4909,0.8191,0.1408,0.4789,220917409.0,34193272.0
0.3623,4910,0.8193,0.1407,0.4789,220917731.0,34193272.0
0.3624,4911,0.8195,0.1409,0.4781,220917731.0,34198797.0
0.3625,4912,0.8196,0.1411,0.4774,220917731.0,34218200.0
0.3632,4913,0.8198,0.1411,0.4774,220917731.0,34218200.0
0.3633,4914,0.82,0.141,0.4774,220918047.0,34218200.0
0.3634,4915,0.8201,0.1412,0.4766,220918047.0,34234298.0
0.3638,4916,0.8203,0.1412,0.4766,220918883.0,34234298.0
0.3642,4917,0.8205,0.1413,0.4759,220918883.0,34234688.0
0.3643,4918,0.8206,0.1413,0.4759,220918883.0,34234688.0
0.3644,4919,0.8208,0.1413,0.4759,220998120.0,34234688.0
0.3645,4920,0.821,0.1413,0.4759,220998120.0,34234688.0
0.3646,4921,0.8211,0.1414,0.4751,220998120.0,34263992.0
0.3647,4922,0.8213,0.1414,0.4751,221045340.0,34263992.0
0.365,4923,0.8215,0.1414,0.4751,221045340.0,34263992.0
0.3653,4924,0.8216,0.1413,0.4751,221045340.0,34263992.0
0.3654,4925,0.8218,0.1415,0.4744,221045340.0,34274134.0
0.3654,4926,0.822,0.1417,0.4736,221045340.0,34472262.0
0.3657,4927,0.8221,0.1419,0.4729,221045340.0,34472262.0
0.366,4928,0.8223,0.1418,0.4729,221058516.0,34472262.0
0.3662,4929,0.8225,0.1418,0.4729,221058516.0,34472262.0
0.3664,4930,0.8226,0.142,0.4721,221058516.0,34478598.0
0.3669,4931,0.8228,0.1422,0.4713,221058516.0,34550168.0
0.367,4932,0.823,0.1421,0.4713,221061907.0,34550168.0
0.3671,4933,0.8231,0.1421,0.4713,221098745.0,34550168.0
0.3674,4934,0.8233,0.1421,0.4713,221105976.0,34550168.0
0.3674,4935,0.8235,0.1422,0.4706,221105976.0,34550168.0
0.3675,4936,0.8236,0.1424,0.4698,221105976.0,34550168.0
0.3675,4937,0.8238,0.1424,0.4698,221107059.0,34550168.0
0.3676,4938,0.824,0.1426,0.4691,221107059.0,34603914.0
0.3678,4939,0.8241,0.1427,0.4683,221107059.0,34622099.0
0.3679,4940,0.8243,0.1429,0.4676,221107059.0,34622099.0
0.3679,4941,0.8245,0.1429,0.4676,221127642.0,34622099.0
0.3687,4942,0.8246,0.1429,0.4676,221129648.0,34622099.0
0.3693,4943,0.8248,0.143,0.4668,221129648.0,34625591.0
0.37,4944,0.825,0.143,0.4668,221129648.0,34625591.0
0.3707,4945,0.8251,0.143,0.4668,221151371.0,34625591.0
0.3709,4946,0.8253,0.1431,0.4661,221151371.0,34655547.0
0.3711,4947,0.8255,0.1431,0.4661,221289077.0,34655547.0
0.3712,4948,0.8256,0.1431,0.4661,221289857.0,34655547.0
0.3713,4949,0.8258,0.1431,0.4661,221289857.0,34655547.0
0.3718,4950,0.826,0.1432,0.4653,221289857.0,34671094.0
0.373,4951,0.8261,0.1434,0.4646,221289857.0,34700977.0
0.3732,4952,0.8263,0.1436,0.4638,221289857.0,34730841.0
0.3732,4953,0.8265,0.1435,0.4638,221300283.0,34730841.0
0.374,4954,0.8266,0.1435,0.4638,221300283.0,34730841.0
0.3742,4955,0.8268,0.1435,0.4638,221300283.0,34730841.0
0.3745,4956,0.827,0.1435,0.4638,221300283.0,34730841.0
0.3747,4957,0.8271,0.1436,0.463,221300283.0,34743773.0
0.3747,4958,0.8273,0.1436,0.463,221323992.0,34743773.0
0.3757,4959,0.8275,0.1436,0.463,221351601.0,34743773.0
0.3759,4960,0.8276,0.1435,0.463,221455865.0,34743773.0
0.376,4961,0.8278,0.1437,0.4623,221455865.0,34743773.0
0.3766,4962,0.828,0.1439,0.4615,221455865.0,34744405.0
0.3769,4963,0.8281,0.1439,0.4615,221487999.0,34744405.0
0.3769,4964,0.8283,0.144,0.4608,221487999.0,34819255.0
0.377,4965,0.8285,0.1442,0.46,221487999.0,34971774.0
0.3771,4966,0.8286,0.1442,0.46,221487999.0,34971774.0
0.3772,4967,0.8288,0.1442,0.46,221490144.0,34971774.0
0.3773,4968,0.829,0.1441,0.46,221541011.0,34971774.0
0.3779,4969,0.8291,0.1441,0.46,221570013.0,34971774.0
0.3784,4970,0.8293,0.1441,0.46,221570013.0,34971774.0
0.3784,4971,0.8295,0.144,0.46,221742631.0,34971774.0
0.3788,4972,0.8296,0.144,0.46,221890842.0,34971774.0
0.3798,4973,0.8298,0.144,0.46,221893331.0,34971774.0
0.3801,4974,0.83,0.1441,0.4593,221893331.0,34971774.0
0.381,4975,0.8301,0.1443,0.4585,221893331.0,34980122.0
0.381,4976,0.8303,0.1443,0.4585,221913410.0,34980122.0
0.3812,4977,0.8305,0.1445,0.4578,221913410.0,35008176.0
0.3813,4978,0.8306,0.1444,0.4578,221960672.0,35008176.0
0.3822,4979,0.8308,0.1444,0.4578,221981559.0,35008176.0
0.3824,4980,0.831,0.1446,0.457,221981559.0,35008376.0
0.3824,4981,0.8311,0.1445,0.457,221984428.0,35008376.0
0.3827,4982,0.8313,0.1445,0.457,221984428.0,35008376.0
0.3837,4983,0.8315,0.1447,0.4563,221984428.0,35010649.0
0.3839,4984,0.8316,0.1447,0.4563,221984428.0,35010649.0
0.3844,4985,0.8318,0.1448,0.4555,221984428.0,35010649.0
0.3849,4986,0.832,0.145,0.4548,221984428.0,35024119.0
0.3857,4987,0.8321,0.145,0.4548,222036608.0,35024119.0
0.3858,4988,0.8323,0.1449,0.4548,222326116.0,35024119.0
0.386,4989,0.8325,0.1449,0.4548,222326506.0,35024119.0
0.3871,4990,0.8326,0.1449,0.4548,222328921.0,35024119.0
0.3875,4991,0.8328,0.1449,0.4548,222329235.0,35024119.0
0.3878,4992,0.833,0.145,0.454,222329235.0,35024119.0
0.3878,4993,0.8331,0.145,0.454,222435506.0,35024119.0
0.3878,4994,0.8333,0.1452,0.4532,222435506.0,35192827.0
0.3887,4995,0.8335,0.1451,0.4532,222435506.0,35192827.0
0.3889,4996,0.8336,0.1451,0.4532,222435506.0,35192827.0
0.3892,4997,0.8338,0.1453,0.4525,222435506.0,35236170.0
0.3896,4998,0.834,0.1453,0.4525,222445242.0,35236170.0
0.3898,4999,0.8341,0.1454,0.4517,222445242.0,35425867.0
0.39,5000,0.8343,0.1454,0.4517,222459861.0,35425867.0
0.3904,5001,0.8345,0.1454,0.4517,222463973.0,35425867.0
0.3904,5002,0.8346,0.1455,0.451,222463973.0,35425867.0
0.3907,5003,0.8348,0.1455,0.451,222472955.0,35425867.0
0.3913,5004,0.835,0.1455,0.451,222472955.0,35425867.0
0.3913,5005,0.8351,0.1457,0.4502,222472955.0,35425867.0
0.3914,5006,0.8353,0.1458,0.4495,222472955.0,35426257.0
0.3917,5007,0.8355,0.1458,0.4495,222484265.0,35426257.0
0.3918,5008,0.8356,0.1458,0.4495,222502081.0,35426257.0
0.3921,5009,0.8358,0.1457,0.4495,222502081.0,35426257.0
0.3925,5010,0.836,0.1457,0.4495,222515249.0,35426257.0
0.3928,5011,0.8361,0.1459,0.4487,222515249.0,35451522.0
0.3929,5012,0.8363,0.1458,0.4487,222515249.0,35451522.0
0.3929,5013,0.8365,0.1458,0.4487,222515249.0,35451522.0
0.3935,5014,0.8366,0.1458,0.4487,222578096.0,35451522.0
0.3936,5015,0.8368,0.1458,0.4487,222595941.0,35451522.0
0.3938,5016,0.837,0.1459,0.448,222595941.0,35459624.0
0.3939,5017,0.8371,0.1461,0.4472,222595941.0,35491850.0
0.394,5018,0.8373,0.1461,0.4472,222595941.0,35491850.0
0.3949,5019,0.8375,0.1462,0.4465,222595941.0,35542488.0
0.3954,5020,0.8376,0.1464,0.4457,222595941.0,35660595.0
0.3954,5021,0.8378,0.1464,0.4457,222602561.0,35660595.0
0.396,5022,0.838,0.1466,0.4449,222602561.0,35670896.0
0.3961,5023,0.8381,0.1465,0.4449,222719889.0,35670896.0
0.3962,5024,0.8383,0.1465,0.4449,222719889.0,35670896.0
0.3966,5025,0.8385,0.1465,0.4449,222730457.0,35670896.0
0.3971,5026,0.8386,0.1466,0.4442,222730457.0,35671286.0
0.3972,5027,0.8388,0.1466,0.4442,222730847.0,35671286.0
0.3973,5028,0.839,0.1466,0.4442,222966983.0,35671286.0
0.3983,5029,0.8391,0.1467,0.4434,222966983.0,35671286.0
0.3985,5030,0.8393,0.1467,0.4434,222966983.0,35671286.0
0.3985,5031,0.8395,0.1467,0.4434,223139488.0,35671286.0
0.3991,5032,0.8396,0.1469,0.4427,223139488.0,35744049.0
0.3991,5033,0.8398,0.1468,0.4427,223286037.0,35744049.0
0.3991,5034,0.84,0.1468,0.4427,223306770.0,35744049.0
0.3991,5035,0.8401,0.147,0.4419,223306770.0,35753890.0
0.3992,5036,0.8403,0.1469,0.4419,223307425.0,35753890.0
0.3994,5037,0.8405,0.1469,0.4419,223368826.0,35753890.0
0.4,5038,0.8406,0.1469,0.4419,223388868.0,35753890.0
0.4003,5039,0.8408,0.1469,0.4419,223396877.0,35753890.0
0.4004,5040,0.841,0.1468,0.4419,223406688.0,35753890.0
0.4007,5041,0.8411,0.1468,0.4419,223425431.0,35753890.0
0.4012,5042,0.8413,0.1468,0.4419,223775772.0,35753890.0
0.4013,5043,0.8415,0.1469,0.4412,223775772.0,36097138.0
0.4022,5044,0.8416,0.1471,0.4404,223775772.0,36099219.0
0.4026,5045,0.8418,0.1471,0.4404,223775772.0,36099219.0
0.4026,5046,0.842,0.1472,0.4397,223775772.0,36136236.0
0.4029,5047,0.8421,0.1474,0.4389,223775772.0,36136626.0
0.4029,5048,0.8423,0.1474,0.4389,223776098.0,36136626.0
0.403,5049,0.8425,0.1474,0.4389,223824061.0,36136626.0
0.4034,5050,0.8426,0.1475,0.4382,223824061.0,36136626.0
0.4035,5051,0.8428,0.1475,0.4382,223824061.0,36136626.0
0.4037,5052,0.843,0.1477,0.4374,223824061.0,36147958.0
0.404,5053,0.8432,0.1476,0.4374,223901450.0,36147958.0
0.4042,5054,0.8433,0.1476,0.4374,223901450.0,36147958.0
0.4042,5055,0.8435,0.1478,0.4367,223901450.0,36274659.0
0.4043,5056,0.8437,0.1479,0.4359,223901450.0,36319146.0
0.4051,5057,0.8438,0.1481,0.4351,223901450.0,36360787.0
0.4053,5058,0.844,0.1481,0.4351,223903409.0,36360787.0
0.4056,5059,0.8442,0.1481,0.4351,223985044.0,36360787.0
0.4059,5060,0.8443,0.148,0.4351,224024870.0,36360787.0
0.406,5061,0.8445,0.1482,0.4344,224024870.0,36384953.0
0.406,5062,0.8447,0.1484,0.4336,224024870.0,36390365.0
0.4067,5063,0.8448,0.1485,0.4329,224024870.0,36390365.0
0.4081,5064,0.845,0.1485,0.4329,224026747.0,36390365.0
0.4083,5065,0.8452,0.1485,0.4329,224027010.0,36390365.0
0.4088,5066,0.8453,0.1484,0.4329,224027010.0,36390365.0
0.4089,5067,0.8455,0.1484,0.4329,224071541.0,36390365.0
0.4095,5068,0.8457,0.1484,0.4329,224071541.0,36390365.0
0.4098,5069,0.8458,0.1484,0.4329,224072922.0,36390365.0
0.4098,5070,0.846,0.1483,0.4329,224100291.0,36390365.0
0.4112,5071,0.8462,0.1483,0.4329,224100291.0,36390365.0
0.4114,5072,0.8463,0.1485,0.4321,224100291.0,36471971.0
0.4128,5073,0.8465,0.1484,0.4321,224118746.0,36471971.0
0.4132,5074,0.8467,0.1484,0.4321,224147841.0,36471971.0
0.4133,5075,0.8468,0.1484,0.4321,224166870.0,36471971.0
0.4133,5076,0.847,0.1485,0.4314,224166870.0,36497094.0
0.4133,5077,0.8472,0.1487,0.4306,224166870.0,36497484.0
0.4134,5078,0.8473,0.1489,0.4299,224166870.0,36498134.0
0.415,5079,0.8475,0.1488,0.4299,224215527.0,36498134.0
0.4152,5080,0.8477,0.149,0.4291,224215527.0,36498143.0
0.4157,5081,0.8478,0.149,0.4291,224215887.0,36498143.0
0.4158,5082,0.848,0.149,0.4291,224222113.0,36498143.0
0.416,5083,0.8482,0.1491,0.4284,224222113.0,36498533.0
0.4165,5084,0.8483,0.1493,0.4276,224222113.0,36498533.0
0.4167,5085,0.8485,0.1495,0.4268,224222113.0,36514822.0
0.4171,5086,0.8487,0.1494,0.4268,224252462.0,36514822.0
0.4174,5087,0.8488,0.1496,0.4261,224252462.0,36544023.0
0.4174,5088,0.849,0.1498,0.4253,224252462.0,36544023.0
0.4178,5089,0.8492,0.1499,0.4246,224252462.0,36544023.0
0.4179,5090,0.8493,0.1499,0.4246,224263024.0,36544023.0
0.4183,5091,0.8495,0.1499,0.4246,224283060.0,36544023.0
0.4185,5092,0.8497,0.1498,0.4246,224323772.0,36544023.0
0.4186,5093,0.8498,0.1498,0.4246,224339717.0,36544023.0
0.419,5094,0.85,0.1498,0.4246,224340887.0,36544023.0
0.419,5095,0.8502,0.1498,0.4246,224358094.0,36544023.0
0.4196,5096,0.8503,0.1499,0.4238,224358094.0,36544023.0
0.42,5097,0.8505,0.1501,0.4231,224358094.0,36567188.0
0.4202,5098,0.8507,0.1501,0.4231,224362069.0,36567188.0
0.4204,5099,0.8508,0.1502,0.4223,224362069.0,36596335.0
0.4213,5100,0.851,0.1504,0.4216,224362069.0,36598192.0
0.4213,5101,0.8512,0.1504,0.4216,224391915.0,36598192.0
0.4216,5102,0.8513,0.1503,0.4216,224391915.0,36598192.0
0.4216,5103,0.8515,0.1505,0.4208,224391915.0,36598773.0
0.4217,5104,0.8517,0.1505,0.4208,224395975.0,36598773.0
0.4218,5105,0.8518,0.1504,0.4208,224395975.0,36598773.0
0.4218,5106,0.852,0.1504,0.4208,224447061.0,36598773.0
0.423,5107,0.8522,0.1504,0.4208,224450347.0,36598773.0
0.4233,5108,0.8523,0.1504,0.4208,224536085.0,36598773.0
0.4235,5109,0.8525,0.1503,0.4208,224585702.0,36598773.0
0.4244,5110,0.8527,0.1505,0.4201,224585702.0,36670010.0
0.4249,5111,0.8528,0.1507,0.4193,224585702.0,36773317.0
0.4256,5112,0.853,0.1508,0.4186,224585702.0,36897742.0
0.4262,5113,0.8532,0.1508,0.4186,224597276.0,36897742.0
0.4271,5114,0.8533,0.1508,0.4186,224712303.0,36897742.0
0.4272,5115,0.8535,0.1509,0.4178,224712303.0,36991400.0
0.4281,5116,0.8537,0.1511,0.417,224712303.0,36991400.0
0.4284,5117,0.8538,0.1511,0.417,224714085.0,36991400.0
0.4285,5118,0.854,0.1512,0.4163,224714085.0,36991400.0
0.4286,5119,0.8542,0.1512,0.4163,224910277.0,36991400.0
0.4297,5120,0.8543,0.1514,0.4155,224910277.0,36995800.0
0.4298,5121,0.8545,0.1513,0.4155,224966617.0,36995800.0
0.43,5122,0.8547,0.1513,0.4155,225277009.0,36995800.0
0.4308,5123,0.8548,0.1515,0.4148,225277009.0,37095479.0
0.4311,5124,0.855,0.1514,0.4148,225277399.0,37095479.0
0.4319,5125,0.8552,0.1516,0.414,225277399.0,37096129.0
0.4323,5126,0.8553,0.1516,0.414,225421072.0,37096129.0
0.4325,5127,0.8555,0.1516,0.414,225426469.0,37096129.0
0.4325,5128,0.8557,0.1517,0.4133,225426469.0,37096129.0
0.4329,5129,0.8558,0.1519,0.4125,225426469.0,37104849.0
0.4331,5130,0.856,0.152,0.4118,225426469.0,37189569.0
0.4335,5131,0.8562,0.152,0.4118,225453093.0,37189569.0
0.4336,5132,0.8563,0.1522,0.411,225453093.0,37238775.0
0.434,5133,0.8565,0.1523,0.4103,225453093.0,37263013.0
0.4343,5134,0.8567,0.1523,0.4103,225453093.0,37263013.0
0.4348,5135,0.8568,0.1525,0.4095,225453093.0,37263595.0
0.4348,5136,0.857,0.1526,0.4087,225453093.0,37263985.0
0.4353,5137,0.8572,0.1528,0.408,225453093.0,37280732.0
0.436,5138,0.8573,0.1528,0.408,225563686.0,37280732.0
0.4363,5139,0.8575,0.1528,0.408,225563686.0,37280732.0
0.4367,5140,0.8577,0.1529,0.4072,225563686.0,37307963.0
0.4369,5141,0.8578,0.1531,0.4065,225563686.0,37382291.0
0.4371,5142,0.858,0.1531,0.4065,225563686.0,37382291.0
0.4372,5143,0.8582,0.1532,0.4057,225563686.0,37563630.0
0.4377,5144,0.8583,0.1534,0.405,225563686.0,37611361.0
0.4381,5145,0.8585,0.1535,0.4042,225563686.0,37617306.0
0.4382,5146,0.8587,0.1535,0.4042,225598129.0,37617306.0
0.4383,5147,0.8588,0.1535,0.4042,225601034.0,37617306.0
0.439,5148,0.859,0.1537,0.4035,225601034.0,37643767.0
0.4391,5149,0.8592,0.1538,0.4027,225601034.0,37654215.0
0.4391,5150,0.8593,0.1538,0.4027,225616260.0,37654215.0
0.4399,5151,0.8595,0.1538,0.4027,225634883.0,37654215.0
0.44,5152,0.8597,0.1539,0.402,225634883.0,37664775.0
0.4402,5153,0.8598,0.1541,0.4012,225634883.0,37664775.0
0.4406,5154,0.86,0.1541,0.4012,225664511.0,37664775.0
0.4412,5155,0.8602,0.154,0.4012,225699465.0,37664775.0
0.4416,5156,0.8603,0.154,0.4012,225898882.0,37664775.0
0.4426,5157,0.8605,0.1542,0.4005,225898882.0,37817474.0
0.443,5158,0.8607,0.1541,0.4005,225999246.0,37817474.0
0.4441,5159,0.8608,0.1543,0.3997,225999246.0,37872451.0
0.4442,5160,0.861,0.1543,0.3997,226007639.0,37872451.0
0.4443,5161,0.8612,0.1542,0.3997,226011369.0,37872451.0
0.4448,5162,0.8613,0.1544,0.3989,226011369.0,37872451.0
0.445,5163,0.8615,0.1544,0.3989,226028409.0,37872451.0
0.4461,5164,0.8617,0.1543,0.3989,226046943.0,37872451.0
0.4464,5165,0.8618,0.1545,0.3982,226046943.0,37872451.0
0.4466,5166,0.862,0.1545,0.3982,226047723.0,37872451.0
0.4479,5167,0.8622,0.1544,0.3982,226052909.0,37872451.0
0.4482,5168,0.8623,0.1546,0.3974,226052909.0,37879579.0
0.4492,5169,0.8625,0.1546,0.3974,226083084.0,37879579.0
0.4493,5170,0.8627,0.1547,0.3967,226083084.0,37926447.0
0.4503,5171,0.8628,0.1547,0.3967,226219267.0,37926447.0
0.4506,5172,0.863,0.1549,0.3959,226219267.0,37926447.0
0.4507,5173,0.8632,0.1548,0.3959,226358325.0,37926447.0
0.451,5174,0.8633,0.1548,0.3959,226360303.0,37926447.0
0.4511,5175,0.8635,0.1548,0.3959,226362976.0,37926447.0
0.4513,5176,0.8637,0.1548,0.3959,226363628.0,37926447.0
0.452,5177,0.8638,0.1549,0.3952,226363628.0,37947844.0
0.4525,5178,0.864,0.1549,0.3952,226390549.0,37947844.0
0.4526,5179,0.8642,0.1549,0.3952,226390549.0,37947844.0
0.4527,5180,0.8643,0.1548,0.3952,226401655.0,37947844.0
0.4528,5181,0.8645,0.155,0.3944,226401655.0,37966953.0
0.4532,5182,0.8647,0.1552,0.3937,226401655.0,37968788.0
0.4533,5183,0.8648,0.1551,0.3937,226401914.0,37968788.0
0.4537,5184,0.865,0.1551,0.3937,226422458.0,37968788.0
0.4543,5185,0.8652,0.1551,0.3937,226422458.0,37968788.0
0.4552,5186,0.8653,0.155,0.3937,226428199.0,37968788.0
0.4554,5187,0.8655,0.155,0.3937,226428199.0,37968788.0
0.4557,5188,0.8657,0.1552,0.3929,226428199.0,37968938.0
0.4558,5189,0.8658,0.1553,0.3922,226428199.0,37988636.0
0.4558,5190,0.866,0.1555,0.3914,226428199.0,38020344.0
0.4559,5191,0.8662,0.1555,0.3914,226476717.0,38020344.0
0.4573,5192,0.8663,0.1556,0.3906,226476717.0,38070152.0
0.4574,5193,0.8665,0.1556,0.3906,226502743.0,38070152.0
0.4578,5194,0.8667,0.1556,0.3906,226706128.0,38070152.0
0.4582,5195,0.8668,0.1555,0.3906,226709738.0,38070152.0
0.4582,5196,0.867,0.1557,0.3899,226709738.0,38070152.0
0.4589,5197,0.8672,0.1559,0.3891,226709738.0,38071308.0
0.4589,5198,0.8673,0.1558,0.3891,226749510.0,38071308.0
0.4603,5199,0.8675,0.156,0.3884,226749510.0,38098265.0
0.4608,5200,0.8677,0.1562,0.3876,226749510.0,38129794.0
0.4618,5201,0.8678,0.1563,0.3869,226749510.0,38129794.0
0.4619,5202,0.868,0.1563,0.3869,226764267.0,38129794.0
0.4623,5203,0.8682,0.1563,0.3869,226796845.0,38129794.0
0.4627,5204,0.8683,0.1562,0.3869,226802265.0,38129794.0
0.4628,5205,0.8685,0.1562,0.3869,226813536.0,38129794.0
0.463,5206,0.8687,0.1562,0.3869,226826671.0,38129794.0
0.463,5207,0.8688,0.1561,0.3869,226827590.0,38129794.0
0.4632,5208,0.869,0.1563,0.3861,226827590.0,38162549.0
0.4633,5209,0.8692,0.1565,0.3854,226827590.0,38168262.0
0.4633,5210,0.8693,0.1564,0.3854,226854280.0,38168262.0
0.4638,5211,0.8695,0.1566,0.3846,226854280.0,38175389.0
0.4641,5212,0.8697,0.1568,0.3839,226854280.0,38283969.0
0.4655,5213,0.8698,0.1567,0.3839,226882317.0,38283969.0
0.4655,5214,0.87,0.1567,0.3839,226892488.0,38283969.0
0.4667,5215,0.8702,0.1567,0.3839,226904548.0,38283969.0
0.467,5216,0.8703,0.1568,0.3831,226904548.0,38582312.0
0.467,5217,0.8705,0.157,0.3824,226904548.0,38654964.0
0.4676,5218,0.8707,0.157,0.3824,226914148.0,38654964.0
0.4693,5219,0.8708,0.1569,0.3824,226914347.0,38654964.0
0.4697,5220,0.871,0.1571,0.3816,226914347.0,38683048.0
0.4701,5221,0.8712,0.1572,0.3808,226914347.0,38744293.0
0.4709,5222,0.8713,0.1572,0.3808,226914347.0,38744293.0
0.4712,5223,0.8715,0.1574,0.3801,226914347.0,38744293.0
0.4715,5224,0.8717,0.1574,0.3801,226932898.0,38744293.0
0.4716,5225,0.8719,0.1573,0.3801,226954667.0,38744293.0
0.4717,5226,0.872,0.1573,0.3801,226973620.0,38744293.0
0.4718,5227,0.8722,0.1573,0.3801,227005606.0,38744293.0
0.4732,5228,0.8724,0.1574,0.3793,227005606.0,38947401.0
0.4733,5229,0.8725,0.1576,0.3786,227005606.0,39026377.0
0.4743,5230,0.8727,0.1576,0.3786,227179170.0,39026377.0
0.4755,5231,0.8729,0.1577,0.3778,227179170.0,39057374.0
0.4755,5232,0.873,0.1579,0.3771,227179170.0,39057839.0
0.4757,5233,0.8732,0.1578,0.3771,227205102.0,39057839.0
0.4762,5234,0.8734,0.1578,0.3771,227205244.0,39057839.0
0.4764,5235,0.8735,0.158,0.3763,227205244.0,39057839.0
0.4766,5236,0.8737,0.1581,0.3756,227205244.0,39109184.0
0.477,5237,0.8739,0.1583,0.3748,227205244.0,39122657.0
0.4772,5238,0.874,0.1583,0.3748,227218256.0,39122657.0
0.4775,5239,0.8742,0.1584,0.3741,227218256.0,39153930.0
0.4785,5240,0.8744,0.1586,0.3733,227218256.0,39159537.0
0.4785,5241,0.8745,0.1586,0.3733,227218256.0,39159537.0
0.479,5242,0.8747,0.1587,0.3725,227218256.0,39160168.0
0.4799,5243,0.8749,0.1587,0.3725,227218256.0,39160168.0
0.4801,5244,0.875,0.1587,0.3725,227219984.0,39160168.0
0.4802,5245,0.8752,0.1588,0.3718,227219984.0,39164208.0
0.4808,5246,0.8754,0.1588,0.3718,227239260.0,39164208.0
0.481,5247,0.8755,0.1589,0.371,227239260.0,39164208.0
0.4814,5248,0.8757,0.1591,0.3703,227239260.0,39232631.0
0.4816,5249,0.8759,0.1593,0.3695,227239260.0,39294215.0
0.482,5250,0.876,0.1594,0.3688,227239260.0,39424430.0
0.4823,5251,0.8762,0.1596,0.368,227239260.0,39465054.0
0.4838,5252,0.8764,0.1596,0.368,227257909.0,39465054.0
0.4844,5253,0.8765,0.1597,0.3673,227257909.0,39522339.0
0.4846,5254,0.8767,0.1597,0.3673,227258200.0,39522339.0
0.4849,5255,0.8769,0.1598,0.3665,227258200.0,39539968.0
0.4849,5256,0.877,0.16,0.3658,227258200.0,39541504.0
0.4859,5257,0.8772,0.16,0.3658,227258976.0,39541504.0
0.4871,5258,0.8774,0.1599,0.3658,227280127.0,39541504.0
0.4875,5259,0.8775,0.1601,0.365,227280127.0,39557836.0
0.4878,5260,0.8777,0.1601,0.365,227497765.0,39557836.0
0.4882,5261,0.8779,0.16,0.365,227508126.0,39557836.0
0.4883,5262,0.878,0.16,0.365,227513746.0,39557836.0
0.4883,5263,0.8782,0.16,0.365,227561958.0,39557836.0
0.4885,5264,0.8784,0.16,0.365,227604011.0,39557836.0
0.4885,5265,0.8785,0.1599,0.365,227619225.0,39557836.0
0.4905,5266,0.8787,0.1599,0.365,227671848.0,39557836.0
0.4912,5267,0.8789,0.1601,0.3643,227671848.0,39561471.0
0.4925,5268,0.879,0.16,0.3643,227680163.0,39561471.0
0.4932,5269,0.8792,0.1602,0.3635,227680163.0,39588515.0
0.4938,5270,0.8794,0.1602,0.3635,227700228.0,39588515.0
0.4944,5271,0.8795,0.1601,0.3635,227710186.0,39588515.0
0.4954,5272,0.8797,0.1603,0.3627,227710186.0,39607843.0
0.4962,5273,0.8799,0.1604,0.362,227710186.0,39620033.0
0.4966,5274,0.88,0.1606,0.3612,227710186.0,39635432.0
0.4967,5275,0.8802,0.1606,0.3612,227728734.0,39635432.0
0.4971,5276,0.8804,0.1605,0.3612,227825736.0,39635432.0
0.4974,5277,0.8805,0.1607,0.3605,227825736.0,39637421.0
0.4974,5278,0.8807,0.1609,0.3597,227825736.0,39766918.0
0.4975,5279,0.8809,0.1608,0.3597,227849831.0,39766918.0
0.498,5280,0.881,0.1608,0.3597,227881360.0,39766918.0
0.4981,5281,0.8812,0.161,0.359,227881360.0,39766918.0
0.4991,5282,0.8814,0.1611,0.3582,227881360.0,39776270.0
0.4991,5283,0.8815,0.1613,0.3575,227881360.0,39790451.0
0.4991,5284,0.8817,0.1614,0.3567,227881360.0,39857497.0
0.5002,5285,0.8819,0.1614,0.3567,227890822.0,39857497.0
0.5006,5286,0.882,0.1614,0.3567,227982118.0,39857497.0
0.5018,5287,0.8822,0.1613,0.3567,228008448.0,39857497.0
0.5023,5288,0.8824,0.1615,0.356,228008448.0,39882690.0
0.5047,5289,0.8825,0.1615,0.356,228069155.0,39882690.0
0.5052,5290,0.8827,0.1614,0.356,228172336.0,39882690.0
0.5056,5291,0.8829,0.1616,0.3552,228172336.0,39995352.0
0.5056,5292,0.883,0.1618,0.3544,228172336.0,40001408.0
0.5062,5293,0.8832,0.1619,0.3537,228172336.0,40013972.0
0.5069,5294,0.8834,0.1619,0.3537,228194548.0,40013972.0
0.5076,5295,0.8835,0.1619,0.3537,228197692.0,40013972.0
0.5097,5296,0.8837,0.162,0.3529,228197692.0,40029161.0
0.5102,5297,0.8839,0.162,0.3529,228218739.0,40029161.0
0.5107,5298,0.884,0.1621,0.3522,228218739.0,40032838.0
0.5108,5299,0.8842,0.1623,0.3514,228218739.0,40084138.0
0.512,5300,0.8844,0.1623,0.3514,228223606.0,40084138.0
0.5124,5301,0.8845,0.1622,0.3514,228333242.0,40084138.0
0.5126,5302,0.8847,0.1622,0.3514,228379899.0,40084138.0
0.5131,5303,0.8849,0.1622,0.3514,228415670.0,40084138.0
0.514,5304,0.885,0.1623,0.3507,228415670.0,40273862.0
0.5153,5305,0.8852,0.1623,0.3507,228501667.0,40273862.0
0.5157,5306,0.8854,0.1625,0.3499,228501667.0,40299769.0
0.5165,5307,0.8855,0.1624,0.3499,228524799.0,40299769.0
0.5166,5308,0.8857,0.1624,0.3499,228550732.0,40299769.0
0.5177,5309,0.8859,0.1626,0.3492,228550732.0,40314729.0
0.518,5310,0.886,0.1625,0.3492,228559079.0,40314729.0
0.5185,5311,0.8862,0.1625,0.3492,228575433.0,40314729.0
0.5196,5312,0.8864,0.1625,0.3492,228578646.0,40314729.0
0.52,5313,0.8865,0.1626,0.3484,228578646.0,40338864.0
0.5201,5314,0.8867,0.1628,0.3477,228578646.0,40413317.0
0.5204,5315,0.8869,0.1627,0.3477,228619173.0,40413317.0
0.5208,5316,0.887,0.1629,0.3469,228619173.0,40419342.0
0.5214,5317,0.8872,0.1629,0.3469,228646088.0,40419342.0
0.5217,5318,0.8874,0.163,0.3462,228646088.0,40437932.0
0.5218,5319,0.8875,0.163,0.3462,228657479.0,40437932.0
0.5222,5320,0.8877,0.163,0.3462,228664377.0,40437932.0
0.5224,5321,0.8879,0.1629,0.3462,228685362.0,40437932.0
0.523,5322,0.888,0.1631,0.3454,228685362.0,40455707.0
0.5235,5323,0.8882,0.1633,0.3446,228685362.0,40465740.0
0.5238,5324,0.8884,0.1632,0.3446,228703906.0,40465740.0
0.524,5325,0.8885,0.1632,0.3446,228704538.0,40465740.0
0.5244,5326,0.8887,0.1633,0.3439,228704538.0,40466773.0
0.5245,5327,0.8889,0.1633,0.3439,228705661.0,40466773.0
0.5245,5328,0.889,0.1633,0.3439,228721724.0,40466773.0
0.5247,5329,0.8892,0.1633,0.3439,228826031.0,40466773.0
0.5247,5330,0.8894,0.1634,0.3431,228826031.0,40498109.0
0.5249,5331,0.8895,0.1634,0.3431,228831973.0,40498109.0
0.525,5332,0.8897,0.1634,0.3431,228860837.0,40498109.0
0.5251,5333,0.8899,0.1633,0.3431,228878807.0,40498109.0
0.5254,5334,0.89,0.1633,0.3431,228932891.0,40498109.0
0.526,5335,0.8902,0.1633,0.3431,228939572.0,40498109.0
0.5265,5336,0.8904,0.1632,0.3431,228939572.0,40498109.0
0.5303,5337,0.8905,0.1634,0.3424,228939572.0,40531290.0
0.5305,5338,0.8907,0.1635,0.3416,228939572.0,40556211.0
0.5309,5339,0.8909,0.1637,0.3409,228939572.0,40702234.0
0.5309,5340,0.891,0.1639,0.3401,228939572.0,40721883.0
0.5316,5341,0.8912,0.164,0.3394,228939572.0,40732131.0
0.5322,5342,0.8914,0.164,0.3394,228958941.0,40732131.0
0.5325,5343,0.8915,0.1641,0.3386,228958941.0,40769778.0
0.5341,5344,0.8917,0.1641,0.3386,228964850.0,40769778.0
0.5348,5345,0.8919,0.1641,0.3386,228973696.0,40769778.0
0.5351,5346,0.892,0.164,0.3386,228985784.0,40769778.0
0.5354,5347,0.8922,0.1642,0.3379,228985784.0,40781469.0
0.5374,5348,0.8924,0.1644,0.3371,228985784.0,40781669.0
0.5374,5349,0.8925,0.1645,0.3363,228985784.0,40807216.0
0.5384,5350,0.8927,0.1647,0.3356,228985784.0,40808353.0
0.5388,5351,0.8929,0.1648,0.3348,228985784.0,40808743.0
0.5391,5352,0.893,0.1648,0.3348,228999907.0,40808743.0
0.5395,5353,0.8932,0.165,0.3341,228999907.0,40829774.0
0.5395,5354,0.8934,0.1651,0.3333,228999907.0,40862588.0
0.5403,5355,0.8935,0.1651,0.3333,229019295.0,40862588.0
0.5405,5356,0.8937,0.1652,0.3326,229019295.0,40919984.0
0.5406,5357,0.8939,0.1652,0.3326,229019295.0,40919984.0
0.5407,5358,0.894,0.1652,0.3326,229022708.0,40919984.0
0.5415,5359,0.8942,0.1653,0.3318,229022708.0,40933874.0
0.5415,5360,0.8944,0.1655,0.3311,229022708.0,40967865.0
0.5416,5361,0.8945,0.1656,0.3303,229022708.0,41019679.0
0.5418,5362,0.8947,0.1658,0.3296,229022708.0,41020277.0
0.5429,5363,0.8949,0.1658,0.3296,229239365.0,41020277.0
0.5457,5364,0.895,0.1657,0.3296,229473434.0,41020277.0
0.5462,5365,0.8952,0.1657,0.3296,229489687.0,41020277.0
0.5467,5366,0.8954,0.1657,0.3296,229500017.0,41020277.0
0.5469,5367,0.8955,0.1656,0.3296,229516234.0,41020277.0
0.5471,5368,0.8957,0.1656,0.3296,229518934.0,41020277.0
0.5477,5369,0.8959,0.1658,0.3288,229518934.0,41021749.0
0.5485,5370,0.896,0.1659,0.3281,229518934.0,41024245.0
0.5494,5371,0.8962,0.1659,0.3281,229565684.0,41024245.0
0.5509,5372,0.8964,0.166,0.3273,229565684.0,41031629.0
0.551,5373,0.8965,0.1662,0.3265,229565684.0,41074985.0
0.5523,5374,0.8967,0.1664,0.3258,229565684.0,41130013.0
0.5526,5375,0.8969,0.1663,0.3258,229682028.0,41130013.0
0.5536,5376,0.897,0.1665,0.325,229682028.0,41205235.0
0.5538,5377,0.8972,0.1666,0.3243,229682028.0,41216458.0
0.5548,5378,0.8974,0.1666,0.3243,229684915.0,41216458.0
0.5556,5379,0.8975,0.1666,0.3243,229702569.0,41216458.0
0.5572,5380,0.8977,0.1667,0.3235,229702569.0,41520384.0
0.5582,5381,0.8979,0.1669,0.3228,229702569.0,41571648.0
0.5588,5382,0.898,0.167,0.322,229702569.0,41581859.0
0.5598,5383,0.8982,0.1672,0.3213,229702569.0,41631995.0
0.5605,5384,0.8984,0.1672,0.3213,229774070.0,41631995.0
0.5607,5385,0.8985,0.1673,0.3205,229774070.0,41643162.0
0.561,5386,0.8987,0.1673,0.3205,229804632.0,41643162.0
0.5623,5387,0.8989,0.1673,0.3205,229806815.0,41643162.0
0.5624,5388,0.899,0.1674,0.3198,229806815.0,41695318.0
0.564,5389,0.8992,0.1676,0.319,229806815.0,41707081.0
0.5641,5390,0.8994,0.1677,0.3183,229806815.0,41799114.0
0.5642,5391,0.8995,0.1677,0.3183,229874422.0,41799114.0
0.5649,5392,0.8997,0.1678,0.3175,229874422.0,41906103.0
0.565,5393,0.8999,0.1678,0.3175,229899146.0,41906103.0
0.565,5394,0.9001,0.1678,0.3175,229998714.0,41906103.0
0.5651,5395,0.9002,0.1677,0.3175,230014240.0,41906103.0
0.5651,5396,0.9004,0.1679,0.3167,230014240.0,41916877.0
0.5651,5397,0.9006,0.1681,0.316,230014240.0,41930885.0
0.5654,5398,0.9007,0.168,0.316,230037271.0,41930885.0
0.5655,5399,0.9009,0.1682,0.3152,230037271.0,42064309.0
0.5658,5400,0.9011,0.1683,0.3145,230037271.0,42069006.0
0.566,5401,0.9012,0.1685,0.3137,230037271.0,42092757.0
0.5663,5402,0.9014,0.1686,0.313,230037271.0,42106465.0
0.5664,5403,0.9016,0.1688,0.3122,230037271.0,42122800.0
0.5681,5404,0.9017,0.1689,0.3115,230037271.0,42170149.0
0.5681,5405,0.9019,0.1691,0.3107,230037271.0,42199001.0
0.5683,5406,0.9021,0.1691,0.3107,230085961.0,42199001.0
0.5686,5407,0.9022,0.169,0.3107,230162375.0,42199001.0
0.5687,5408,0.9024,0.1692,0.31,230162375.0,42295344.0
0.569,5409,0.9026,0.1693,0.3092,230162375.0,42448708.0
0.5695,5410,0.9027,0.1693,0.3092,230251970.0,42448708.0
0.5713,5411,0.9029,0.1695,0.3084,230251970.0,42450018.0
0.5716,5412,0.9031,0.1694,0.3084,230269262.0,42450018.0
0.5732,5413,0.9032,0.1696,0.3077,230269262.0,42458073.0
0.5734,5414,0.9034,0.1696,0.3077,230572981.0,42458073.0
0.5738,5415,0.9036,0.1697,0.3069,230572981.0,42466990.0
0.5746,5416,0.9037,0.1699,0.3062,230572981.0,42973505.0
0.575,5417,0.9039,0.17,0.3054,230572981.0,42995512.0
0.5753,5418,0.9041,0.17,0.3054,230610982.0,42995512.0
0.5759,5419,0.9042,0.1701,0.3047,230610982.0,43020691.0
0.5775,5420,0.9044,0.1703,0.3039,230610982.0,43044112.0
0.5802,5421,0.9046,0.1704,0.3032,230610982.0,43092371.0
0.5839,5422,0.9047,0.1704,0.3032,230612995.0,43092371.0
0.5854,5423,0.9049,0.1706,0.3024,230612995.0,43122113.0
0.5854,5424,0.9051,0.1707,0.3017,230612995.0,43326410.0
0.5855,5425,0.9052,0.1707,0.3017,230783480.0,43326410.0
0.5862,5426,0.9054,0.1708,0.3009,230783480.0,43387553.0
0.5878,5427,0.9056,0.171,0.3002,230783480.0,43399139.0
0.5879,5428,0.9057,0.1711,0.2994,230783480.0,43458073.0
0.588,5429,0.9059,0.1713,0.2986,230783480.0,43461790.0
0.5882,5430,0.9061,0.1715,0.2979,230783480.0,43500018.0
0.5886,5431,0.9062,0.1716,0.2971,230783480.0,43636326.0
0.5898,5432,0.9064,0.1718,0.2964,230783480.0,43696074.0
0.5903,5433,0.9066,0.1719,0.2956,230783480.0,43714429.0
0.5909,5434,0.9067,0.1721,0.2949,230783480.0,43714579.0
0.5914,5435,0.9069,0.1722,0.2941,230783480.0,43805055.0
0.5924,5436,0.9071,0.1724,0.2934,230783480.0,43813612.0
0.5935,5437,0.9072,0.1723,0.2934,230891660.0,43813612.0
0.5937,5438,0.9074,0.1723,0.2934,230911815.0,43813612.0
0.5946,5439,0.9076,0.1723,0.2934,230921118.0,43813612.0
0.597,5440,0.9077,0.1722,0.2934,230922778.0,43813612.0
0.5975,5441,0.9079,0.1722,0.2934,230924520.0,43813612.0
0.5976,5442,0.9081,0.1722,0.2934,230941821.0,43813612.0
0.5981,5443,0.9082,0.1723,0.2926,230941821.0,43861599.0
0.5981,5444,0.9084,0.1725,0.2919,230941821.0,43951825.0
0.5983,5445,0.9086,0.1726,0.2911,230941821.0,44042647.0
0.5988,5446,0.9087,0.1726,0.2911,230998072.0,44042647.0
0.5988,5447,0.9089,0.1726,0.2911,231006051.0,44042647.0
0.6004,5448,0.9091,0.1727,0.2903,231006051.0,44072421.0
0.602,5449,0.9092,0.1727,0.2903,231034005.0,44072421.0
0.6023,5450,0.9094,0.1727,0.2903,231043085.0,44072421.0
0.6031,5451,0.9096,0.1728,0.2896,231043085.0,44152050.0
0.6047,5452,0.9097,0.1728,0.2896,231093031.0,44152050.0
0.6049,5453,0.9099,0.1729,0.2888,231093031.0,44169831.0
0.6052,5454,0.9101,0.1729,0.2888,231100220.0,44169831.0
0.6052,5455,0.9102,0.1729,0.2888,231159070.0,44169831.0
0.6069,5456,0.9104,0.173,0.2881,231159070.0,44186773.0
0.607,5457,0.9106,0.1732,0.2873,231159070.0,44195130.0
0.6083,5458,0.9107,0.1731,0.2873,231213576.0,44195130.0
0.6101,5459,0.9109,0.1733,0.2866,231213576.0,44245003.0
0.6106,5460,0.9111,0.1734,0.2858,231213576.0,44384986.0
0.6117,5461,0.9112,0.1736,0.2851,231213576.0,44463860.0
0.6118,5462,0.9114,0.1737,0.2843,231213576.0,44499851.0
0.6123,5463,0.9116,0.1737,0.2843,231223246.0,44499851.0
0.6123,5464,0.9117,0.1737,0.2843,231261987.0,44499851.0
0.6133,5465,0.9119,0.1738,0.2836,231261987.0,44600155.0
0.6134,5466,0.9121,0.1738,0.2836,231291931.0,44600155.0
0.6134,5467,0.9122,0.174,0.2828,231291931.0,44627703.0
0.6137,5468,0.9124,0.1741,0.2821,231291931.0,44679765.0
0.615,5469,0.9126,0.1743,0.2813,231291931.0,44711967.0
0.6156,5470,0.9127,0.1744,0.2805,231291931.0,44723041.0
0.6164,5471,0.9129,0.1746,0.2798,231291931.0,44738598.0
0.6165,5472,0.9131,0.1745,0.2798,231387857.0,44738598.0
0.6171,5473,0.9132,0.1745,0.2798,231411911.0,44738598.0
0.6173,5474,0.9134,0.1745,0.2798,231426291.0,44738598.0
0.6179,5475,0.9136,0.1746,0.279,231426291.0,44744297.0
0.6196,5476,0.9137,0.1748,0.2783,231426291.0,44763698.0
0.6202,5477,0.9139,0.1749,0.2775,231426291.0,44767929.0
0.6206,5478,0.9141,0.1749,0.2775,231482976.0,44767929.0
0.6206,5479,0.9142,0.1748,0.2775,231483276.0,44767929.0
0.6211,5480,0.9144,0.175,0.2768,231483276.0,44923280.0
0.6212,5481,0.9146,0.175,0.2768,231643465.0,44923280.0
0.6214,5482,0.9147,0.1749,0.2768,231644465.0,44923280.0
0.6215,5483,0.9149,0.1749,0.2768,231714172.0,44923280.0
0.622,5484,0.9151,0.1749,0.2768,231720103.0,44923280.0
0.622,5485,0.9152,0.175,0.276,231720103.0,44928893.0
0.6222,5486,0.9154,0.1752,0.2753,231720103.0,45154888.0
0.6223,5487,0.9156,0.1753,0.2745,231720103.0,45225547.0
0.6227,5488,0.9157,0.1755,0.2738,231720103.0,45245561.0
0.6228,5489,0.9159,0.1756,0.273,231720103.0,45295906.0
0.6229,5490,0.9161,0.1758,0.2722,231720103.0,45377618.0
0.6237,5491,0.9162,0.1759,0.2715,231720103.0,45407942.0
0.6238,5492,0.9164,0.1759,0.2715,231739278.0,45407942.0
0.6242,5493,0.9166,0.176,0.2707,231739278.0,45446312.0
0.6244,5494,0.9167,0.1762,0.27,231739278.0,45494595.0
0.6245,5495,0.9169,0.1762,0.27,231823908.0,45494595.0
0.6246,5496,0.9171,0.1761,0.27,231853516.0,45494595.0
0.6248,5497,0.9172,0.1761,0.27,231878790.0,45494595.0
0.6249,5498,0.9174,0.1762,0.2692,231878790.0,45729347.0
0.6262,5499,0.9176,0.1764,0.2685,231878790.0,45730847.0
0.6275,5500,0.9177,0.1765,0.2677,231878790.0,45735590.0
0.6292,5501,0.9179,0.1767,0.267,231878790.0,45738767.0
0.6298,5502,0.9181,0.1768,0.2662,231878790.0,45794104.0
0.6299,5503,0.9182,0.177,0.2655,231878790.0,46293128.0
0.6301,5504,0.9184,0.177,0.2655,231925014.0,46293128.0
0.6301,5505,0.9186,0.1769,0.2655,231945563.0,46293128.0
0.6303,5506,0.9187,0.1771,0.2647,231945563.0,46308922.0
0.6303,5507,0.9189,0.1772,0.264,231945563.0,46336705.0
0.6308,5508,0.9191,0.1774,0.2632,231945563.0,46602975.0
0.6309,5509,0.9192,0.1775,0.2624,231945563.0,46723819.0
0.6313,5510,0.9194,0.1775,0.2624,231992476.0,46723819.0
0.6314,5511,0.9196,0.1775,0.2624,231997492.0,46723819.0
0.6315,5512,0.9197,0.1776,0.2617,231997492.0,46821350.0
0.632,5513,0.9199,0.1776,0.2617,232041025.0,46821350.0
0.6325,5514,0.9201,0.1775,0.2617,232059300.0,46821350.0
0.6327,5515,0.9202,0.1777,0.2609,232059300.0,46898492.0
0.6335,5516,0.9204,0.1777,0.2609,232315702.0,46898492.0
0.6335,5517,0.9206,0.1776,0.2609,232324054.0,46898492.0
0.6336,5518,0.9207,0.1776,0.2609,232374637.0,46898492.0
0.6341,5519,0.9209,0.1776,0.2609,232543138.0,46898492.0
0.6342,5520,0.9211,0.1777,0.2602,232543138.0,46925119.0
0.6342,5521,0.9212,0.1777,0.2602,232592582.0,46925119.0
0.6342,5522,0.9214,0.1778,0.2594,232592582.0,47153562.0
0.6358,5523,0.9216,0.178,0.2587,232592582.0,47276810.0
0.6359,5524,0.9217,0.178,0.2587,232623155.0,47276810.0
0.636,5525,0.9219,0.1781,0.2579,232623155.0,47307907.0
0.6377,5526,0.9221,0.1781,0.2579,232624403.0,47307907.0
0.6377,5527,0.9222,0.1782,0.2572,232624403.0,47420807.0
0.6378,5528,0.9224,0.1784,0.2564,232624403.0,47450835.0
0.6381,5529,0.9226,0.1785,0.2557,232624403.0,47465563.0
0.6385,5530,0.9227,0.1787,0.2549,232624403.0,47477064.0
0.6386,5531,0.9229,0.1788,0.2541,232624403.0,47525574.0
0.6387,5532,0.9231,0.179,0.2534,232624403.0,47625574.0
0.6389,5533,0.9232,0.1791,0.2526,232624403.0,47727003.0
0.6391,5534,0.9234,0.1793,0.2519,232624403.0,47753002.0
0.6391,5535,0.9236,0.1794,0.2511,232624403.0,47855066.0
0.6395,5536,0.9237,0.1796,0.2504,232624403.0,47886153.0
0.6406,5537,0.9239,0.1797,0.2496,232624403.0,47963049.0
0.6406,5538,0.9241,0.1797,0.2496,232776067.0,47963049.0
0.6422,5539,0.9242,0.1798,0.2489,232776067.0,47992461.0
0.6425,5540,0.9244,0.1798,0.2489,232802479.0,47992461.0
0.6426,5541,0.9246,0.1799,0.2481,232802479.0,48041129.0
0.6428,5542,0.9247,0.1801,0.2474,232802479.0,48108634.0
0.6443,5543,0.9249,0.18,0.2474,232805671.0,48108634.0
0.6445,5544,0.9251,0.1802,0.2466,232805671.0,48157015.0
0.6452,5545,0.9252,0.1803,0.2459,232805671.0,48188761.0
0.6452,5546,0.9254,0.1805,0.2451,232805671.0,48269695.0
0.6454,5547,0.9256,0.1805,0.2451,232805821.0,48269695.0
0.6458,5548,0.9257,0.1806,0.2443,232805821.0,48304165.0
0.6459,5549,0.9259,0.1806,0.2443,232866227.0,48304165.0
0.6473,5550,0.9261,0.1807,0.2436,232866227.0,48352950.0
0.6474,5551,0.9262,0.1809,0.2428,232866227.0,48401487.0
0.6477,5552,0.9264,0.181,0.2421,232866227.0,48586634.0
0.648,5553,0.9266,0.1812,0.2413,232866227.0,48655032.0
0.6483,5554,0.9267,0.1813,0.2406,232866227.0,48728986.0
0.6488,5555,0.9269,0.1813,0.2406,232930204.0,48728986.0
0.6489,5556,0.9271,0.1814,0.2398,232930204.0,48753510.0
0.6503,5557,0.9272,0.1816,0.2391,232930204.0,48932388.0
0.6504,5558,0.9274,0.1815,0.2391,232998598.0,48932388.0
0.6505,5559,0.9276,0.1815,0.2391,233036192.0,48932388.0
0.6506,5560,0.9277,0.1817,0.2383,233036192.0,48961466.0
0.6521,5561,0.9279,0.1818,0.2376,233036192.0,49031318.0
0.6522,5562,0.9281,0.1819,0.2368,233036192.0,49050114.0
0.6528,5563,0.9282,0.1821,0.236,233036192.0,49056391.0
0.654,5564,0.9284,0.1822,0.2353,233036192.0,49117108.0
0.6543,5565,0.9286,0.1824,0.2345,233036192.0,49235456.0
0.6547,5566,0.9288,0.1825,0.2338,233036192.0,49257820.0
0.6548,5567,0.9289,0.1827,0.233,233036192.0,49287477.0
0.6549,5568,0.9291,0.1827,0.233,233224745.0,49287477.0
0.6554,5569,0.9293,0.1828,0.2323,233224745.0,49412747.0
0.6566,5570,0.9294,0.1828,0.2323,233411542.0,49412747.0
0.6567,5571,0.9296,0.1829,0.2315,233411542.0,49526141.0
0.6572,5572,0.9298,0.1831,0.2308,233411542.0,49550897.0
0.6572,5573,0.9299,0.183,0.2308,233598348.0,49550897.0
0.6576,5574,0.9301,0.183,0.2308,233770442.0,49550897.0
0.6589,5575,0.9303,0.1831,0.23,233770442.0,49657218.0
0.659,5576,0.9304,0.1833,0.2293,233770442.0,49778627.0
0.6593,5577,0.9306,0.1833,0.2293,233771276.0,49778627.0
0.6596,5578,0.9308,0.1832,0.2293,233810033.0,49778627.0
0.6602,5579,0.9309,0.1834,0.2285,233810033.0,49790371.0
0.662,5580,0.9311,0.1835,0.2278,233810033.0,49814452.0
0.6635,5581,0.9313,0.1835,0.2278,233850120.0,49814452.0
0.664,5582,0.9314,0.1834,0.2278,233867043.0,49814452.0
0.6647,5583,0.9316,0.1834,0.2278,233887476.0,49814452.0
0.6651,5584,0.9318,0.1836,0.227,233887476.0,49910701.0
0.6655,5585,0.9319,0.1835,0.227,233898208.0,49910701.0
0.6656,5586,0.9321,0.1837,0.2262,233898208.0,50199286.0
0.6662,5587,0.9323,0.1838,0.2255,233898208.0,50250103.0
0.6662,5588,0.9324,0.184,0.2247,233898208.0,50251303.0
0.6665,5589,0.9326,0.1841,0.224,233898208.0,50386722.0
0.6668,5590,0.9328,0.1841,0.224,233907283.0,50386722.0
0.6669,5591,0.9329,0.184,0.224,234001918.0,50386722.0
0.667,5592,0.9331,0.1842,0.2232,234001918.0,50436029.0
0.6673,5593,0.9333,0.1843,0.2225,234001918.0,50438529.0
0.6673,5594,0.9334,0.1845,0.2217,234001918.0,50486114.0
0.6675,5595,0.9336,0.1845,0.2217,234003058.0,50486114.0
0.6687,5596,0.9338,0.1846,0.221,234003058.0,50542597.0
0.6689,5597,0.9339,0.1847,0.2202,234003058.0,50563342.0
0.6692,5598,0.9341,0.1849,0.2195,234003058.0,50582359.0
0.6695,5599,0.9343,0.1849,0.2195,234049249.0,50582359.0
0.6698,5600,0.9344,0.185,0.2187,234049249.0,50649322.0
0.6701,5601,0.9346,0.1851,0.2179,234049249.0,50737394.0
0.6704,5602,0.9348,0.1853,0.2172,234049249.0,50739894.0
0.6713,5603,0.9349,0.1854,0.2164,234049249.0,51353754.0
0.6715,5604,0.9351,0.1854,0.2164,234084219.0,51353754.0
0.6715,5605,0.9353,0.1854,0.2164,234221801.0,51353754.0
0.6716,5606,0.9354,0.1853,0.2164,234369511.0,51353754.0
0.6727,5607,0.9356,0.1853,0.2164,234448000.0,51353754.0
0.673,5608,0.9358,0.1854,0.2157,234448000.0,51372032.0
0.6732,5609,0.9359,0.1856,0.2149,234448000.0,51481273.0
0.6739,5610,0.9361,0.1857,0.2142,234448000.0,51543016.0
0.674,5611,0.9363,0.1857,0.2142,234459338.0,51543016.0
0.6742,5612,0.9364,0.1857,0.2142,234651207.0,51543016.0
0.6742,5613,0.9366,0.1858,0.2134,234651207.0,51570474.0
0.6751,5614,0.9368,0.186,0.2127,234651207.0,51625340.0
0.6757,5615,0.9369,0.1859,0.2127,234722735.0,51625340.0
0.6758,5616,0.9371,0.1859,0.2127,234826124.0,51625340.0
0.6759,5617,0.9373,0.1859,0.2127,234834737.0,51625340.0
0.6767,5618,0.9374,0.1858,0.2127,234970542.0,51625340.0
0.677,5619,0.9376,0.186,0.2119,234970542.0,51649081.0
0.6772,5620,0.9378,0.1861,0.2112,234970542.0,51686431.0
0.6779,5621,0.9379,0.1861,0.2112,234979701.0,51686431.0
0.6781,5622,0.9381,0.1862,0.2104,234979701.0,51688931.0
0.6785,5623,0.9383,0.1862,0.2104,234998482.0,51688931.0
0.6792,5624,0.9384,0.1863,0.2097,234998482.0,51804716.0
0.6794,5625,0.9386,0.1863,0.2097,235000982.0,51804716.0
0.6801,5626,0.9388,0.1863,0.2097,235114330.0,51804716.0
0.6807,5627,0.9389,0.1864,0.2089,235114330.0,51831939.0
0.6813,5628,0.9391,0.1864,0.2089,235132574.0,51831939.0
0.6828,5629,0.9393,0.1865,0.2081,235132574.0,51840570.0
0.6831,5630,0.9394,0.1867,0.2074,235132574.0,51879097.0
0.6832,5631,0.9396,0.1868,0.2066,235132574.0,52009646.0
0.6834,5632,0.9398,0.187,0.2059,235132574.0,52103903.0
0.6835,5633,0.9399,0.1869,0.2059,235138175.0,52103903.0
0.6838,5634,0.9401,0.1869,0.2059,235275898.0,52103903.0
0.6839,5635,0.9403,0.1869,0.2059,235302693.0,52103903.0
0.6841,5636,0.9404,0.187,0.2051,235302693.0,52137714.0
0.6844,5637,0.9406,0.187,0.2051,235321689.0,52137714.0
0.6853,5638,0.9408,0.1869,0.2051,235376610.0,52137714.0
0.6859,5639,0.9409,0.1871,0.2044,235376610.0,52429124.0
0.6862,5640,0.9411,0.1871,0.2044,235415059.0,52429124.0
0.6875,5641,0.9413,0.1872,0.2036,235415059.0,52445343.0
0.6875,5642,0.9414,0.1873,0.2029,235415059.0,52475715.0
0.6876,5643,0.9416,0.1873,0.2029,235422627.0,52475715.0
0.6887,5644,0.9418,0.1875,0.2021,235422627.0,52561468.0
0.689,5645,0.9419,0.1876,0.2014,235422627.0,52579258.0
0.6901,5646,0.9421,0.1877,0.2006,235422627.0,52658683.0
0.6904,5647,0.9423,0.1877,0.2006,235444774.0,52658683.0
0.6915,5648,0.9424,0.1879,0.1998,235444774.0,52734745.0
0.6919,5649,0.9426,0.1878,0.1998,235456307.0,52734745.0
0.6924,5650,0.9428,0.188,0.1991,235456307.0,52752256.0
0.6924,5651,0.9429,0.1881,0.1983,235456307.0,52753729.0
0.6934,5652,0.9431,0.1883,0.1976,235456307.0,52891293.0
0.6938,5653,0.9433,0.1884,0.1968,235456307.0,52904013.0
0.694,5654,0.9434,0.1884,0.1968,235484791.0,52904013.0
0.6945,5655,0.9436,0.1885,0.1961,235484791.0,53020941.0
0.6948,5656,0.9438,0.1886,0.1953,235484791.0,53034402.0
0.6955,5657,0.9439,0.1888,0.1946,235484791.0,53036902.0
0.6955,5658,0.9441,0.1889,0.1938,235484791.0,53076888.0
0.6956,5659,0.9443,0.1891,0.1931,235484791.0,53105112.0
0.6962,5660,0.9444,0.1892,0.1923,235484791.0,53263741.0
0.6966,5661,0.9446,0.1894,0.1916,235484791.0,53333743.0
0.697,5662,0.9448,0.1895,0.1908,235484791.0,53360579.0
0.6975,5663,0.9449,0.1897,0.19,235484791.0,53413602.0
0.698,5664,0.9451,0.1898,0.1893,235484791.0,53504234.0
0.6983,5665,0.9453,0.1899,0.1885,235484791.0,53664340.0
0.6985,5666,0.9454,0.1901,0.1878,235484791.0,53795637.0
0.699,5667,0.9456,0.1902,0.187,235484791.0,53823826.0
0.6996,5668,0.9458,0.1904,0.1863,235484791.0,53826326.0
0.6997,5669,0.9459,0.1905,0.1855,235484791.0,53844268.0
0.7,5670,0.9461,0.1905,0.1855,235668151.0,53844268.0
0.7,5671,0.9463,0.1906,0.1848,235668151.0,53844718.0
0.7003,5672,0.9464,0.1908,0.184,235668151.0,54365369.0
0.7006,5673,0.9466,0.1909,0.1833,235668151.0,54379460.0
0.7009,5674,0.9468,0.191,0.1825,235668151.0,54406040.0
0.7014,5675,0.9469,0.191,0.1825,235744691.0,54406040.0
0.7017,5676,0.9471,0.1912,0.1817,235744691.0,54592935.0
0.7022,5677,0.9473,0.1913,0.181,235744691.0,54606682.0
0.7026,5678,0.9474,0.1914,0.1802,235744691.0,54703286.0
0.7028,5679,0.9476,0.1914,0.1802,235922337.0,54703286.0
0.703,5680,0.9478,0.1915,0.1795,235922337.0,54779906.0
0.7041,5681,0.9479,0.1917,0.1787,235922337.0,54810448.0
0.7043,5682,0.9481,0.1917,0.1787,235942167.0,54810448.0
0.7056,5683,0.9483,0.1918,0.178,235942167.0,54819668.0
0.7063,5684,0.9484,0.1918,0.178,235959928.0,54819668.0
0.7065,5685,0.9486,0.1919,0.1772,235959928.0,54881949.0
0.7068,5686,0.9488,0.1919,0.1772,235962428.0,54881949.0
0.7074,5687,0.9489,0.192,0.1765,235962428.0,54888049.0
0.7076,5688,0.9491,0.1922,0.1757,235962428.0,54994390.0
0.7077,5689,0.9493,0.1921,0.1757,235978090.0,54994390.0
0.7087,5690,0.9494,0.1923,0.175,235978090.0,55542941.0
0.7089,5691,0.9496,0.1922,0.175,236014746.0,55542941.0
0.7098,5692,0.9498,0.1924,0.1742,236014746.0,55588811.0
0.7099,5693,0.9499,0.1923,0.1742,236113352.0,55588811.0
0.7106,5694,0.9501,0.1923,0.1742,236452762.0,55588811.0
0.7107,5695,0.9503,0.1924,0.1735,236452762.0,55637408.0
0.7107,5696,0.9504,0.1926,0.1727,236452762.0,55704260.0
0.7108,5697,0.9506,0.1926,0.1727,236509838.0,55704260.0
0.7135,5698,0.9508,0.1925,0.1727,236512760.0,55704260.0
0.7137,5699,0.9509,0.1925,0.1727,236598774.0,55704260.0
0.7143,5700,0.9511,0.1925,0.1727,236617507.0,55704260.0
0.7145,5701,0.9513,0.1924,0.1727,236633406.0,55704260.0
0.7152,5702,0.9514,0.1926,0.1719,236633406.0,55760262.0
0.7168,5703,0.9516,0.1927,0.1712,236633406.0,55780037.0
0.7174,5704,0.9518,0.1928,0.1704,236633406.0,55801804.0
0.7175,5705,0.9519,0.193,0.1697,236633406.0,55835670.0
0.7178,5706,0.9521,0.1931,0.1689,236633406.0,55852148.0
0.7181,5707,0.9523,0.1931,0.1689,236643476.0,55852148.0
0.7187,5708,0.9524,0.1931,0.1689,236678018.0,55852148.0
0.7193,5709,0.9526,0.1932,0.1682,236678018.0,55874588.0
0.7193,5710,0.9528,0.1933,0.1674,236678018.0,55884573.0
0.7196,5711,0.9529,0.1935,0.1667,236678018.0,55949885.0
0.7199,5712,0.9531,0.1936,0.1659,236678018.0,55986037.0
0.7201,5713,0.9533,0.1938,0.1652,236678018.0,56060897.0
0.7202,5714,0.9534,0.1939,0.1644,236678018.0,56080988.0
0.7202,5715,0.9536,0.1941,0.1637,236678018.0,56109061.0
0.7206,5716,0.9538,0.1942,0.1629,236678018.0,56127353.0
0.7207,5717,0.9539,0.1943,0.1621,236678018.0,56223991.0
0.7211,5718,0.9541,0.1943,0.1621,236719192.0,56223991.0
0.7212,5719,0.9543,0.1944,0.1614,236719192.0,56312719.0
0.7214,5720,0.9544,0.1944,0.1614,236730595.0,56312719.0
0.7216,5721,0.9546,0.1944,0.1614,236870922.0,56312719.0
0.7218,5722,0.9548,0.1945,0.1606,236870922.0,56509698.0
0.7225,5723,0.9549,0.1947,0.1599,236870922.0,56512198.0
0.723,5724,0.9551,0.1948,0.1591,236870922.0,56540173.0
0.723,5725,0.9553,0.1949,0.1584,236870922.0,56612558.0
0.7231,5726,0.9554,0.1951,0.1576,236870922.0,56640764.0
0.7232,5727,0.9556,0.195,0.1576,236905362.0,56640764.0
0.7235,5728,0.9558,0.1952,0.1569,236905362.0,56643264.0
0.7237,5729,0.9559,0.1951,0.1569,236947442.0,56643264.0
0.7239,5730,0.9561,0.1951,0.1569,236957241.0,56643264.0
0.7249,5731,0.9563,0.1951,0.1569,236960230.0,56643264.0
0.7251,5732,0.9564,0.1952,0.1561,236960230.0,56770013.0
0.7253,5733,0.9566,0.1954,0.1554,236960230.0,56772742.0
0.7254,5734,0.9568,0.1955,0.1546,236960230.0,56798110.0
0.7262,5735,0.9569,0.1955,0.1546,237007239.0,56798110.0
0.7274,5736,0.9571,0.1956,0.1538,237007239.0,57030154.0
0.7275,5737,0.9573,0.1957,0.1531,237007239.0,57134805.0
0.729,5738,0.9575,0.1957,0.1531,237151494.0,57134805.0
0.7297,5739,0.9576,0.1959,0.1523,237151494.0,57143628.0
0.7297,5740,0.9578,0.1958,0.1523,237158980.0,57143628.0
0.7301,5741,0.958,0.1958,0.1523,237231654.0,57143628.0
0.7303,5742,0.9581,0.1958,0.1523,237257817.0,57143628.0
0.7307,5743,0.9583,0.1959,0.1516,237257817.0,57177627.0
0.7308,5744,0.9585,0.1959,0.1516,237448489.0,57177627.0
0.731,5745,0.9586,0.1958,0.1516,237451716.0,57177627.0
0.7314,5746,0.9588,0.196,0.1508,237451716.0,57200691.0
0.7316,5747,0.959,0.1961,0.1501,237451716.0,57325407.0
0.7321,5748,0.9591,0.1962,0.1493,237451716.0,57342133.0
0.7349,5749,0.9593,0.1964,0.1486,237451716.0,57357206.0
0.7351,5750,0.9595,0.1965,0.1478,237451716.0,57403595.0
0.7355,5751,0.9596,0.1965,0.1478,237636827.0,57403595.0
0.7356,5752,0.9598,0.1965,0.1478,237665434.0,57403595.0
0.736,5753,0.96,0.1964,0.1478,237795162.0,57403595.0
0.7362,5754,0.9601,0.1966,0.1471,237795162.0,57405257.0
0.7366,5755,0.9603,0.1967,0.1463,237795162.0,57430998.0
0.737,5756,0.9605,0.1968,0.1456,237795162.0,57456159.0
0.7371,5757,0.9606,0.197,0.1448,237795162.0,57561326.0
0.7376,5758,0.9608,0.1971,0.144,237795162.0,57708586.0
0.7377,5759,0.961,0.1971,0.144,237849475.0,57708586.0
0.7385,5760,0.9611,0.1972,0.1433,237849475.0,57742285.0
0.7386,5761,0.9613,0.1974,0.1425,237849475.0,57768327.0
0.7388,5762,0.9615,0.1973,0.1425,237899436.0,57768327.0
0.7389,5763,0.9616,0.1975,0.1418,237899436.0,57775070.0
0.7399,5764,0.9618,0.1976,0.141,237899436.0,57791579.0
0.7406,5765,0.962,0.1977,0.1403,237899436.0,57888477.0
0.7408,5766,0.9621,0.1979,0.1395,237899436.0,58079614.0
0.7408,5767,0.9623,0.198,0.1388,237899436.0,58082344.0
0.7411,5768,0.9625,0.1982,0.138,237899436.0,58169543.0
0.7412,5769,0.9626,0.1981,0.138,237925779.0,58169543.0
0.7414,5770,0.9628,0.1983,0.1373,237925779.0,58173526.0
0.7428,5771,0.963,0.1984,0.1365,237925779.0,58175623.0
0.7433,5772,0.9631,0.1984,0.1365,238002875.0,58175623.0
0.7439,5773,0.9633,0.1985,0.1357,238002875.0,58251067.0
0.744,5774,0.9635,0.1985,0.1357,238059147.0,58251067.0
0.7441,5775,0.9636,0.1986,0.135,238059147.0,58351161.0
0.7447,5776,0.9638,0.1988,0.1342,238059147.0,58352361.0
0.7447,5777,0.964,0.1989,0.1335,238059147.0,58407294.0
0.7447,5778,0.9641,0.1989,0.1335,238084021.0,58407294.0
0.7449,5779,0.9643,0.1988,0.1335,238306439.0,58407294.0
0.7455,5780,0.9645,0.199,0.1327,238306439.0,58441653.0
0.7458,5781,0.9646,0.1991,0.132,238306439.0,58541900.0
0.7459,5782,0.9648,0.1991,0.132,238344009.0,58541900.0
0.746,5783,0.965,0.1992,0.1312,238344009.0,58554794.0
0.7462,5784,0.9651,0.1992,0.1312,238367696.0,58554794.0
0.7463,5785,0.9653,0.1991,0.1312,238368096.0,58554794.0
0.7464,5786,0.9655,0.1993,0.1305,238368096.0,58585409.0
0.7466,5787,0.9656,0.1994,0.1297,238368096.0,58656995.0
0.7469,5788,0.9658,0.1996,0.129,238368096.0,58849649.0
0.7471,5789,0.966,0.1995,0.129,238469526.0,58849649.0
0.7474,5790,0.9661,0.1997,0.1282,238469526.0,58852149.0
0.748,5791,0.9663,0.1996,0.1282,238512409.0,58852149.0
0.748,5792,0.9665,0.1996,0.1282,238643228.0,58852149.0
0.748,5793,0.9666,0.1997,0.1275,238643228.0,58894453.0
0.7486,5794,0.9668,0.1999,0.1267,238643228.0,59198493.0
0.7488,5795,0.967,0.2,0.1259,238643228.0,59391605.0
0.7505,5796,0.9671,0.2001,0.1252,238643228.0,59401750.0
0.7524,5797,0.9673,0.2003,0.1244,238643228.0,59419247.0
0.7532,5798,0.9675,0.2004,0.1237,238643228.0,59423942.0
0.7532,5799,0.9676,0.2006,0.1229,238643228.0,59477791.0
0.755,5800,0.9678,0.2005,0.1229,238670897.0,59477791.0
0.7551,5801,0.968,0.2007,0.1222,238670897.0,59648278.0
0.7553,5802,0.9681,0.2006,0.1222,238689096.0,59648278.0
0.7559,5803,0.9683,0.2008,0.1214,238689096.0,59662606.0
0.7565,5804,0.9685,0.2007,0.1214,238702431.0,59662606.0
0.7566,5805,0.9686,0.2009,0.1207,238702431.0,59691692.0
0.7569,5806,0.9688,0.201,0.1199,238702431.0,59771642.0
0.7592,5807,0.969,0.2011,0.1192,238702431.0,59838848.0
0.7593,5808,0.9691,0.2013,0.1184,238702431.0,59864409.0
0.7596,5809,0.9693,0.2014,0.1176,238702431.0,59914442.0
0.7598,5810,0.9695,0.2015,0.1169,238702431.0,59923565.0
0.7615,5811,0.9696,0.2017,0.1161,238702431.0,60077363.0
0.7619,5812,0.9698,0.2018,0.1154,238702431.0,60116952.0
0.7626,5813,0.97,0.2018,0.1154,239088732.0,60116952.0
0.7633,5814,0.9701,0.2019,0.1146,239088732.0,60197939.0
0.7636,5815,0.9703,0.2021,0.1139,239088732.0,60210419.0
0.7638,5816,0.9705,0.2022,0.1131,239088732.0,60217548.0
0.7648,5817,0.9706,0.2022,0.1131,239197611.0,60217548.0
0.7651,5818,0.9708,0.2023,0.1124,239197611.0,60402309.0
0.7652,5819,0.971,0.2024,0.1116,239197611.0,60418441.0
0.7652,5820,0.9711,0.2026,0.1109,239197611.0,60436334.0
0.7654,5821,0.9713,0.2027,0.1101,239197611.0,60452715.0
0.7654,5822,0.9715,0.2029,0.1094,239197611.0,60469486.0
0.7665,5823,0.9716,0.203,0.1086,239197611.0,60502638.0
0.7666,5824,0.9718,0.2031,0.1078,239197611.0,60547257.0
0.767,5825,0.972,0.2033,0.1071,239197611.0,60569243.0
0.7674,5826,0.9721,0.2034,0.1063,239197611.0,60645551.0
0.768,5827,0.9723,0.2035,0.1056,239197611.0,60664892.0
0.7692,5828,0.9725,0.2035,0.1056,239202782.0,60664892.0
0.7702,5829,0.9726,0.2035,0.1056,239244537.0,60664892.0
0.7703,5830,0.9728,0.2036,0.1048,239244537.0,60676229.0
0.7719,5831,0.973,0.2037,0.1041,239244537.0,60709827.0
0.7728,5832,0.9731,0.2039,0.1033,239244537.0,60869561.0
0.7739,5833,0.9733,0.204,0.1026,239244537.0,60894459.0
0.7739,5834,0.9735,0.2041,0.1018,239244537.0,60909209.0
0.7741,5835,0.9736,0.2043,0.1011,239244537.0,60966686.0
0.7743,5836,0.9738,0.2044,0.1003,239244537.0,60972764.0
0.7745,5837,0.974,0.2046,0.0995,239244537.0,61059821.0
0.7749,5838,0.9741,0.2045,0.0995,239361814.0,61059821.0
0.776,5839,0.9743,0.2047,0.0988,239361814.0,61081355.0
0.776,5840,0.9745,0.2046,0.0988,239381735.0,61081355.0
0.776,5841,0.9746,0.2048,0.098,239381735.0,61206135.0
0.7763,5842,0.9748,0.2049,0.0973,239381735.0,61338044.0
0.7773,5843,0.975,0.2049,0.0973,239678400.0,61338044.0
0.7774,5844,0.9751,0.205,0.0965,239678400.0,61379784.0
0.7778,5845,0.9753,0.2051,0.0958,239678400.0,61381734.0
0.7779,5846,0.9755,0.2053,0.095,239678400.0,61513598.0
0.7784,5847,0.9756,0.2054,0.0943,239678400.0,61587896.0
0.7785,5848,0.9758,0.2055,0.0935,239678400.0,61610509.0
0.7786,5849,0.976,0.2057,0.0928,239678400.0,61648559.0
0.7787,5850,0.9761,0.2058,0.092,239678400.0,61662860.0
0.7789,5851,0.9763,0.2059,0.0913,239678400.0,61679409.0
0.7789,5852,0.9765,0.2059,0.0913,239754019.0,61679409.0
0.7793,5853,0.9766,0.206,0.0905,239754019.0,61764425.0
0.7795,5854,0.9768,0.2062,0.0897,239754019.0,61821186.0
0.7797,5855,0.977,0.2063,0.089,239754019.0,61862943.0
0.7801,5856,0.9771,0.2065,0.0882,239754019.0,61916740.0
0.7803,5857,0.9773,0.2066,0.0875,239754019.0,61937087.0
0.7808,5858,0.9775,0.2067,0.0867,239754019.0,61957888.0
0.7812,5859,0.9776,0.2069,0.086,239754019.0,62003628.0
0.7825,5860,0.9778,0.207,0.0852,239754019.0,62146531.0
0.7827,5861,0.978,0.207,0.0852,239889968.0,62146531.0
0.7829,5862,0.9781,0.2071,0.0845,239889968.0,62176309.0
0.7832,5863,0.9783,0.2072,0.0837,239889968.0,62216963.0
0.7833,5864,0.9785,0.2074,0.083,239889968.0,62355143.0
0.7841,5865,0.9786,0.2075,0.0822,239889968.0,62421691.0
0.7858,5866,0.9788,0.2076,0.0814,239889968.0,62424091.0
0.7865,5867,0.979,0.2078,0.0807,239889968.0,62427553.0
0.7871,5868,0.9791,0.2079,0.0799,239889968.0,62463163.0
0.7878,5869,0.9793,0.208,0.0792,239889968.0,62483095.0
0.7879,5870,0.9795,0.208,0.0792,239927498.0,62483095.0
0.7883,5871,0.9796,0.208,0.0792,239942853.0,62483095.0
0.7887,5872,0.9798,0.2081,0.0784,239942853.0,62493941.0
0.789,5873,0.98,0.2082,0.0777,239942853.0,62496441.0
0.7891,5874,0.9801,0.2082,0.0777,239999381.0,62496441.0
0.7891,5875,0.9803,0.2083,0.0769,239999381.0,62545642.0
0.7897,5876,0.9805,0.2083,0.0769,240025700.0,62545642.0
0.7901,5877,0.9806,0.2084,0.0762,240025700.0,62567643.0
0.7904,5878,0.9808,0.2086,0.0754,240025700.0,62579967.0
0.7905,5879,0.981,0.2087,0.0747,240025700.0,62612866.0
0.7906,5880,0.9811,0.2088,0.0739,240025700.0,62639648.0
0.7909,5881,0.9813,0.209,0.0732,240025700.0,62647158.0
0.792,5882,0.9815,0.2091,0.0724,240025700.0,62691647.0
0.793,5883,0.9816,0.2092,0.0716,240025700.0,63097013.0
0.7937,5884,0.9818,0.2094,0.0709,240025700.0,63235392.0
0.7942,5885,0.982,0.2095,0.0701,240025700.0,63283690.0
0.7943,5886,0.9821,0.2097,0.0694,240025700.0,63323324.0
0.7944,5887,0.9823,0.2096,0.0694,240076447.0,63323324.0
0.7945,5888,0.9825,0.2097,0.0686,240076447.0,63418227.0
0.7945,5889,0.9826,0.2099,0.0679,240076447.0,63688358.0
0.7957,5890,0.9828,0.2098,0.0679,240106523.0,63688358.0
0.7958,5891,0.983,0.21,0.0671,240106523.0,63688958.0
0.7958,5892,0.9831,0.2101,0.0664,240106523.0,63712226.0
0.7959,5893,0.9833,0.2101,0.0664,240121072.0,63712226.0
0.7963,5894,0.9835,0.2102,0.0656,240121072.0,63721566.0
0.797,5895,0.9836,0.2102,0.0656,240134624.0,63721566.0
0.7976,5896,0.9838,0.2103,0.0649,240134624.0,63740151.0
0.7983,5897,0.984,0.2103,0.0649,240150690.0,63740151.0
0.7991,5898,0.9841,0.2104,0.0641,240150690.0,63809010.0
0.7993,5899,0.9843,0.2105,0.0633,240150690.0,63863414.0
0.8002,5900,0.9845,0.2107,0.0626,240150690.0,63873298.0
0.8004,5901,0.9846,0.2108,0.0618,240150690.0,63927549.0
0.8007,5902,0.9848,0.2109,0.0611,240150690.0,64103453.0
0.8012,5903,0.985,0.2111,0.0603,240150690.0,64126531.0
0.8013,5904,0.9851,0.2112,0.0596,240150690.0,64153989.0
0.8014,5905,0.9853,0.2113,0.0588,240150690.0,64166226.0
0.8016,5906,0.9855,0.2115,0.0581,240150690.0,64172030.0
0.8017,5907,0.9856,0.2116,0.0573,240150690.0,64216377.0
0.8028,5908,0.9858,0.2116,0.0573,240226096.0,64216377.0
0.8059,5909,0.986,0.2117,0.0566,240226096.0,64327196.0
0.8061,5910,0.9862,0.2118,0.0558,240226096.0,64397624.0
0.8067,5911,0.9863,0.212,0.0551,240226096.0,64447865.0
0.807,5912,0.9865,0.2121,0.0543,240226096.0,64450415.0
0.8072,5913,0.9867,0.2122,0.0535,240226096.0,64452815.0
0.8072,5914,0.9868,0.2122,0.0535,240300128.0,64452815.0
0.8073,5915,0.987,0.2122,0.0535,240596701.0,64452815.0
0.8076,5916,0.9872,0.2123,0.0528,240596701.0,64540884.0
0.8079,5917,0.9873,0.2124,0.052,240596701.0,64582679.0
0.8086,5918,0.9875,0.2126,0.0513,240596701.0,64588865.0
0.8086,5919,0.9877,0.2125,0.0513,240599291.0,64588865.0
0.8089,5920,0.9878,0.2127,0.0505,240599291.0,64596045.0
0.8089,5921,0.988,0.2126,0.0505,240608171.0,64596045.0
0.8099,5922,0.9882,0.2128,0.0498,240608171.0,64693764.0
0.8101,5923,0.9883,0.2127,0.0498,240617915.0,64693764.0
0.8109,5924,0.9885,0.2129,0.049,240617915.0,64696164.0
0.8112,5925,0.9887,0.213,0.0483,240617915.0,64778336.0
0.8114,5926,0.9888,0.2131,0.0475,240617915.0,64790586.0
0.8121,5927,0.989,0.2133,0.0468,240617915.0,64827746.0
0.8127,5928,0.9892,0.2134,0.046,240617915.0,64869847.0
0.8127,5929,0.9893,0.2135,0.0452,240617915.0,64948510.0
0.8136,5930,0.9895,0.2137,0.0445,240617915.0,64954507.0
0.8136,5931,0.9897,0.2138,0.0437,240617915.0,64957387.0
0.8145,5932,0.9898,0.2139,0.043,240617915.0,64959787.0
0.8152,5933,0.99,0.2141,0.0422,240617915.0,64988734.0
0.8154,5934,0.9902,0.2142,0.0415,240617915.0,65027217.0
0.8158,5935,0.9903,0.2143,0.0407,240617915.0,65072908.0
0.8159,5936,0.9905,0.2145,0.04,240617915.0,65090648.0
0.8162,5937,0.9907,0.2146,0.0392,240617915.0,65105056.0
0.8168,5938,0.9908,0.2146,0.0392,240621082.0,65105056.0
0.8169,5939,0.991,0.2147,0.0385,240621082.0,65111071.0
0.817,5940,0.9912,0.2148,0.0377,240621082.0,65116837.0
0.8176,5941,0.9913,0.2149,0.037,240621082.0,65169853.0
0.8176,5942,0.9915,0.2151,0.0362,240621082.0,65243112.0
0.8181,5943,0.9917,0.215,0.0362,240694703.0,65243112.0
0.8191,5944,0.9918,0.2152,0.0354,240694703.0,65249581.0
0.8196,5945,0.992,0.2153,0.0347,240694703.0,65311592.0
0.8211,5946,0.9922,0.2154,0.0339,240694703.0,65358835.0
0.8225,5947,0.9923,0.2156,0.0332,240694703.0,65373841.0
0.8229,5948,0.9925,0.2157,0.0324,240694703.0,65382734.0
0.8244,5949,0.9927,0.2158,0.0317,240694703.0,65409175.0
0.8252,5950,0.9928,0.216,0.0309,240694703.0,65411570.0
0.8253,5951,0.993,0.2161,0.0302,240694703.0,65454927.0
0.8254,5952,0.9932,0.2162,0.0294,240694703.0,65500015.0
0.8257,5953,0.9933,0.2164,0.0287,240694703.0,65507298.0
0.8259,5954,0.9935,0.2165,0.0279,240694703.0,65522169.0
0.8259,5955,0.9937,0.2166,0.0271,240694703.0,65565483.0
0.8273,5956,0.9938,0.2166,0.0271,240695453.0,65565483.0
0.8289,5957,0.994,0.2167,0.0264,240695453.0,65580818.0
0.8295,5958,0.9942,0.2169,0.0256,240695453.0,65584024.0
0.8298,5959,0.9943,0.217,0.0249,240695453.0,65586524.0
0.8307,5960,0.9945,0.2171,0.0241,240695453.0,65602479.0
0.831,5961,0.9947,0.2172,0.0234,240695453.0,65936873.0
0.8321,5962,0.9948,0.2174,0.0226,240695453.0,65947385.0
0.8338,5963,0.995,0.2175,0.0219,240695453.0,65948435.0
0.8348,5964,0.9952,0.2176,0.0211,240695453.0,65974302.0
0.8359,5965,0.9953,0.2178,0.0204,240695453.0,65984857.0
0.8364,5966,0.9955,0.2179,0.0196,240695453.0,65997233.0
0.8364,5967,0.9957,0.218,0.0189,240695453.0,66009895.0
0.8366,5968,0.9958,0.2182,0.0181,240695453.0,66074034.0
0.8368,5969,0.996,0.2183,0.0173,240695453.0,66076434.0
0.8369,5970,0.9962,0.2184,0.0166,240695453.0,66120641.0
0.8369,5971,0.9963,0.2186,0.0158,240695453.0,66135887.0
0.8369,5972,0.9965,0.2187,0.0151,240695453.0,66138287.0
0.8386,5973,0.9967,0.2188,0.0143,240695453.0,66325125.0
0.8418,5974,0.9968,0.2189,0.0136,240695453.0,66343005.0
0.8434,5975,0.997,0.2191,0.0128,240695453.0,66588198.0
0.8441,5976,0.9972,0.2192,0.0121,240695453.0,66597293.0
0.849,5977,0.9973,0.2192,0.0121,240715648.0,66597293.0
0.8501,5978,0.9975,0.2193,0.0113,240715648.0,66612382.0
0.8509,5979,0.9977,0.2194,0.0106,240715648.0,66972405.0
0.8512,5980,0.9978,0.2196,0.0098,240715648.0,66974705.0
0.8515,5981,0.998,0.2197,0.009,240715648.0,66995097.0
0.8546,5982,0.9982,0.2198,0.0083,240715648.0,66997597.0
0.8555,5983,0.9983,0.22,0.0075,240715648.0,67002597.0
0.8569,5984,0.9985,0.2201,0.0068,240715648.0,67005084.0
0.8573,5985,0.9987,0.2202,0.006,240715648.0,67007484.0
0.8631,5986,0.9988,0.2203,0.0053,240715648.0,67009966.0
0.8635,5987,0.999,0.2205,0.0045,240715648.0,67012366.0
0.8652,5988,0.9992,0.2206,0.0038,240715648.0,67014866.0
0.8674,5989,0.9993,0.2207,0.003,240715648.0,67017366.0
0.8684,5990,0.9995,0.2209,0.0023,240715648.0,67018416.0
0.8699,5991,0.9997,0.221,0.0015,240715648.0,67023416.0
0.8764,5992,0.9998,0.2211,0.0008,240715648.0,67025816.0
0.8764,5993,1.0,0.2213,0.0,240715648.0,67028316.0
